rotulo,ordem,autor_codigo,autor
PDL 35/2000,1,287,ALAN LOPES
PDL 35/2000,2,2153,RODRIGO GOULART
PDL 35/2000,3,2213,FARIA DE SÁ
PDL 58/2012,1,261,JOSE AMERICO
PDL 30/2015,1,187,GILSON BARRETO
PDL 30/2015,2,224,AURÉLIO NOMURA
PDL 30/2015,3,1300,CLAUDINHO DE SOUZA
PDL 30/2015,4,1310,ADOLFO QUINTAS
PDL 30/2015,5,1667,ANIBAL DE FREITAS FILHO
PDL 30/2015,6,1768,SALOMÃO PEREIRA
PDL 30/2015,7,1932,MARIO COVAS NETO
PDL 30/2015,8,1994,ANDREA MATARAZZO
PDL 30/2015,9,1996,EDUARDO TUMA
PDL 30/2015,10,1998,PATRÍCIA BEZERRA
PDL 94/2016,1,155,ARSELINO TATTO
PDL 121/2016,1,1989,GEORGE HATO
PDL 13/2017,1,896,CLAUDIO FONSECA
PDL 15/2017,1,2165,MESA DA CAMARA MUNICIPAL DE SAO PAULO
PDL 49/2017,1,1998,PATRÍCIA BEZERRA
PDL 54/2017,1,1447,ALFREDINHO
PDL 59/2017,1,1990,RICARDO NUNES
PDL 65/2017,1,776,ELISEU GABRIEL
PDL 69/2017,1,1990,RICARDO NUNES
PDL 75/2017,1,2144,FABIO RIVA
PDL 93/2017,1,1989,GEORGE HATO
PDL 96/2017,1,1990,RICARDO NUNES
PDL 19/2018,1,2159,RUTE COSTA
PDL 20/2018,1,2177,MESA DA CAMARA MUNICIPAL DE SAO PAULO
PDL 22/2018,1,2142,ADRIANA RAMALHO
PDL 23/2018,1,1634,JULIANA CARDOSO
PDL 24/2018,1,2145,FERNANDO HOLIDAY
PDL 25/2018,1,796,GILBERTO NATALINI
PDL 26/2018,1,1947,REIS
PDL 27/2018,1,2148,SÂMIA BOMFIM
PDL 28/2018,1,2146,GILBERTO NASCIMENTO
PDL 29/2018,1,776,ELISEU GABRIEL
PDL 30/2018,1,61,"COMISSÃO DE EDUCAÇÃO, CULTURA E ESPORTES"
PDL 32/2018,1,2177,MESA DA CAMARA MUNICIPAL DE SAO PAULO
PDL 33/2018,1,776,ELISEU GABRIEL
PDL 35/2018,1,896,CLAUDIO FONSECA
PDL 36/2018,1,776,ELISEU GABRIEL
PDL 38/2018,1,1989,GEORGE HATO
PDL 43/2018,1,160,EDUARDO MATARAZZO SUPLICY
PDL 44/2018,1,220,TONINHO PAIVA
PDL 45/2018,1,2142,ADRIANA RAMALHO
PDL 46/2018,1,2156,CAIO MIRANDA CARNEIRO
PDL 47/2018,1,2148,SÂMIA BOMFIM
PDL 48/2018,1,1326,QUITO FORMIGA
PDL 49/2018,1,1707,DAVID SOARES
PDL 50/2018,1,1998,PATRÍCIA BEZERRA
PDL 51/2018,1,1999,PROFESSOR TONINHO VESPOLI
PDL 52/2018,1,756,CELSO JATENE
PDL 53/2018,1,1930,OTA
PDL 54/2018,1,2142,ADRIANA RAMALHO
PDL 55/2018,1,1326,QUITO FORMIGA
PDL 56/2018,1,220,TONINHO PAIVA
PDL 57/2018,1,155,ARSELINO TATTO
PDL 57/2018,2,2001,JAIR TATTO
PDL 58/2018,1,224,AURÉLIO NOMURA
PDL 58/2018,2,267,PAULO FRANGE
PDL 58/2018,3,756,CELSO JATENE
PDL 58/2018,4,1296,ADILSON AMADEU
PDL 58/2018,5,1311,ANTONIO DONATO
PDL 59/2018,1,155,ARSELINO TATTO
PDL 59/2018,2,2001,JAIR TATTO
PDL 60/2018,1,1647,EDIR SALES
PDL 61/2018,1,1999,PROFESSOR TONINHO VESPOLI
PDL 62/2018,1,1311,ANTONIO DONATO
PDL 63/2018,1,1319,SONINHA FRANCINE
PDL 64/2018,1,1930,OTA
PDL 65/2018,1,155,ARSELINO TATTO
PDL 66/2018,1,155,ARSELINO TATTO
PDL 67/2018,1,1707,DAVID SOARES
PDL 68/2018,1,220,TONINHO PAIVA
PDL 69/2018,1,2153,RODRIGO GOULART
PDL 70/2018,1,224,AURÉLIO NOMURA
PDL 71/2018,1,1326,QUITO FORMIGA
PDL 72/2018,1,1326,QUITO FORMIGA
PDL 73/2018,1,1316,NOEMI NONATO
PDL 73/2018,2,2147,ISAC FÉLIX
PDL 74/2018,1,1947,REIS
PDL 75/2018,1,273,MILTON LEITE
PDL 76/2018,1,2154,CAMILO CRISTÓFARO
PDL 77/2018,1,2153,RODRIGO GOULART
PDL 78/2018,1,1326,QUITO FORMIGA
PDL 79/2018,1,796,GILBERTO NATALINI
PDL 80/2018,1,796,GILBERTO NATALINI
PDL 81/2018,1,1319,SONINHA FRANCINE
PDL 81/2018,2,2001,JAIR TATTO
PDL 82/2018,1,2147,ISAC FÉLIX
PDL 83/2018,1,1930,OTA
PDL 84/2018,1,187,GILSON BARRETO
PDL 85/2018,1,2148,SÂMIA BOMFIM
PDL 86/2018,1,1996,EDUARDO TUMA
PDL 87/2018,1,2156,CAIO MIRANDA CARNEIRO
PDL 88/2018,1,1305,POLICE
PDL 1/2019,1,756,CELSO JATENE
PDL 2/2019,1,2147,ISAC FÉLIX
PDL 3/2019,1,2154,CAMILO CRISTÓFARO
PDL 4/2019,1,1311,ANTONIO DONATO
PDL 5/2019,1,2185,CELSO GIANNAZI
PDL 6/2019,1,2185,CELSO GIANNAZI
PDL 7/2019,1,160,EDUARDO MATARAZZO SUPLICY
PDL 8/2019,1,1319,SONINHA FRANCINE
PDL 9/2019,1,1947,REIS
PDL 10/2019,1,1447,ALFREDINHO
PDL 11/2019,1,776,ELISEU GABRIEL
PDL 12/2019,1,776,ELISEU GABRIEL
PDL 13/2019,1,1999,PROFESSOR TONINHO VESPOLI
PDL 14/2019,1,2185,CELSO GIANNAZI
PDL 15/2019,1,2185,CELSO GIANNAZI
PDL 16/2019,1,2185,CELSO GIANNAZI
PDL 17/2019,1,2147,ISAC FÉLIX
PDL 18/2019,1,58,"COMISSÃO DE POLÍTICA URBANA, METROPOLITANA E MEIO AMBIENTE"
PDL 19/2019,1,58,"COMISSÃO DE POLÍTICA URBANA, METROPOLITANA E MEIO AMBIENTE"
PDL 20/2019,1,58,"COMISSÃO DE POLÍTICA URBANA, METROPOLITANA E MEIO AMBIENTE"
PDL 21/2019,1,1311,ANTONIO DONATO
PDL 22/2019,1,1349,SENIVAL MOURA
PDL 22/2019,2,1647,EDIR SALES
PDL 23/2019,1,2001,JAIR TATTO
PDL 24/2019,1,796,GILBERTO NATALINI
PDL 25/2019,1,1989,GEORGE HATO
PDL 26/2019,1,2150,ANDRÉ SANTOS
PDL 27/2019,1,2146,GILBERTO NASCIMENTO
PDL 28/2019,1,1998,PATRÍCIA BEZERRA
PDL 29/2019,1,1998,PATRÍCIA BEZERRA
PDL 30/2019,1,160,EDUARDO MATARAZZO SUPLICY
PDL 31/2019,1,224,AURÉLIO NOMURA
PDL 32/2019,1,2151,ZÉ TURIN
PDL 33/2019,1,2000,ALESSANDRO GUEDES
PDL 34/2019,1,2001,JAIR TATTO
PDL 35/2019,1,1311,ANTONIO DONATO
PDL 36/2019,1,2185,CELSO GIANNAZI
PDL 37/2019,1,896,CLAUDIO FONSECA
PDL 38/2019,1,1999,PROFESSOR TONINHO VESPOLI
PDL 39/2019,1,2185,CELSO GIANNAZI
PDL 40/2019,1,896,CLAUDIO FONSECA
PDL 40/2019,2,1996,EDUARDO TUMA
PDL 40/2019,3,2159,RUTE COSTA
PDL 41/2019,1,187,GILSON BARRETO
PDL 42/2019,1,1996,EDUARDO TUMA
PDL 43/2019,1,2145,FERNANDO HOLIDAY
PDL 44/2019,1,1305,POLICE
PDL 45/2019,1,2147,ISAC FÉLIX
PDL 46/2019,1,2129,JONAS CAMISA NOVA
PDL 47/2019,1,1296,ADILSON AMADEU
PDL 48/2019,1,2129,JONAS CAMISA NOVA
PDL 50/2019,1,1989,GEORGE HATO
PDL 51/2019,1,1989,GEORGE HATO
PDL 52/2019,1,1947,REIS
PDL 53/2019,1,1447,ALFREDINHO
PDL 54/2019,1,2129,JONAS CAMISA NOVA
PDL 55/2019,1,268,DALTON SILVANO
PDL 56/2019,1,2150,ANDRÉ SANTOS
PDL 57/2019,1,1634,JULIANA CARDOSO
PDL 58/2019,1,796,GILBERTO NATALINI
PDL 59/2019,1,1447,ALFREDINHO
PDL 60/2019,1,1316,NOEMI NONATO
PDL 61/2019,1,2147,ISAC FÉLIX
PDL 62/2019,1,2001,JAIR TATTO
PDL 63/2019,1,1447,ALFREDINHO
PDL 64/2019,1,776,ELISEU GABRIEL
PDL 65/2019,1,1487,RICARDO TEIXEIRA
PDL 66/2019,1,1487,RICARDO TEIXEIRA
PDL 67/2019,1,1487,RICARDO TEIXEIRA
PDL 68/2019,1,2154,CAMILO CRISTÓFARO
PDL 69/2019,1,2129,JONAS CAMISA NOVA
PDL 70/2019,1,2129,JONAS CAMISA NOVA
PDL 71/2019,1,1326,QUITO FORMIGA
PDL 72/2019,1,2152,RINALDI DIGILIO
PDL 73/2019,1,2145,FERNANDO HOLIDAY
PDL 74/2019,1,2129,JONAS CAMISA NOVA
PDL 75/2019,1,1947,REIS
PDL 76/2019,1,2185,CELSO GIANNAZI
PDL 77/2019,1,1634,JULIANA CARDOSO
PDL 78/2019,1,160,EDUARDO MATARAZZO SUPLICY
PDL 78/2019,2,2185,CELSO GIANNAZI
PDL 79/2019,1,2158,XEXÉU TRIPOLI
PDL 80/2019,1,2158,XEXÉU TRIPOLI
PDL 81/2019,1,2185,CELSO GIANNAZI
PDL 82/2019,1,2144,FABIO RIVA
PDL 83/2019,1,1990,RICARDO NUNES
PDL 83/2019,2,2219,MARCELO MESSIAS
PDL 84/2019,1,1947,REIS
PDL 85/2019,1,2158,XEXÉU TRIPOLI
PDL 86/2019,1,2129,JONAS CAMISA NOVA
PDL 87/2019,1,796,GILBERTO NATALINI
PDL 87/2019,2,2142,ADRIANA RAMALHO
PDL 88/2019,1,1634,JULIANA CARDOSO
PDL 89/2019,1,220,TONINHO PAIVA
PDL 90/2019,1,2158,XEXÉU TRIPOLI
PDL 91/2019,1,2150,ANDRÉ SANTOS
PDL 92/2019,1,160,EDUARDO MATARAZZO SUPLICY
PDL 92/2019,2,776,ELISEU GABRIEL
PDL 92/2019,3,1319,SONINHA FRANCINE
PDL 92/2019,4,1447,ALFREDINHO
PDL 92/2019,5,1999,PROFESSOR TONINHO VESPOLI
PDL 93/2019,1,2156,CAIO MIRANDA CARNEIRO
PDL 94/2019,1,2151,ZÉ TURIN
PDL 95/2019,1,273,MILTON LEITE
PDL 95/2019,2,2145,FERNANDO HOLIDAY
PDL 95/2019,3,2153,RODRIGO GOULART
PDL 95/2019,4,2155,JANAÍNA LIMA
PDL 95/2019,5,2156,CAIO MIRANDA CARNEIRO
PDL 96/2019,1,2154,CAMILO CRISTÓFARO
PDL 97/2019,1,2155,JANAÍNA LIMA
PDL 98/2019,1,2158,XEXÉU TRIPOLI
PDL 99/2019,1,224,AURÉLIO NOMURA
PDL 100/2019,1,1296,ADILSON AMADEU
PDL 101/2019,1,1999,PROFESSOR TONINHO VESPOLI
PDL 102/2019,1,220,TONINHO PAIVA
PDL 103/2019,1,1316,NOEMI NONATO
PDL 104/2019,1,796,GILBERTO NATALINI
PDL 104/2019,2,2159,RUTE COSTA
PDL 105/2019,1,1634,JULIANA CARDOSO
PDL 105/2019,2,1999,PROFESSOR TONINHO VESPOLI
PDL 106/2019,1,1947,REIS
PDL 107/2019,1,1647,EDIR SALES
PDL 108/2019,1,267,PAULO FRANGE
PDL 109/2019,1,2000,ALESSANDRO GUEDES
PDL 110/2019,1,224,AURÉLIO NOMURA
PDL 111/2019,1,2147,ISAC FÉLIX
PDL 112/2019,1,1998,PATRÍCIA BEZERRA
PDL 113/2019,1,1998,PATRÍCIA BEZERRA
PDL 114/2019,1,2153,RODRIGO GOULART
PDL 115/2019,1,2153,RODRIGO GOULART
PDL 116/2019,1,796,GILBERTO NATALINI
PDL 117/2019,1,2153,RODRIGO GOULART
PDL 118/2019,1,2155,JANAÍNA LIMA
PDL 119/2019,1,2154,CAMILO CRISTÓFARO
PDL 120/2019,1,2152,RINALDI DIGILIO
PDL 121/2019,1,1947,REIS
PDL 122/2019,1,1487,RICARDO TEIXEIRA
PDL 123/2019,1,1487,RICARDO TEIXEIRA
PDL 124/2019,1,756,CELSO JATENE
PDL 125/2019,1,220,TONINHO PAIVA
PDL 126/2019,1,220,TONINHO PAIVA
PDL 127/2019,1,2146,GILBERTO NASCIMENTO
PDL 128/2019,1,2000,ALESSANDRO GUEDES
PDL 129/2019,1,268,DALTON SILVANO
PDL 130/2019,1,155,ARSELINO TATTO
PDL 130/2019,2,160,EDUARDO MATARAZZO SUPLICY
PDL 130/2019,3,187,GILSON BARRETO
PDL 130/2019,4,220,TONINHO PAIVA
PDL 130/2019,5,224,AURÉLIO NOMURA
PDL 130/2019,6,267,PAULO FRANGE
PDL 130/2019,7,268,DALTON SILVANO
PDL 130/2019,8,676,ATÍLIO FRANCISCO
PDL 130/2019,9,756,CELSO JATENE
PDL 130/2019,10,776,ELISEU GABRIEL
PDL 130/2019,11,796,GILBERTO NATALINI
PDL 130/2019,12,896,CLAUDIO FONSECA
PDL 130/2019,13,1296,ADILSON AMADEU
PDL 130/2019,14,1300,CLAUDINHO DE SOUZA
PDL 130/2019,15,1305,POLICE
PDL 130/2019,16,1311,ANTONIO DONATO
PDL 130/2019,17,1316,NOEMI NONATO
PDL 130/2019,18,1319,SONINHA FRANCINE
PDL 130/2019,19,1326,QUITO FORMIGA
PDL 130/2019,20,1349,SENIVAL MOURA
PDL 130/2019,21,1447,ALFREDINHO
PDL 130/2019,22,1487,RICARDO TEIXEIRA
PDL 130/2019,23,1633,SOUZA SANTOS
PDL 130/2019,24,1634,JULIANA CARDOSO
PDL 130/2019,25,1635,DRA. SANDRA TADEU
PDL 130/2019,26,1636,DR. MILTON FERREIRA
PDL 130/2019,27,1647,EDIR SALES
PDL 130/2019,28,1930,OTA
PDL 130/2019,29,1932,MARIO COVAS NETO
PDL 130/2019,30,1947,REIS
PDL 130/2019,31,1989,GEORGE HATO
PDL 130/2019,32,1990,RICARDO NUNES
PDL 130/2019,33,1996,EDUARDO TUMA
PDL 130/2019,34,1998,PATRÍCIA BEZERRA
PDL 130/2019,35,1999,PROFESSOR TONINHO VESPOLI
PDL 130/2019,36,2000,ALESSANDRO GUEDES
PDL 130/2019,37,2144,FABIO RIVA
PDL 130/2019,38,2145,FERNANDO HOLIDAY
PDL 130/2019,39,2146,GILBERTO NASCIMENTO
PDL 130/2019,40,2147,ISAC FÉLIX
PDL 130/2019,41,2150,ANDRÉ SANTOS
PDL 130/2019,42,2151,ZÉ TURIN
PDL 130/2019,43,2152,RINALDI DIGILIO
PDL 130/2019,44,2153,RODRIGO GOULART
PDL 130/2019,45,2154,CAMILO CRISTÓFARO
PDL 130/2019,46,2156,CAIO MIRANDA CARNEIRO
PDL 130/2019,47,2158,XEXÉU TRIPOLI
PDL 130/2019,48,2159,RUTE COSTA
PDL 130/2019,49,2160,JOÃO JORGE
PDL 130/2019,50,2185,CELSO GIANNAZI
PDL 131/2019,1,1947,REIS
PDL 132/2019,1,1947,REIS
PDL 133/2019,1,1300,CLAUDINHO DE SOUZA
PDL 134/2019,1,1647,EDIR SALES
PDL 135/2019,1,1487,RICARDO TEIXEIRA
PDL 136/2019,1,2001,JAIR TATTO
PDL 1/2020,1,2149,DANIEL ANNENBERG
PDL 2/2020,1,61,"COMISSÃO DE EDUCAÇÃO, CULTURA E ESPORTES"
PDL 3/2020,1,267,PAULO FRANGE
PDL 4/2020,1,1296,ADILSON AMADEU
PDL 5/2020,1,1634,JULIANA CARDOSO
PDL 6/2020,1,1326,QUITO FORMIGA
PDL 7/2020,1,2185,CELSO GIANNAZI
PDL 8/2020,1,2185,CELSO GIANNAZI
PDL 9/2020,1,2149,DANIEL ANNENBERG
PDL 10/2020,1,2145,FERNANDO HOLIDAY
PDL 11/2020,1,2155,JANAÍNA LIMA
PDL 12/2020,1,2152,RINALDI DIGILIO
PDL 13/2020,1,2152,RINALDI DIGILIO
PDL 14/2020,1,2185,CELSO GIANNAZI
PDL 15/2020,1,2154,CAMILO CRISTÓFARO
PDL 16/2020,1,1998,PATRÍCIA BEZERRA
PDL 17/2020,1,2151,ZÉ TURIN
PDL 18/2020,1,1316,NOEMI NONATO
PDL 19/2020,1,2153,RODRIGO GOULART
PDL 20/2020,1,1305,POLICE
PDL 21/2020,1,1635,DRA. SANDRA TADEU
PDL 22/2020,1,1447,ALFREDINHO
PDL 23/2020,1,2159,RUTE COSTA
PDL 24/2020,1,2159,RUTE COSTA
PDL 25/2020,1,1326,QUITO FORMIGA
PDL 26/2020,1,2149,DANIEL ANNENBERG
PDL 27/2020,1,1634,JULIANA CARDOSO
PDL 28/2020,1,776,ELISEU GABRIEL
PDL 29/2020,1,1999,PROFESSOR TONINHO VESPOLI
PDL 30/2020,1,1319,SONINHA FRANCINE
PDL 31/2020,1,1319,SONINHA FRANCINE
PDL 32/2020,1,676,ATÍLIO FRANCISCO
PDL 33/2020,1,756,CELSO JATENE
PDL 34/2020,1,796,GILBERTO NATALINI
PDL 35/2020,1,2158,XEXÉU TRIPOLI
PDL 36/2020,1,2158,XEXÉU TRIPOLI
PDL 37/2020,1,796,GILBERTO NATALINI
PDL 37/2020,2,1319,SONINHA FRANCINE
PDL 38/2020,1,2152,RINALDI DIGILIO
PDL 39/2020,1,1487,RICARDO TEIXEIRA
PDL 40/2020,1,1487,RICARDO TEIXEIRA
PDL 41/2020,1,1999,PROFESSOR TONINHO VESPOLI
PDL 42/2020,1,2185,CELSO GIANNAZI
PDL 43/2020,1,220,TONINHO PAIVA
PDL 43/2020,2,267,PAULO FRANGE
PDL 43/2020,3,676,ATÍLIO FRANCISCO
PDL 43/2020,4,756,CELSO JATENE
PDL 43/2020,5,896,CLAUDIO FONSECA
PDL 43/2020,6,1296,ADILSON AMADEU
PDL 43/2020,7,1311,ANTONIO DONATO
PDL 43/2020,8,1326,QUITO FORMIGA
PDL 43/2020,9,1635,DRA. SANDRA TADEU
PDL 43/2020,10,1932,MARIO COVAS NETO
PDL 43/2020,11,1947,REIS
PDL 43/2020,12,1996,EDUARDO TUMA
PDL 43/2020,13,2146,GILBERTO NASCIMENTO
PDL 43/2020,14,2147,ISAC FÉLIX
PDL 43/2020,15,2150,ANDRÉ SANTOS
PDL 43/2020,16,2153,RODRIGO GOULART
PDL 43/2020,17,2154,CAMILO CRISTÓFARO
PDL 43/2020,18,2155,JANAÍNA LIMA
PDL 43/2020,19,2185,CELSO GIANNAZI
PDL 44/2020,1,1647,EDIR SALES
PDL 45/2020,1,1999,PROFESSOR TONINHO VESPOLI
PDL 46/2020,1,1319,SONINHA FRANCINE
PDL 47/2020,1,1319,SONINHA FRANCINE
PDL 48/2020,1,267,PAULO FRANGE
PDL 49/2020,1,2156,CAIO MIRANDA CARNEIRO
PDL 50/2020,1,2185,CELSO GIANNAZI
PDL 51/2020,1,1999,PROFESSOR TONINHO VESPOLI
PDL 52/2020,1,2185,CELSO GIANNAZI
PDL 53/2020,1,2145,FERNANDO HOLIDAY
PDL 53/2020,2,2152,RINALDI DIGILIO
PDL 53/2020,3,2214,RUBINHO NUNES
PDL 54/2020,1,2185,CELSO GIANNAZI
PDL 55/2020,1,1635,DRA. SANDRA TADEU
PDL 56/2020,1,756,CELSO JATENE
PDL 57/2020,1,1996,EDUARDO TUMA
PDL 58/2020,1,776,ELISEU GABRIEL
PDL 59/2020,1,160,EDUARDO MATARAZZO SUPLICY
PDL 59/2020,2,1999,PROFESSOR TONINHO VESPOLI
PDL 59/2020,3,2149,DANIEL ANNENBERG
PDL 60/2020,1,1635,DRA. SANDRA TADEU
PDL 61/2020,1,1300,CLAUDINHO DE SOUZA
PDL 62/2020,1,1300,CLAUDINHO DE SOUZA
PDL 63/2020,1,2185,CELSO GIANNAZI
PDL 64/2020,1,2185,CELSO GIANNAZI
PDL 65/2020,1,756,CELSO JATENE
PDL 66/2020,1,756,CELSO JATENE
PDL 67/2020,1,2150,ANDRÉ SANTOS
PDL 68/2020,1,155,ARSELINO TATTO
PDL 68/2020,2,187,GILSON BARRETO
PDL 68/2020,3,224,AURÉLIO NOMURA
PDL 68/2020,4,267,PAULO FRANGE
PDL 68/2020,5,268,DALTON SILVANO
PDL 68/2020,6,273,MILTON LEITE
PDL 68/2020,7,676,ATÍLIO FRANCISCO
PDL 68/2020,8,756,CELSO JATENE
PDL 68/2020,9,896,CLAUDIO FONSECA
PDL 68/2020,10,1311,ANTONIO DONATO
PDL 68/2020,11,1319,SONINHA FRANCINE
PDL 68/2020,12,1326,QUITO FORMIGA
PDL 68/2020,13,1349,SENIVAL MOURA
PDL 68/2020,14,1447,ALFREDINHO
PDL 68/2020,15,1487,RICARDO TEIXEIRA
PDL 68/2020,16,1633,SOUZA SANTOS
PDL 68/2020,17,1634,JULIANA CARDOSO
PDL 68/2020,18,1635,DRA. SANDRA TADEU
PDL 68/2020,19,1647,EDIR SALES
PDL 68/2020,20,1989,GEORGE HATO
PDL 68/2020,21,1990,RICARDO NUNES
PDL 68/2020,22,1996,EDUARDO TUMA
PDL 68/2020,23,2142,ADRIANA RAMALHO
PDL 68/2020,24,2144,FABIO RIVA
PDL 68/2020,25,2146,GILBERTO NASCIMENTO
PDL 68/2020,26,2150,ANDRÉ SANTOS
PDL 68/2020,27,2152,RINALDI DIGILIO
PDL 68/2020,28,2155,JANAÍNA LIMA
PDL 68/2020,29,2156,CAIO MIRANDA CARNEIRO
PDL 68/2020,30,2158,XEXÉU TRIPOLI
PDL 68/2020,31,2160,JOÃO JORGE
PDL 69/2020,1,2145,FERNANDO HOLIDAY
PDL 69/2020,2,2151,ZÉ TURIN
PDL 70/2020,1,2145,FERNANDO HOLIDAY
PDL 70/2020,2,2151,ZÉ TURIN
PDL 72/2020,1,2145,FERNANDO HOLIDAY
PDL 72/2020,2,2151,ZÉ TURIN
PDL 73/2020,1,1635,DRA. SANDRA TADEU
PDL 74/2020,1,1635,DRA. SANDRA TADEU
PDL 75/2020,1,1635,DRA. SANDRA TADEU
PDL 76/2020,1,187,GILSON BARRETO
PDL 76/2020,2,2159,RUTE COSTA
PDL 77/2020,1,187,GILSON BARRETO
PDL 77/2020,2,2159,RUTE COSTA
PDL 77/2020,3,2219,MARCELO MESSIAS
PDL 78/2020,1,187,GILSON BARRETO
PDL 78/2020,2,2159,RUTE COSTA
PDL 79/2020,1,2159,RUTE COSTA
PDL 80/2020,1,2149,DANIEL ANNENBERG
PDL 81/2020,1,267,PAULO FRANGE
PDL 82/2020,1,273,MILTON LEITE
PDL 82/2020,2,676,ATÍLIO FRANCISCO
PDL 82/2020,3,1634,JULIANA CARDOSO
PDL 82/2020,4,2001,JAIR TATTO
PDL 82/2020,5,2147,ISAC FÉLIX
PDL 82/2020,6,2219,MARCELO MESSIAS
PDL 82/2020,7,2220,DELEGADO PALUMBO
PDL 82/2020,8,2224,SANDRA SANTANA
PDL 1/2021,1,2214,RUBINHO NUNES
PDL 2/2021,1,2185,CELSO GIANNAZI
PDL 3/2021,1,2185,CELSO GIANNAZI
PDL 4/2021,1,2223,FELIPE BECARI
PDL 5/2021,1,160,EDUARDO MATARAZZO SUPLICY
PDL 6/2021,1,2216,SONAIRA FERNANDES
PDL 7/2021,1,2185,CELSO GIANNAZI
PDL 8/2021,1,1487,RICARDO TEIXEIRA
PDL 9/2021,1,2225,MESA DA CAMARA MUNICIPAL DE SAO PAULO
PDL 10/2021,1,2185,CELSO GIANNAZI
PDL 11/2021,1,1999,PROFESSOR TONINHO VESPOLI
PDL 12/2021,1,1989,GEORGE HATO
PDL 13/2021,1,2207,ERIKA HILTON
PDL 14/2021,1,2209,DANILO DO POSTO DE SAÚDE
PDL 15/2021,1,1636,DR. MILTON FERREIRA
PDL 16/2021,1,2185,CELSO GIANNAZI
PDL 17/2021,1,224,AURÉLIO NOMURA
PDL 18/2021,1,224,AURÉLIO NOMURA
PDL 19/2021,1,2185,CELSO GIANNAZI
PDL 20/2021,1,1635,DRA. SANDRA TADEU
PDL 20/2021,2,2213,FARIA DE SÁ
PDL 20/2021,3,2219,MARCELO MESSIAS
PDL 20/2021,4,2224,SANDRA SANTANA
PDL 21/2021,1,1447,ALFREDINHO
PDL 22/2021,1,187,GILSON BARRETO
PDL 23/2021,1,2185,CELSO GIANNAZI
PDL 24/2021,1,155,ARSELINO TATTO
PDL 24/2021,2,160,EDUARDO MATARAZZO SUPLICY
PDL 24/2021,3,1311,ANTONIO DONATO
PDL 24/2021,4,1349,SENIVAL MOURA
PDL 24/2021,5,1447,ALFREDINHO
PDL 24/2021,6,1634,JULIANA CARDOSO
PDL 24/2021,7,2000,ALESSANDRO GUEDES
PDL 24/2021,8,2001,JAIR TATTO
PDL 26/2021,1,2185,CELSO GIANNAZI
PDL 27/2021,1,2213,FARIA DE SÁ
PDL 27/2021,2,2224,SANDRA SANTANA
PDL 28/2021,1,224,AURÉLIO NOMURA
PDL 29/2021,1,2185,CELSO GIANNAZI
PDL 30/2021,1,2209,DANILO DO POSTO DE SAÚDE
PDL 31/2021,1,2205,LUANA ALVES
PDL 31/2021,2,2207,ERIKA HILTON
PDL 31/2021,3,2208,ELAINE DO QUILOMBO PERIFÉRICO
PDL 32/2021,1,224,AURÉLIO NOMURA
PDL 33/2021,1,160,EDUARDO MATARAZZO SUPLICY
PDL 33/2021,2,1999,PROFESSOR TONINHO VESPOLI
PDL 33/2021,3,2149,DANIEL ANNENBERG
PDL 33/2021,4,2205,LUANA ALVES
PDL 33/2021,5,2206,SILVIA DA BANCADA FEMINISTA
PDL 33/2021,6,2207,ERIKA HILTON
PDL 33/2021,7,2208,ELAINE DO QUILOMBO PERIFÉRICO
PDL 34/2021,1,160,EDUARDO MATARAZZO SUPLICY
PDL 35/2021,1,2185,CELSO GIANNAZI
PDL 36/2021,1,1999,PROFESSOR TONINHO VESPOLI
PDL 37/2021,1,2216,SONAIRA FERNANDES
PDL 38/2021,1,2152,RINALDI DIGILIO
PDL 39/2021,1,1311,ANTONIO DONATO
PDL 39/2021,2,2210,ELY TERUEL
PDL 40/2021,1,2224,SANDRA SANTANA
PDL 41/2021,1,1311,ANTONIO DONATO
PDL 42/2021,1,1311,ANTONIO DONATO
PDL 43/2021,1,2152,RINALDI DIGILIO
PDL 44/2021,1,2216,SONAIRA FERNANDES
PDL 45/2021,1,160,EDUARDO MATARAZZO SUPLICY
PDL 45/2021,2,2207,ERIKA HILTON
PDL 46/2021,1,2185,CELSO GIANNAZI
PDL 47/2021,1,2185,CELSO GIANNAZI
PDL 48/2021,1,2147,ISAC FÉLIX
PDL 49/2021,1,1999,PROFESSOR TONINHO VESPOLI
PDL 50/2021,1,160,EDUARDO MATARAZZO SUPLICY
PDL 50/2021,2,2146,GILBERTO NASCIMENTO
PDL 50/2021,3,2152,RINALDI DIGILIO
PDL 50/2021,4,2154,CAMILO CRISTÓFARO
PDL 50/2021,5,2159,RUTE COSTA
PDL 50/2021,6,2221,ELI CORRÊA
PDL 51/2021,1,2221,ELI CORRÊA
PDL 52/2021,1,2213,FARIA DE SÁ
PDL 53/2021,1,1447,ALFREDINHO
PDL 54/2021,1,1296,ADILSON AMADEU
PDL 54/2021,2,2159,RUTE COSTA
PDL 55/2021,1,224,AURÉLIO NOMURA
PDL 56/2021,1,224,AURÉLIO NOMURA
PDL 57/2021,1,2155,JANAÍNA LIMA
PDL 58/2021,1,2185,CELSO GIANNAZI
PDL 59/2021,1,2206,SILVIA DA BANCADA FEMINISTA
PDL 60/2021,1,224,AURÉLIO NOMURA
PDL 61/2021,1,776,ELISEU GABRIEL
PDL 62/2021,1,2185,CELSO GIANNAZI
PDL 63/2021,1,1647,EDIR SALES
PDL 64/2021,1,2150,ANDRÉ SANTOS
PDL 65/2021,1,2152,RINALDI DIGILIO
PDL 65/2021,2,2205,LUANA ALVES
PDL 65/2021,3,2206,SILVIA DA BANCADA FEMINISTA
PDL 66/2021,1,2213,FARIA DE SÁ
PDL 67/2021,1,2221,ELI CORRÊA
PDL 68/2021,1,1447,ALFREDINHO
PDL 68/2021,2,2272,DHEISON SILVA
PDL 69/2021,1,2144,FABIO RIVA
PDL 70/2021,1,1634,JULIANA CARDOSO
PDL 71/2021,1,2208,ELAINE DO QUILOMBO PERIFÉRICO
PDL 72/2021,1,187,GILSON BARRETO
PDL 73/2021,1,187,GILSON BARRETO
PDL 74/2021,1,160,EDUARDO MATARAZZO SUPLICY
PDL 75/2021,1,2001,JAIR TATTO
PDL 76/2021,1,2185,CELSO GIANNAZI
PDL 77/2021,1,1999,PROFESSOR TONINHO VESPOLI
PDL 78/2021,1,273,MILTON LEITE
PDL 78/2021,2,1311,ANTONIO DONATO
PDL 78/2021,3,2154,CAMILO CRISTÓFARO
PDL 78/2021,4,2213,FARIA DE SÁ
PDL 78/2021,5,2223,FELIPE BECARI
PDL 81/2021,1,2147,ISAC FÉLIX
PDL 82/2021,1,2210,ELY TERUEL
PDL 83/2021,1,2211,SIDNEY CRUZ
PDL 1/2022,1,2211,SIDNEY CRUZ
PDL 2/2022,1,2160,JOÃO JORGE
PDL 3/2022,1,1999,PROFESSOR TONINHO VESPOLI
PDL 4/2022,1,2145,FERNANDO HOLIDAY
PDL 5/2022,1,2147,ISAC FÉLIX
PDL 6/2022,1,2146,GILBERTO NASCIMENTO
PDL 7/2022,1,2209,DANILO DO POSTO DE SAÚDE
PDL 8/2022,1,2240,MESA DA CAMARA MUNICIPAL DE SAO PAULO
PDL 9/2022,1,2207,ERIKA HILTON
PDL 10/2022,1,1999,PROFESSOR TONINHO VESPOLI
PDL 11/2022,1,2153,RODRIGO GOULART
PDL 12/2022,1,2159,RUTE COSTA
PDL 13/2022,1,2224,SANDRA SANTANA
PDL 14/2022,1,2224,SANDRA SANTANA
PDL 15/2022,1,2219,MARCELO MESSIAS
PDL 16/2022,1,2206,SILVIA DA BANCADA FEMINISTA
PDL 17/2022,1,2185,CELSO GIANNAZI
PDL 18/2022,1,2185,CELSO GIANNAZI
PDL 19/2022,1,2208,ELAINE DO QUILOMBO PERIFÉRICO
PDL 20/2022,1,1447,ALFREDINHO
PDL 21/2022,1,2159,RUTE COSTA
PDL 22/2022,1,2205,LUANA ALVES
PDL 23/2022,1,1989,GEORGE HATO
PDL 24/2022,1,1989,GEORGE HATO
PDL 25/2022,1,1999,PROFESSOR TONINHO VESPOLI
PDL 26/2022,1,1636,DR. MILTON FERREIRA
PDL 27/2022,1,2154,CAMILO CRISTÓFARO
PDL 28/2022,1,1647,EDIR SALES
PDL 29/2022,1,160,EDUARDO MATARAZZO SUPLICY
PDL 29/2022,2,776,ELISEU GABRIEL
PDL 30/2022,1,273,MILTON LEITE
PDL 31/2022,1,1647,EDIR SALES
PDL 31/2022,2,1999,PROFESSOR TONINHO VESPOLI
PDL 31/2022,3,2145,FERNANDO HOLIDAY
PDL 31/2022,4,2149,DANIEL ANNENBERG
PDL 31/2022,5,2152,RINALDI DIGILIO
PDL 31/2022,6,2221,ELI CORRÊA
PDL 32/2022,1,2244,JORGE WILSON FILHO
PDL 33/2022,1,1647,EDIR SALES
PDL 33/2022,2,2153,RODRIGO GOULART
PDL 33/2022,3,2213,FARIA DE SÁ
PDL 34/2022,1,2144,FABIO RIVA
PDL 34/2022,2,2213,FARIA DE SÁ
PDL 35/2022,1,1296,ADILSON AMADEU
PDL 36/2022,1,2207,ERIKA HILTON
PDL 37/2022,1,2207,ERIKA HILTON
PDL 38/2022,1,160,EDUARDO MATARAZZO SUPLICY
PDL 38/2022,2,187,GILSON BARRETO
PDL 38/2022,3,1296,ADILSON AMADEU
PDL 38/2022,4,1311,ANTONIO DONATO
PDL 38/2022,5,1349,SENIVAL MOURA
PDL 38/2022,6,1635,DRA. SANDRA TADEU
PDL 38/2022,7,1647,EDIR SALES
PDL 38/2022,8,1999,PROFESSOR TONINHO VESPOLI
PDL 38/2022,9,2131,RODOLFO DESPACHANTE
PDL 38/2022,10,2144,FABIO RIVA
PDL 38/2022,11,2147,ISAC FÉLIX
PDL 38/2022,12,2154,CAMILO CRISTÓFARO
PDL 38/2022,13,2159,RUTE COSTA
PDL 38/2022,14,2160,JOÃO JORGE
PDL 38/2022,15,2213,FARIA DE SÁ
PDL 38/2022,16,2214,RUBINHO NUNES
PDL 38/2022,17,2218,THAMMY MIRANDA
PDL 38/2022,18,2223,FELIPE BECARI
PDL 39/2022,1,176,ROBERTO TRÍPOLI
PDL 40/2022,1,2131,RODOLFO DESPACHANTE
PDL 41/2022,1,1647,EDIR SALES
PDL 42/2022,1,2000,ALESSANDRO GUEDES
PDL 43/2022,1,2000,ALESSANDRO GUEDES
PDL 44/2022,1,58,"COMISSÃO DE POLÍTICA URBANA, METROPOLITANA E MEIO AMBIENTE"
PDL 45/2022,1,58,"COMISSÃO DE POLÍTICA URBANA, METROPOLITANA E MEIO AMBIENTE"
PDL 46/2022,1,58,"COMISSÃO DE POLÍTICA URBANA, METROPOLITANA E MEIO AMBIENTE"
PDL 48/2022,1,1311,ANTONIO DONATO
PDL 49/2022,1,2152,RINALDI DIGILIO
PDL 49/2022,2,2215,MARLON LUZ
PDL 50/2022,1,1311,ANTONIO DONATO
PDL 51/2022,1,2221,ELI CORRÊA
PDL 52/2022,1,273,MILTON LEITE
PDL 53/2022,1,273,MILTON LEITE
PDL 54/2022,1,273,MILTON LEITE
PDL 55/2022,1,2152,RINALDI DIGILIO
PDL 56/2022,1,2150,ANDRÉ SANTOS
PDL 57/2022,1,160,EDUARDO MATARAZZO SUPLICY
PDL 58/2022,1,2153,RODRIGO GOULART
PDL 59/2022,1,2214,RUBINHO NUNES
PDL 60/2022,1,2213,FARIA DE SÁ
PDL 61/2022,1,267,PAULO FRANGE
PDL 62/2022,1,2145,FERNANDO HOLIDAY
PDL 63/2022,1,1989,GEORGE HATO
PDL 64/2022,1,2154,CAMILO CRISTÓFARO
PDL 65/2022,1,2146,GILBERTO NASCIMENTO
PDL 66/2022,1,1999,PROFESSOR TONINHO VESPOLI
PDL 67/2022,1,2159,RUTE COSTA
PDL 67/2022,2,2216,SONAIRA FERNANDES
PDL 68/2022,1,2158,XEXÉU TRIPOLI
PDL 69/2022,1,1989,GEORGE HATO
PDL 70/2022,1,1989,GEORGE HATO
PDL 71/2022,1,2149,DANIEL ANNENBERG
PDL 72/2022,1,1999,PROFESSOR TONINHO VESPOLI
PDL 73/2022,1,2149,DANIEL ANNENBERG
PDL 74/2022,1,2149,DANIEL ANNENBERG
PDL 75/2022,1,224,AURÉLIO NOMURA
PDL 76/2022,1,2149,DANIEL ANNENBERG
PDL 77/2022,1,1634,JULIANA CARDOSO
PDL 78/2022,1,2224,SANDRA SANTANA
PDL 79/2022,1,2000,ALESSANDRO GUEDES
PDL 80/2022,1,2000,ALESSANDRO GUEDES
PDL 81/2022,1,2219,MARCELO MESSIAS
PDL 82/2022,1,155,ARSELINO TATTO
PDL 83/2022,1,2219,MARCELO MESSIAS
PDL 84/2022,1,2219,MARCELO MESSIAS
PDL 85/2022,1,267,PAULO FRANGE
PDL 86/2022,1,1999,PROFESSOR TONINHO VESPOLI
PDL 86/2022,2,2206,SILVIA DA BANCADA FEMINISTA
PDL 87/2022,1,2185,CELSO GIANNAZI
PDL 88/2022,1,2219,MARCELO MESSIAS
PDL 89/2022,1,776,ELISEU GABRIEL
PDL 90/2022,1,2209,DANILO DO POSTO DE SAÚDE
PDL 91/2022,1,776,ELISEU GABRIEL
PDL 92/2022,1,2185,CELSO GIANNAZI
PDL 93/2022,1,1647,EDIR SALES
PDL 94/2022,1,2208,ELAINE DO QUILOMBO PERIFÉRICO
PDL 95/2022,1,1635,DRA. SANDRA TADEU
PDL 96/2022,1,1311,ANTONIO DONATO
PDL 97/2022,1,2154,CAMILO CRISTÓFARO
PDL 98/2022,1,2221,ELI CORRÊA
PDL 99/2022,1,1999,PROFESSOR TONINHO VESPOLI
PDL 100/2022,1,1447,ALFREDINHO
PDL 101/2022,1,776,ELISEU GABRIEL
PDL 102/2022,1,1647,EDIR SALES
PDL 103/2022,1,2149,DANIEL ANNENBERG
PDL 104/2022,1,2149,DANIEL ANNENBERG
PDL 105/2022,1,1634,JULIANA CARDOSO
PDL 106/2022,1,1447,ALFREDINHO
PDL 107/2022,1,2149,DANIEL ANNENBERG
PDL 108/2022,1,2001,JAIR TATTO
PDL 1/2023,1,1635,DRA. SANDRA TADEU
PDL 2/2023,1,1311,ANTONIO DONATO
PDL 2/2023,2,2254,LUNA ZARATTINI
PDL 3/2023,1,1947,REIS
PDL 3/2023,2,2255,JOÃO ANANIAS
PDL 4/2023,1,2145,FERNANDO HOLIDAY
PDL 4/2023,2,2146,GILBERTO NASCIMENTO
PDL 4/2023,3,2159,RUTE COSTA
PDL 4/2023,4,2214,RUBINHO NUNES
PDL 4/2023,5,2246,MAJOR PALUMBO
PDL 4/2023,6,2250,CORONEL SALLES
PDL 4/2023,7,2268,AMANDA VETTORAZZO
PDL 4/2023,8,2270,PASTORA SANDRA ALVES
PDL 4/2023,9,2274,SARGENTO NANTES
PDL 4/2023,10,2280,KENJI ITO
PDL 4/2023,11,2282,LUCAS PAVANATO
PDL 5/2023,1,2205,LUANA ALVES
PDL 6/2023,1,1647,EDIR SALES
PDL 7/2023,1,1647,EDIR SALES
PDL 8/2023,1,2185,CELSO GIANNAZI
PDL 9/2023,1,2215,MARLON LUZ
PDL 10/2023,1,267,PAULO FRANGE
PDL 11/2023,1,676,ATÍLIO FRANCISCO
PDL 11/2023,2,2145,FERNANDO HOLIDAY
PDL 11/2023,3,2146,GILBERTO NASCIMENTO
PDL 11/2023,4,2150,ANDRÉ SANTOS
PDL 11/2023,5,2216,SONAIRA FERNANDES
PDL 11/2023,6,2217,SANSÃO PEREIRA
PDL 12/2023,1,2251,MESA DA CAMARA MUNICIPAL DE SAO PAULO
PDL 13/2023,1,2185,CELSO GIANNAZI
PDL 14/2023,1,1296,ADILSON AMADEU
PDL 15/2023,1,1296,ADILSON AMADEU
PDL 16/2023,1,1635,DRA. SANDRA TADEU
PDL 17/2023,1,1635,DRA. SANDRA TADEU
PDL 18/2023,1,2152,RINALDI DIGILIO
PDL 19/2023,1,2152,RINALDI DIGILIO
PDL 21/2023,1,2150,ANDRÉ SANTOS
PDL 22/2023,1,2221,ELI CORRÊA
PDL 23/2023,1,2154,CAMILO CRISTÓFARO
PDL 24/2023,1,2154,CAMILO CRISTÓFARO
PDL 25/2023,1,2160,JOÃO JORGE
PDL 26/2023,1,1647,EDIR SALES
PDL 27/2023,1,2255,JOÃO ANANIAS
PDL 28/2023,1,2154,CAMILO CRISTÓFARO
PDL 29/2023,1,267,PAULO FRANGE
PDL 30/2023,1,2001,JAIR TATTO
PDL 30/2023,2,2153,RODRIGO GOULART
PDL 30/2023,3,2155,JANAÍNA LIMA
PDL 30/2023,4,2217,SANSÃO PEREIRA
PDL 30/2023,5,2224,SANDRA SANTANA
PDL 31/2023,1,2206,SILVIA DA BANCADA FEMINISTA
PDL 32/2023,1,2147,ISAC FÉLIX
PDL 33/2023,1,2218,THAMMY MIRANDA
PDL 34/2023,1,2249,NUNES PEIXEIRO
PDL 35/2023,1,2249,NUNES PEIXEIRO
PDL 36/2023,1,2206,SILVIA DA BANCADA FEMINISTA
PDL 37/2023,1,2147,ISAC FÉLIX
PDL 38/2023,1,2145,FERNANDO HOLIDAY
PDL 38/2023,2,2147,ISAC FÉLIX
PDL 39/2023,1,2219,MARCELO MESSIAS
PDL 40/2023,1,2152,RINALDI DIGILIO
PDL 40/2023,2,2160,JOÃO JORGE
PDL 41/2023,1,776,ELISEU GABRIEL
PDL 42/2023,1,2211,SIDNEY CRUZ
PDL 43/2023,1,1989,GEORGE HATO
PDL 44/2023,1,2255,JOÃO ANANIAS
PDL 45/2023,1,2256,HÉLIO RODRIGUES
PDL 46/2023,1,2209,DANILO DO POSTO DE SAÚDE
PDL 48/2023,1,2155,JANAÍNA LIMA
PDL 49/2023,1,2145,FERNANDO HOLIDAY
PDL 50/2023,1,2152,RINALDI DIGILIO
PDL 50/2023,2,2250,CORONEL SALLES
PDL 51/2023,1,2185,CELSO GIANNAZI
PDL 52/2023,1,776,ELISEU GABRIEL
PDL 53/2023,1,2211,SIDNEY CRUZ
PDL 54/2023,1,2150,ANDRÉ SANTOS
PDL 55/2023,1,2158,XEXÉU TRIPOLI
PDL 56/2023,1,2158,XEXÉU TRIPOLI
PDL 57/2023,1,2158,XEXÉU TRIPOLI
PDL 58/2023,1,2180,MANOEL DEL RIO
PDL 59/2023,1,2155,JANAÍNA LIMA
PDL 60/2023,1,2206,SILVIA DA BANCADA FEMINISTA
PDL 61/2023,1,2131,RODOLFO DESPACHANTE
PDL 62/2023,1,1999,PROFESSOR TONINHO VESPOLI
PDL 63/2023,1,2256,HÉLIO RODRIGUES
PDL 64/2023,1,2180,MANOEL DEL RIO
PDL 65/2023,1,2217,SANSÃO PEREIRA
PDL 66/2023,1,1999,PROFESSOR TONINHO VESPOLI
PDL 67/2023,1,1296,ADILSON AMADEU
PDL 68/2023,1,2215,MARLON LUZ
PDL 69/2023,1,2224,SANDRA SANTANA
PDL 70/2023,1,2205,LUANA ALVES
PDL 71/2023,1,2248,JUSSARA BASSO
PDL 72/2023,1,2155,JANAÍNA LIMA
PDL 73/2023,1,187,GILSON BARRETO
PDL 74/2023,1,2256,HÉLIO RODRIGUES
PDL 75/2023,1,2185,CELSO GIANNAZI
PDL 76/2023,1,2210,ELY TERUEL
PDL 77/2023,1,273,MILTON LEITE
PDL 77/2023,2,2144,FABIO RIVA
PDL 78/2023,1,1635,DRA. SANDRA TADEU
PDL 79/2023,1,1635,DRA. SANDRA TADEU
PDL 80/2023,1,2249,NUNES PEIXEIRO
PDL 81/2023,1,2219,MARCELO MESSIAS
PDL 81/2023,2,2249,NUNES PEIXEIRO
PDL 82/2023,1,2249,NUNES PEIXEIRO
PDL 83/2023,1,1999,PROFESSOR TONINHO VESPOLI
PDL 84/2023,1,2158,XEXÉU TRIPOLI
PDL 84/2023,2,2206,SILVIA DA BANCADA FEMINISTA
PDL 84/2023,3,2256,HÉLIO RODRIGUES
PDL 85/2023,1,2144,FABIO RIVA
PDL 86/2023,1,2255,JOÃO ANANIAS
PDL 87/2023,1,2255,JOÃO ANANIAS
PDL 88/2023,1,776,ELISEU GABRIEL
PDL 89/2023,1,155,ARSELINO TATTO
PDL 90/2023,1,2186,BETO DO SOCIAL
PDL 91/2023,1,2186,BETO DO SOCIAL
PDL 92/2023,1,2155,JANAÍNA LIMA
PDL 93/2023,1,2155,JANAÍNA LIMA
PDL 94/2023,1,2001,JAIR TATTO
PDL 95/2023,1,2219,MARCELO MESSIAS
PDL 95/2023,2,2254,LUNA ZARATTINI
PDL 96/2023,1,2219,MARCELO MESSIAS
PDL 97/2023,1,2248,JUSSARA BASSO
PDL 98/2023,1,2248,JUSSARA BASSO
PDL 99/2023,1,267,PAULO FRANGE
PDL 100/2023,1,1635,DRA. SANDRA TADEU
PDL 101/2023,1,2185,CELSO GIANNAZI
PDL 102/2023,1,1635,DRA. SANDRA TADEU
PDL 103/2023,1,2222,CRIS MONTEIRO
PDL 104/2023,1,273,MILTON LEITE
PDL 105/2023,1,2145,FERNANDO HOLIDAY
PDL 105/2023,2,2147,ISAC FÉLIX
PDL 105/2023,3,2215,MARLON LUZ
PDL 106/2023,1,2215,MARLON LUZ
PDL 107/2023,1,2262,WALDIR JÚNIOR
PDL 108/2023,1,2001,JAIR TATTO
PDL 1/2024,1,2185,CELSO GIANNAZI
PDL 2/2024,1,2145,FERNANDO HOLIDAY
PDL 3/2024,1,2246,MAJOR PALUMBO
PDL 4/2024,1,2246,MAJOR PALUMBO
PDL 5/2024,1,2214,RUBINHO NUNES
PDL 5/2024,2,2219,MARCELO MESSIAS
PDL 6/2024,1,2144,FABIO RIVA
PDL 7/2024,1,2250,CORONEL SALLES
PDL 8/2024,1,2250,CORONEL SALLES
PDL 9/2024,1,2160,JOÃO JORGE
PDL 10/2024,1,2250,CORONEL SALLES
PDL 11/2024,1,2250,CORONEL SALLES
PDL 12/2024,1,2185,CELSO GIANNAZI
PDL 13/2024,1,2250,CORONEL SALLES
PDL 14/2024,1,2221,ELI CORRÊA
PDL 15/2024,1,1296,ADILSON AMADEU
PDL 16/2024,1,1647,EDIR SALES
PDL 17/2024,1,2250,CORONEL SALLES
PDL 18/2024,1,2159,RUTE COSTA
PDL 19/2024,1,2160,JOÃO JORGE
PDL 20/2024,1,2180,MANOEL DEL RIO
PDL 21/2024,1,187,GILSON BARRETO
PDL 22/2024,1,2221,ELI CORRÊA
PDL 23/2024,1,2246,MAJOR PALUMBO
PDL 24/2024,1,776,ELISEU GABRIEL
PDL 25/2024,1,2211,SIDNEY CRUZ
PDL 26/2024,1,2155,JANAÍNA LIMA
PDL 27/2024,1,2221,ELI CORRÊA
PDL 28/2024,1,2185,CELSO GIANNAZI
PDL 29/2024,1,2208,ELAINE DO QUILOMBO PERIFÉRICO
PDL 30/2024,1,2217,SANSÃO PEREIRA
PDL 31/2024,1,1635,DRA. SANDRA TADEU
PDL 32/2024,1,1636,DR. MILTON FERREIRA
PDL 33/2024,1,1636,DR. MILTON FERREIRA
PDL 34/2024,1,2155,JANAÍNA LIMA
PDL 35/2024,1,2250,CORONEL SALLES
PDL 36/2024,1,2222,CRIS MONTEIRO
PDL 37/2024,1,2155,JANAÍNA LIMA
PDL 38/2024,1,2243,DR. ADRIANO SANTOS
PDL 39/2024,1,2218,THAMMY MIRANDA
PDL 40/2024,1,2263,MESA DA CAMARA MUNICIPAL DE SAO PAULO
PDL 41/2024,1,1296,ADILSON AMADEU
PDL 42/2024,1,58,"COMISSÃO DE POLÍTICA URBANA, METROPOLITANA E MEIO AMBIENTE"
PDL 43/2024,1,58,"COMISSÃO DE POLÍTICA URBANA, METROPOLITANA E MEIO AMBIENTE"
PDL 44/2024,1,58,"COMISSÃO DE POLÍTICA URBANA, METROPOLITANA E MEIO AMBIENTE"
PDL 45/2024,1,1989,GEORGE HATO
PDL 46/2024,1,1487,RICARDO TEIXEIRA
PDL 47/2024,1,1487,RICARDO TEIXEIRA
PDL 48/2024,1,1487,RICARDO TEIXEIRA
PDL 49/2024,1,1487,RICARDO TEIXEIRA
PDL 50/2024,1,2246,MAJOR PALUMBO
PDL 51/2024,1,2205,LUANA ALVES
PDL 52/2024,1,1487,RICARDO TEIXEIRA
PDL 53/2024,1,2246,MAJOR PALUMBO
PDL 54/2024,1,1487,RICARDO TEIXEIRA
PDL 55/2024,1,2217,SANSÃO PEREIRA
PDL 56/2024,1,187,GILSON BARRETO
PDL 57/2024,1,2185,CELSO GIANNAZI
PDL 58/2024,1,187,GILSON BARRETO
PDL 59/2024,1,2214,RUBINHO NUNES
PDL 60/2024,1,2214,RUBINHO NUNES
PDL 61/2024,1,2214,RUBINHO NUNES
PDL 62/2024,1,2208,ELAINE DO QUILOMBO PERIFÉRICO
PDL 63/2024,1,187,GILSON BARRETO
PDL 64/2024,1,2224,SANDRA SANTANA
PDL 65/2024,1,267,PAULO FRANGE
PDL 66/2024,1,267,PAULO FRANGE
PDL 67/2024,1,2217,SANSÃO PEREIRA
PDL 68/2024,1,2224,SANDRA SANTANA
PDL 69/2024,1,2222,CRIS MONTEIRO
PDL 70/2024,1,2153,RODRIGO GOULART
PDL 71/2024,1,1487,RICARDO TEIXEIRA
PDL 72/2024,1,696,CARLOS BEZERRA JR.
PDL 73/2024,1,2222,CRIS MONTEIRO
PDL 74/2024,1,1999,PROFESSOR TONINHO VESPOLI
PDL 75/2024,1,2256,HÉLIO RODRIGUES
PDL 77/2024,1,2160,JOÃO JORGE
PDL 78/2024,1,1296,ADILSON AMADEU
PDL 79/2024,1,1487,RICARDO TEIXEIRA
PDL 80/2024,1,2153,RODRIGO GOULART
PDL 81/2024,1,2209,DANILO DO POSTO DE SAÚDE
PDL 82/2024,1,2246,MAJOR PALUMBO
PDL 83/2024,1,2246,MAJOR PALUMBO
PDL 84/2024,1,696,CARLOS BEZERRA JR.
PDL 85/2024,1,2208,ELAINE DO QUILOMBO PERIFÉRICO
PDL 86/2024,1,155,ARSELINO TATTO
PDL 87/2024,1,155,ARSELINO TATTO
PDL 88/2024,1,155,ARSELINO TATTO
PDL 88/2024,2,2001,JAIR TATTO
PDL 89/2024,1,696,CARLOS BEZERRA JR.
PDL 90/2024,1,2210,ELY TERUEL
PDL 91/2024,1,2255,JOÃO ANANIAS
PDL 92/2024,1,2216,SONAIRA FERNANDES
PDL 93/2024,1,2159,RUTE COSTA
PDL 94/2024,1,187,GILSON BARRETO
PDL 95/2024,1,2146,GILBERTO NASCIMENTO
PDL 95/2024,2,2216,SONAIRA FERNANDES
PDL 96/2024,1,676,ATÍLIO FRANCISCO
PDL 97/2024,1,155,ARSELINO TATTO
PDL 97/2024,2,1349,SENIVAL MOURA
PDL 97/2024,3,2000,ALESSANDRO GUEDES
PDL 97/2024,4,2001,JAIR TATTO
PDL 97/2024,5,2180,MANOEL DEL RIO
PDL 97/2024,6,2243,DR. ADRIANO SANTOS
PDL 97/2024,7,2254,LUNA ZARATTINI
PDL 97/2024,8,2255,JOÃO ANANIAS
PDL 97/2024,9,2256,HÉLIO RODRIGUES
PDL 98/2024,1,2211,SIDNEY CRUZ
PDL 100/2024,1,2144,FABIO RIVA
PDL 101/2024,1,273,MILTON LEITE
PDL 102/2024,1,1999,PROFESSOR TONINHO VESPOLI
PDL 104/2024,1,2254,LUNA ZARATTINI
PDL 105/2024,1,2216,SONAIRA FERNANDES
PDL 106/2024,1,2152,RINALDI DIGILIO
PDL 106/2024,2,2266,ADRILLES JORGE
PDL 107/2024,1,2217,SANSÃO PEREIRA
PDL 108/2024,1,2217,SANSÃO PEREIRA
PDL 109/2024,1,2208,ELAINE DO QUILOMBO PERIFÉRICO
PDL 110/2024,1,1635,DRA. SANDRA TADEU
PDL 111/2024,1,696,CARLOS BEZERRA JR.
PDL 112/2024,1,2001,JAIR TATTO
PDL 112/2024,2,2279,SILVINHO LEITE
PDL 113/2024,1,1635,DRA. SANDRA TADEU
PDL 114/2024,1,2185,CELSO GIANNAZI
PDL 115/2024,1,2249,NUNES PEIXEIRO
PDL 116/2024,1,2152,RINALDI DIGILIO
PDL 116/2024,2,2159,RUTE COSTA
PDL 117/2024,1,2159,RUTE COSTA
PDL 118/2024,1,2155,JANAÍNA LIMA
PDL 119/2024,1,273,MILTON LEITE
PDL 120/2024,1,273,MILTON LEITE
PDL 120/2024,2,2158,XEXÉU TRIPOLI
PDL 121/2024,1,2146,GILBERTO NASCIMENTO
PDL 121/2024,2,2216,SONAIRA FERNANDES
PDL 122/2024,1,2000,ALESSANDRO GUEDES
PDL 122/2024,2,2001,JAIR TATTO
PDL 123/2024,1,2248,JUSSARA BASSO
PDL 124/2024,1,2243,DR. ADRIANO SANTOS
PDL 125/2024,1,696,CARLOS BEZERRA JR.
PDL 126/2024,1,2000,ALESSANDRO GUEDES
PDL 127/2024,1,2185,CELSO GIANNAZI
PDL 128/2024,1,2206,SILVIA DA BANCADA FEMINISTA
PDL 129/2024,1,2217,SANSÃO PEREIRA
PDL 130/2024,1,2185,CELSO GIANNAZI
PDL 131/2024,1,2256,HÉLIO RODRIGUES
PDL 132/2024,1,696,CARLOS BEZERRA JR.
PDL 133/2024,1,2185,CELSO GIANNAZI
PDL 134/2024,1,2147,ISAC FÉLIX
PDL 135/2024,1,2147,ISAC FÉLIX
PDL 135/2024,2,2279,SILVINHO LEITE
PDL 136/2024,1,2000,ALESSANDRO GUEDES
PDL 137/2024,1,2255,JOÃO ANANIAS
PDL 138/2024,1,2255,JOÃO ANANIAS
PDL 139/2024,1,2001,JAIR TATTO
PDL 140/2024,1,2001,JAIR TATTO
PDL 141/2024,1,2001,JAIR TATTO
PDL 142/2024,1,2153,RODRIGO GOULART
PDL 142/2024,2,2218,THAMMY MIRANDA
PDL 143/2024,1,2254,LUNA ZARATTINI
PDL 144/2024,1,1487,RICARDO TEIXEIRA
PDL 144/2024,2,2153,RODRIGO GOULART
PDL 144/2024,3,2218,THAMMY MIRANDA
PDL 1/2025,1,2185,CELSO GIANNAZI
PDL 2/2025,1,2185,CELSO GIANNAZI
PDL 3/2025,1,2214,RUBINHO NUNES
PDL 4/2025,1,2254,LUNA ZARATTINI
PDL 5/2025,1,2185,CELSO GIANNAZI
PDL 6/2025,1,2147,ISAC FÉLIX
PDL 7/2025,1,2147,ISAC FÉLIX
PDL 8/2025,1,776,ELISEU GABRIEL
PDL 9/2025,1,2266,ADRILLES JORGE
PDL 10/2025,1,1635,DRA. SANDRA TADEU
PDL 11/2025,1,2185,CELSO GIANNAZI
PDL 12/2025,1,2218,THAMMY MIRANDA
PDL 13/2025,1,1635,DRA. SANDRA TADEU
PDL 14/2025,1,2216,SONAIRA FERNANDES
PDL 14/2025,2,2277,JANAINA PASCHOAL
PDL 15/2025,1,2256,HÉLIO RODRIGUES
PDL 16/2025,1,1487,RICARDO TEIXEIRA
PDL 17/2025,1,1999,PROFESSOR TONINHO VESPOLI
PDL 18/2025,1,776,ELISEU GABRIEL
PDL 19/2025,1,2185,CELSO GIANNAZI
PDL 20/2025,1,2254,LUNA ZARATTINI
PDL 21/2025,1,2280,KENJI ITO
PDL 22/2025,1,2159,RUTE COSTA
PDL 22/2025,2,2266,ADRILLES JORGE
PDL 23/2025,1,2205,LUANA ALVES
PDL 24/2025,1,2205,LUANA ALVES
PDL 25/2025,1,2282,LUCAS PAVANATO
PDL 26/2025,1,2216,SONAIRA FERNANDES
PDL 27/2025,1,2216,SONAIRA FERNANDES
PDL 28/2025,1,2272,DHEISON SILVA
PDL 28/2025,2,2279,SILVINHO LEITE
PDL 29/2025,1,2271,ANA CAROLINA OLIVEIRA
PDL 30/2025,1,2150,ANDRÉ SANTOS
PDL 31/2025,1,1487,RICARDO TEIXEIRA
PDL 31/2025,2,2228,RENATA FALZONI
PDL 31/2025,3,2276,SILVÃO LEITE
PDL 31/2025,4,2279,SILVINHO LEITE
PDL 32/2025,1,2256,HÉLIO RODRIGUES
PDL 33/2025,1,2272,DHEISON SILVA
PDL 34/2025,1,936,NABIL BONDUKI
PDL 35/2025,1,1487,RICARDO TEIXEIRA
PDL 36/2025,1,2185,CELSO GIANNAZI
PDL 37/2025,1,2160,JOÃO JORGE
PDL 38/2025,1,1487,RICARDO TEIXEIRA
PDL 38/2025,2,2144,FABIO RIVA
PDL 38/2025,3,2147,ISAC FÉLIX
PDL 38/2025,4,2222,CRIS MONTEIRO
PDL 38/2025,5,2266,ADRILLES JORGE
PDL 38/2025,6,2279,SILVINHO LEITE
PDL 39/2025,1,2279,SILVINHO LEITE
PDL 40/2025,1,2269,MARINA BRAGANTE
PDL 41/2025,1,2160,JOÃO JORGE
PDL 42/2025,1,2216,SONAIRA FERNANDES
PDL 42/2025,2,2246,MAJOR PALUMBO
PDL 43/2025,1,2246,MAJOR PALUMBO
PDL 44/2025,1,2279,SILVINHO LEITE
PDL 45/2025,1,1487,RICARDO TEIXEIRA
PDL 45/2025,2,1647,EDIR SALES
PDL 45/2025,3,2144,FABIO RIVA
PDL 45/2025,4,2146,GILBERTO NASCIMENTO
PDL 45/2025,5,2147,ISAC FÉLIX
PDL 45/2025,6,2159,RUTE COSTA
PDL 45/2025,7,2160,JOÃO JORGE
PDL 45/2025,8,2209,DANILO DO POSTO DE SAÚDE
PDL 45/2025,9,2210,ELY TERUEL
PDL 45/2025,10,2217,SANSÃO PEREIRA
PDL 45/2025,11,2218,THAMMY MIRANDA
PDL 45/2025,12,2224,SANDRA SANTANA
PDL 45/2025,13,2266,ADRILLES JORGE
PDL 45/2025,14,2268,AMANDA VETTORAZZO
PDL 45/2025,15,2270,PASTORA SANDRA ALVES
PDL 45/2025,16,2273,DR. MURILLO LIMA
PDL 45/2025,17,2276,SILVÃO LEITE
PDL 45/2025,18,2279,SILVINHO LEITE
PDL 46/2025,1,1487,RICARDO TEIXEIRA
PDL 47/2025,1,1487,RICARDO TEIXEIRA
PDL 48/2025,1,2160,JOÃO JORGE
PDL 49/2025,1,2160,JOÃO JORGE
PDL 50/2025,1,1647,EDIR SALES
PDL 51/2025,1,1647,EDIR SALES
PDL 51/2025,2,2160,JOÃO JORGE
PDL 51/2025,3,2276,SILVÃO LEITE
PDL 52/2025,1,2273,DR. MURILLO LIMA
PDL 53/2025,1,2150,ANDRÉ SANTOS
PDL 54/2025,1,2159,RUTE COSTA
PDL 55/2025,1,2278,KEIT LIMA
PDL 55/2025,2,2279,SILVINHO LEITE
PDL 56/2025,1,2278,KEIT LIMA
PDL 58/2025,1,2268,AMANDA VETTORAZZO
PDL 59/2025,1,2283,ZOE MARTÍNEZ
PDL 60/2025,1,2278,KEIT LIMA
PDL 61/2025,1,2224,SANDRA SANTANA
PDL 62/2025,1,2283,ZOE MARTÍNEZ
PDL 63/2025,1,2205,LUANA ALVES
PDL 64/2025,1,2222,CRIS MONTEIRO
PDL 65/2025,1,2222,CRIS MONTEIRO
PDL 66/2025,1,2276,SILVÃO LEITE
PDL 66/2025,2,2279,SILVINHO LEITE
PDL 67/2025,1,2146,GILBERTO NASCIMENTO
PDL 67/2025,2,2159,RUTE COSTA
PDL 67/2025,3,2160,JOÃO JORGE
PDL 67/2025,4,2246,MAJOR PALUMBO
PDL 67/2025,5,2268,AMANDA VETTORAZZO
PDL 67/2025,6,2281,SIMONE GANEM
PDL 67/2025,7,2282,LUCAS PAVANATO
PDL 68/2025,1,1999,PROFESSOR TONINHO VESPOLI
PDL 69/2025,1,2216,SONAIRA FERNANDES
PDL 70/2025,1,2147,ISAC FÉLIX
PDL 71/2025,1,2283,ZOE MARTÍNEZ
PDL 72/2025,1,2214,RUBINHO NUNES
PDL 72/2025,2,2222,CRIS MONTEIRO
PDL 73/2025,1,2214,RUBINHO NUNES
PDL 73/2025,2,2279,SILVINHO LEITE
PDL 74/2025,1,2255,JOÃO ANANIAS
PDL 75/2025,1,2222,CRIS MONTEIRO
PDL 76/2025,1,2282,LUCAS PAVANATO
PDL 77/2025,1,267,PAULO FRANGE
PDL 78/2025,1,2269,MARINA BRAGANTE
PDL 79/2025,1,2219,MARCELO MESSIAS
PDL 80/2025,1,2216,SONAIRA FERNANDES
PDL 81/2025,1,2216,SONAIRA FERNANDES
PDL 82/2025,1,2268,AMANDA VETTORAZZO
PDL 83/2025,1,2218,THAMMY MIRANDA
PDL 84/2025,1,2268,AMANDA VETTORAZZO
PDL 85/2025,1,2185,CELSO GIANNAZI
PDL 86/2025,1,1647,EDIR SALES
PDL 87/2025,1,776,ELISEU GABRIEL
PDL 88/2025,1,776,ELISEU GABRIEL
PDL 89/2025,1,1636,DR. MILTON FERREIRA
PDL 90/2025,1,2228,RENATA FALZONI
PDL 91/2025,1,2274,SARGENTO NANTES
PDL 92/2025,1,1487,RICARDO TEIXEIRA
PDL 93/2025,1,2185,CELSO GIANNAZI
PDL 93/2025,2,2279,SILVINHO LEITE
PDL 94/2025,1,2254,LUNA ZARATTINI
PDL 95/2025,1,1999,PROFESSOR TONINHO VESPOLI
PDL 95/2025,2,2279,SILVINHO LEITE
PDL 96/2025,1,2219,MARCELO MESSIAS
PDL 97/2025,1,2185,CELSO GIANNAZI
PDL 98/2025,1,2246,MAJOR PALUMBO
PDL 99/2025,1,696,CARLOS BEZERRA JR.
PDL 100/2025,1,2274,SARGENTO NANTES
PDL 100/2025,2,2280,KENJI ITO
PDL 101/2025,1,2224,SANDRA SANTANA
PDL 102/2025,1,1989,GEORGE HATO
PDL 103/2025,1,2283,ZOE MARTÍNEZ
PDL 104/2025,1,1636,DR. MILTON FERREIRA
PDL 105/2025,1,2277,JANAINA PASCHOAL
PDL 105/2025,2,2279,SILVINHO LEITE
PDL 106/2025,1,2277,JANAINA PASCHOAL
PDL 106/2025,2,2279,SILVINHO LEITE
PDL 107/2025,1,2273,DR. MURILLO LIMA
PDL 108/2025,1,2246,MAJOR PALUMBO
PDL 109/2025,1,1989,GEORGE HATO
PDL 109/2025,2,2279,SILVINHO LEITE
PDL 110/2025,1,2159,RUTE COSTA
PDL 110/2025,2,2276,SILVÃO LEITE
PDL 110/2025,3,2279,SILVINHO LEITE
PDL 111/2025,1,1647,EDIR SALES
PDL 112/2025,1,1999,PROFESSOR TONINHO VESPOLI
PDL 112/2025,2,2279,SILVINHO LEITE
PDL 113/2025,1,2000,ALESSANDRO GUEDES
PDL 114/2025,1,2276,SILVÃO LEITE
PDL 114/2025,2,2279,SILVINHO LEITE
PDL 115/2025,1,2185,CELSO GIANNAZI
PDL 116/2025,1,1635,DRA. SANDRA TADEU
PDL 117/2025,1,2273,DR. MURILLO LIMA
PDL 118/2025,1,2185,CELSO GIANNAZI
PDL 119/2025,1,1635,DRA. SANDRA TADEU
PDL 120/2025,1,1636,DR. MILTON FERREIRA
PDL 121/2025,1,1635,DRA. SANDRA TADEU
PDL 122/2025,1,2246,MAJOR PALUMBO
PDL 123/2025,1,776,ELISEU GABRIEL
PDL 124/2025,1,2272,DHEISON SILVA
PDL 125/2025,1,2217,SANSÃO PEREIRA
PDL 125/2025,2,2224,SANDRA SANTANA
PDL 126/2025,1,2279,SILVINHO LEITE
PDL 127/2025,1,2146,GILBERTO NASCIMENTO
PDL 128/2025,1,2247,LUIZ PROTEÇÃO ANIMAL
PDL 129/2025,1,1349,SENIVAL MOURA
PDL 130/2025,1,2276,SILVÃO LEITE
PDL 131/2025,1,2276,SILVÃO LEITE
PDL 131/2025,2,2279,SILVINHO LEITE
PDL 132/2025,1,2000,ALESSANDRO GUEDES
PDL 133/2025,1,2160,JOÃO JORGE
PDL 133/2025,2,2214,RUBINHO NUNES
PDL 133/2025,3,2279,SILVINHO LEITE
PDL 134/2025,1,2000,ALESSANDRO GUEDES
PDL 135/2025,1,2001,JAIR TATTO
PDL 136/2025,1,2147,ISAC FÉLIX
PDL 137/2025,1,2185,CELSO GIANNAZI
PDL 138/2025,1,2160,JOÃO JORGE
PDL 139/2025,1,2216,SONAIRA FERNANDES
PDL 140/2025,1,2216,SONAIRA FERNANDES
PDL 141/2025,1,2218,THAMMY MIRANDA
PDL 142/2025,1,2146,GILBERTO NASCIMENTO
PDL 1/2026,1,2185,CELSO GIANNAZI
PDL 2/2026,1,2271,ANA CAROLINA OLIVEIRA
PDL 3/2026,1,2275,GABRIEL ABREU
PDL 5/2026,1,1296,ADILSON AMADEU
PDL 6/2026,1,1296,ADILSON AMADEU
PDL 7/2026,1,2206,SILVIA DA BANCADA FEMINISTA
PDL 8/2026,1,1989,GEORGE HATO
PDL 9/2026,1,2159,RUTE COSTA
PDL 10/2026,1,2217,SANSÃO PEREIRA
PDL 10/2026,2,2222,CRIS MONTEIRO
PDL 10/2026,3,2279,SILVINHO LEITE
PDL 11/2026,1,2228,RENATA FALZONI
PDL 12/2026,1,267,PAULO FRANGE
PDL 12/2026,2,696,CARLOS BEZERRA JR.
PDL 12/2026,3,776,ELISEU GABRIEL
PDL 12/2026,4,936,NABIL BONDUKI
PDL 12/2026,5,1296,ADILSON AMADEU
PDL 12/2026,6,1349,SENIVAL MOURA
PDL 12/2026,7,1635,DRA. SANDRA TADEU
PDL 12/2026,8,1636,DR. MILTON FERREIRA
PDL 12/2026,9,1647,EDIR SALES
PDL 12/2026,10,1989,GEORGE HATO
PDL 12/2026,11,1999,PROFESSOR TONINHO VESPOLI
PDL 12/2026,12,2000,ALESSANDRO GUEDES
PDL 12/2026,13,2001,JAIR TATTO
PDL 12/2026,14,2144,FABIO RIVA
PDL 12/2026,15,2146,GILBERTO NASCIMENTO
PDL 12/2026,16,2147,ISAC FÉLIX
PDL 12/2026,17,2159,RUTE COSTA
PDL 12/2026,18,2160,JOÃO JORGE
PDL 12/2026,19,2185,CELSO GIANNAZI
PDL 12/2026,20,2205,LUANA ALVES
PDL 12/2026,21,2206,SILVIA DA BANCADA FEMINISTA
PDL 12/2026,22,2209,DANILO DO POSTO DE SAÚDE
PDL 12/2026,23,2210,ELY TERUEL
PDL 12/2026,24,2214,RUBINHO NUNES
PDL 12/2026,25,2216,SONAIRA FERNANDES
PDL 12/2026,26,2217,SANSÃO PEREIRA
PDL 12/2026,27,2218,THAMMY MIRANDA
PDL 12/2026,28,2219,MARCELO MESSIAS
PDL 12/2026,29,2222,CRIS MONTEIRO
PDL 12/2026,30,2224,SANDRA SANTANA
PDL 12/2026,31,2228,RENATA FALZONI
PDL 12/2026,32,2246,MAJOR PALUMBO
PDL 12/2026,33,2254,LUNA ZARATTINI
PDL 12/2026,34,2255,JOÃO ANANIAS
PDL 12/2026,35,2256,HÉLIO RODRIGUES
PDL 12/2026,36,2266,ADRILLES JORGE
PDL 12/2026,37,2267,AMANDA PASCHOAL
PDL 12/2026,38,2268,AMANDA VETTORAZZO
PDL 12/2026,39,2269,MARINA BRAGANTE
PDL 12/2026,40,2270,PASTORA SANDRA ALVES
PDL 12/2026,41,2271,ANA CAROLINA OLIVEIRA
PDL 12/2026,42,2272,DHEISON SILVA
PDL 12/2026,43,2273,DR. MURILLO LIMA
PDL 12/2026,44,2274,SARGENTO NANTES
PDL 12/2026,45,2275,GABRIEL ABREU
PDL 12/2026,46,2276,SILVÃO LEITE
PDL 12/2026,47,2277,JANAINA PASCHOAL
PDL 12/2026,48,2278,KEIT LIMA
PDL 12/2026,49,2279,SILVINHO LEITE
PDL 12/2026,50,2280,KENJI ITO
PDL 12/2026,51,2281,SIMONE GANEM
PDL 12/2026,52,2282,LUCAS PAVANATO
PDL 12/2026,53,2283,ZOE MARTÍNEZ
PDL 13/2026,1,267,PAULO FRANGE
PDL 13/2026,2,696,CARLOS BEZERRA JR.
PDL 13/2026,3,776,ELISEU GABRIEL
PDL 13/2026,4,936,NABIL BONDUKI
PDL 13/2026,5,1296,ADILSON AMADEU
PDL 13/2026,6,1349,SENIVAL MOURA
PDL 13/2026,7,1635,DRA. SANDRA TADEU
PDL 13/2026,8,1636,DR. MILTON FERREIRA
PDL 13/2026,9,1647,EDIR SALES
PDL 13/2026,10,1989,GEORGE HATO
PDL 13/2026,11,1999,PROFESSOR TONINHO VESPOLI
PDL 13/2026,12,2000,ALESSANDRO GUEDES
PDL 13/2026,13,2001,JAIR TATTO
PDL 13/2026,14,2144,FABIO RIVA
PDL 13/2026,15,2146,GILBERTO NASCIMENTO
PDL 13/2026,16,2147,ISAC FÉLIX
PDL 13/2026,17,2159,RUTE COSTA
PDL 13/2026,18,2160,JOÃO JORGE
PDL 13/2026,19,2185,CELSO GIANNAZI
PDL 13/2026,20,2205,LUANA ALVES
PDL 13/2026,21,2206,SILVIA DA BANCADA FEMINISTA
PDL 13/2026,22,2209,DANILO DO POSTO DE SAÚDE
PDL 13/2026,23,2210,ELY TERUEL
PDL 13/2026,24,2214,RUBINHO NUNES
PDL 13/2026,25,2216,SONAIRA FERNANDES
PDL 13/2026,26,2217,SANSÃO PEREIRA
PDL 13/2026,27,2218,THAMMY MIRANDA
PDL 13/2026,28,2219,MARCELO MESSIAS
PDL 13/2026,29,2222,CRIS MONTEIRO
PDL 13/2026,30,2224,SANDRA SANTANA
PDL 13/2026,31,2228,RENATA FALZONI
PDL 13/2026,32,2246,MAJOR PALUMBO
PDL 13/2026,33,2254,LUNA ZARATTINI
PDL 13/2026,34,2255,JOÃO ANANIAS
PDL 13/2026,35,2256,HÉLIO RODRIGUES
PDL 13/2026,36,2266,ADRILLES JORGE
PDL 13/2026,37,2267,AMANDA PASCHOAL
PDL 13/2026,38,2268,AMANDA VETTORAZZO
PDL 13/2026,39,2269,MARINA BRAGANTE
PDL 13/2026,40,2270,PASTORA SANDRA ALVES
PDL 13/2026,41,2271,ANA CAROLINA OLIVEIRA
PDL 13/2026,42,2272,DHEISON SILVA
PDL 13/2026,43,2273,DR. MURILLO LIMA
PDL 13/2026,44,2274,SARGENTO NANTES
PDL 13/2026,45,2275,GABRIEL ABREU
PDL 13/2026,46,2276,SILVÃO LEITE
PDL 13/2026,47,2277,JANAINA PASCHOAL
PDL 13/2026,48,2278,KEIT LIMA
PDL 13/2026,49,2279,SILVINHO LEITE
PDL 13/2026,50,2280,KENJI ITO
PDL 13/2026,51,2281,SIMONE GANEM
PDL 13/2026,52,2282,LUCAS PAVANATO
PDL 13/2026,53,2283,ZOE MARTÍNEZ
PDL 14/2026,1,2222,CRIS MONTEIRO
PDL 15/2026,1,2222,CRIS MONTEIRO
PDL 16/2026,1,2273,DR. MURILLO LIMA
PDL 17/2026,1,776,ELISEU GABRIEL
PDL 18/2026,1,2150,ANDRÉ SANTOS
PDL 19/2026,1,2159,RUTE COSTA
PDL 20/2026,1,2267,AMANDA PASCHOAL
PDL 21/2026,1,2218,THAMMY MIRANDA
PDL 22/2026,1,2256,HÉLIO RODRIGUES
PDL 23/2026,1,696,CARLOS BEZERRA JR.
PDL 24/2026,1,2270,PASTORA SANDRA ALVES
PDL 25/2026,1,2270,PASTORA SANDRA ALVES
PDL 26/2026,1,2270,PASTORA SANDRA ALVES
PDL 27/2026,1,2270,PASTORA SANDRA ALVES
PDL 28/2026,1,2275,GABRIEL ABREU
PDL 29/2026,1,2275,GABRIEL ABREU
PDL 30/2026,1,267,PAULO FRANGE
PDL 31/2026,1,2256,HÉLIO RODRIGUES
PDL 31/2026,2,2272,DHEISON SILVA
PDL 31/2026,3,2276,SILVÃO LEITE
PDL 32/2026,1,2222,CRIS MONTEIRO
PDL 33/2026,1,1487,RICARDO TEIXEIRA
PDL 34/2026,1,1487,RICARDO TEIXEIRA
PDL 35/2026,1,2217,SANSÃO PEREIRA
PDL 36/2026,1,1636,DR. MILTON FERREIRA
PDL 37/2026,1,1636,DR. MILTON FERREIRA
PDL 38/2026,1,2270,PASTORA SANDRA ALVES
PDL 39/2026,1,2279,SILVINHO LEITE
PDL 40/2026,1,2271,ANA CAROLINA OLIVEIRA
PDL 41/2026,1,2271,ANA CAROLINA OLIVEIRA
PDL 42/2026,1,2185,CELSO GIANNAZI
PDL 43/2026,1,2271,ANA CAROLINA OLIVEIRA
PDL 44/2026,1,776,ELISEU GABRIEL
PDL 45/2026,1,2277,JANAINA PASCHOAL
PDL 47/2026,1,2279,SILVINHO LEITE
PDL 48/2026,1,2224,SANDRA SANTANA
PDL 49/2026,1,2147,ISAC FÉLIX
PDL 51/2026,1,2218,THAMMY MIRANDA
PDL 52/2026,1,1647,EDIR SALES
PDL 53/2026,1,2256,HÉLIO RODRIGUES
PDL 54/2026,1,2219,MARCELO MESSIAS
PDL 55/2026,1,2269,MARINA BRAGANTE
PDL 56/2026,1,936,NABIL BONDUKI
PDL 57/2026,1,936,NABIL BONDUKI
PDL 58/2026,1,1487,RICARDO TEIXEIRA
PDL 59/2026,1,2150,ANDRÉ SANTOS
PDL 60/2026,1,1999,PROFESSOR TONINHO VESPOLI
PDL 61/2026,1,2228,RENATA FALZONI
PDL 62/2026,1,2228,RENATA FALZONI
PDL 63/2026,1,2211,SIDNEY CRUZ
PDL 64/2026,1,1487,RICARDO TEIXEIRA
PDL 65/2026,1,2246,MAJOR PALUMBO
PDL 66/2026,1,2216,SONAIRA FERNANDES
PDL 67/2026,1,1635,DRA. SANDRA TADEU
PDL 68/2026,1,2276,SILVÃO LEITE
PDL 69/2026,1,2224,SANDRA SANTANA
PDL 70/2026,1,2224,SANDRA SANTANA
PDL 71/2026,1,2283,ZOE MARTÍNEZ
PDL 72/2026,1,1989,GEORGE HATO
PDL 73/2026,1,2144,FABIO RIVA
PDL 73/2026,2,2276,SILVÃO LEITE
PDL 73/2026,3,2279,SILVINHO LEITE
PDL 74/2026,1,2255,JOÃO ANANIAS
PDL 75/2026,1,2270,PASTORA SANDRA ALVES
PDL 76/2026,1,2269,MARINA BRAGANTE
PDL 77/2026,1,2269,MARINA BRAGANTE
PDL 78/2026,1,1989,GEORGE HATO
PDL 79/2026,1,1635,DRA. SANDRA TADEU
PDL 80/2026,1,1989,GEORGE HATO
PDL 81/2026,1,2269,MARINA BRAGANTE
PDL 82/2026,1,2279,SILVINHO LEITE
PDL 83/2026,1,1635,DRA. SANDRA TADEU
PDL 84/2026,1,1989,GEORGE HATO
PDL 85/2026,1,2269,MARINA BRAGANTE
PDL 86/2026,1,1999,PROFESSOR TONINHO VESPOLI
PDL 87/2026,1,2270,PASTORA SANDRA ALVES
PDL 88/2026,1,2270,PASTORA SANDRA ALVES
PDL 89/2026,1,2185,CELSO GIANNAZI
PDL 90/2026,1,2278,KEIT LIMA
PDL 91/2026,1,2205,LUANA ALVES
PDL 92/2026,1,1989,GEORGE HATO
PDL 93/2026,1,1989,GEORGE HATO
PDL 94/2026,1,1296,ADILSON AMADEU
PDL 95/2026,1,2146,GILBERTO NASCIMENTO
PDL 96/2026,1,2147,ISAC FÉLIX
PDL 97/2026,1,2001,JAIR TATTO
PDL 98/2026,1,776,ELISEU GABRIEL
PDL 99/2026,1,2219,MARCELO MESSIAS
PDL 100/2026,1,2219,MARCELO MESSIAS
PDL 101/2026,1,1989,GEORGE HATO
PDL 102/2026,1,2268,AMANDA VETTORAZZO
PL 973/1997,1,271,GOULART
PL 973/1997,2,2153,RODRIGO GOULART
PL 264/1998,1,271,GOULART
PL 264/1998,2,2153,RODRIGO GOULART
PL 392/1998,1,271,GOULART
PL 570/1998,1,273,MILTON LEITE
PL 366/1999,1,224,AURÉLIO NOMURA
PL 366/1999,2,1988,LAÉRCIO BENKO
PL 588/1999,1,273,MILTON LEITE
PL 128/2002,1,280,CARLOS NEDER
PL 128/2002,2,1447,ALFREDINHO
PL 128/2002,3,2254,LUNA ZARATTINI
PL 513/2002,1,271,GOULART
PL 513/2002,2,2153,RODRIGO GOULART
PL 562/2002,1,164,ITALO CARDOSO
PL 562/2002,2,1311,ANTONIO DONATO
PL 630/2002,1,271,GOULART
PL 630/2002,2,2153,RODRIGO GOULART
PL 670/2002,1,796,GILBERTO NATALINI
PL 732/2002,1,776,ELISEU GABRIEL
PL 207/2003,1,267,PAULO FRANGE
PL 447/2003,1,756,CELSO JATENE
PL 519/2003,1,220,TONINHO PAIVA
PL 519/2003,2,267,PAULO FRANGE
PL 822/2003,1,271,GOULART
PL 822/2003,2,2153,RODRIGO GOULART
PL 87/2004,1,776,ELISEU GABRIEL
PL 87/2004,2,1634,JULIANA CARDOSO
PL 406/2004,1,776,ELISEU GABRIEL
PL 250/2005,1,856,FARHAT
PL 250/2005,2,2129,JONAS CAMISA NOVA
PL 832/2005,1,261,JOSE AMERICO
PL 269/2006,1,273,MILTON LEITE
PL 269/2006,2,756,CELSO JATENE
PL 563/2006,1,217,MARIO DIAS
PL 563/2006,2,1307,MARTA COSTA
PL 678/2006,1,267,PAULO FRANGE
PL 713/2006,1,268,DALTON SILVANO
PL 231/2007,1,272,DOMINGOS DISSEI
PL 231/2007,2,1296,ADILSON AMADEU
PL 241/2007,1,776,ELISEU GABRIEL
PL 242/2007,1,776,ELISEU GABRIEL
PL 296/2007,1,776,ELISEU GABRIEL
PL 384/2007,1,1487,RICARDO TEIXEIRA
PL 386/2007,1,776,ELISEU GABRIEL
PL 387/2007,1,776,ELISEU GABRIEL
PL 415/2007,1,776,ELISEU GABRIEL
PL 470/2007,1,1311,ANTONIO DONATO
PL 474/2007,1,1307,MARTA COSTA
PL 546/2007,1,1296,ADILSON AMADEU
PL 705/2007,1,876,ANTONIO CARLOS RODRIGUES
PL 735/2007,1,271,GOULART
PL 735/2007,2,2153,RODRIGO GOULART
PL 749/2007,1,1263,JOSÉ FERREIRA (ZELÃO)
PL 749/2007,2,2001,JAIR TATTO
PL 830/2007,1,273,MILTON LEITE
PL 830/2007,2,2276,SILVÃO LEITE
PL 832/2007,1,273,MILTON LEITE
PL 21/2008,1,224,AURÉLIO NOMURA
PL 26/2008,1,1296,ADILSON AMADEU
PL 32/2008,1,1296,ADILSON AMADEU
PL 57/2008,1,876,ANTONIO CARLOS RODRIGUES
PL 62/2008,1,1387,GILBERTO KASSAB
PL 92/2008,1,1263,JOSÉ FERREIRA (ZELÃO)
PL 92/2008,2,2000,ALESSANDRO GUEDES
PL 172/2008,1,876,ANTONIO CARLOS RODRIGUES
PL 237/2008,1,776,ELISEU GABRIEL
PL 286/2008,1,1307,MARTA COSTA
PL 286/2008,2,1467,MARA GABRILLI
PL 306/2008,1,876,ANTONIO CARLOS RODRIGUES
PL 308/2008,1,1296,ADILSON AMADEU
PL 443/2008,1,776,ELISEU GABRIEL
PL 448/2008,1,776,ELISEU GABRIEL
PL 480/2008,1,1300,CLAUDINHO DE SOUZA
PL 540/2008,1,776,ELISEU GABRIEL
PL 578/2008,1,876,ANTONIO CARLOS RODRIGUES
PL 597/2008,1,273,MILTON LEITE
PL 598/2008,1,273,MILTON LEITE
PL 609/2008,1,1263,JOSÉ FERREIRA (ZELÃO)
PL 609/2008,2,2001,JAIR TATTO
PL 51/2009,1,896,CLAUDIO FONSECA
PL 81/2009,1,267,PAULO FRANGE
PL 257/2009,1,1487,RICARDO TEIXEIRA
PL 265/2009,1,1487,RICARDO TEIXEIRA
PL 298/2009,1,187,GILSON BARRETO
PL 298/2009,2,1636,DR. MILTON FERREIRA
PL 351/2009,1,1633,SOUZA SANTOS
PL 364/2009,1,273,MILTON LEITE
PL 373/2009,1,268,DALTON SILVANO
PL 484/2009,1,1487,RICARDO TEIXEIRA
PL 516/2009,1,267,PAULO FRANGE
PL 583/2009,1,261,JOSE AMERICO
PL 659/2009,1,1487,RICARDO TEIXEIRA
PL 675/2009,1,108,JOOJI HATO
PL 675/2009,2,132,WADIH MUTRAN
PL 675/2009,3,176,ROBERTO TRÍPOLI
PL 675/2009,4,187,GILSON BARRETO
PL 675/2009,5,220,TONINHO PAIVA
PL 675/2009,6,796,GILBERTO NATALINI
PL 675/2009,7,876,ANTONIO CARLOS RODRIGUES
PL 675/2009,8,1300,CLAUDINHO DE SOUZA
PL 675/2009,9,1314,JUSCELINO GADELHA
PL 675/2009,10,1627,PENNA
PL 675/2009,11,1630,MARCELO AGUIAR
PL 675/2009,12,1635,DRA. SANDRA TADEU
PL 675/2009,13,1636,DR. MILTON FERREIRA
PL 675/2009,14,1647,EDIR SALES
PL 760/2009,1,1296,ADILSON AMADEU
PL 45/2010,1,267,PAULO FRANGE
PL 87/2010,1,1326,QUITO FORMIGA
PL 124/2010,1,1487,RICARDO TEIXEIRA
PL 139/2010,1,1633,SOUZA SANTOS
PL 139/2010,2,2146,GILBERTO NASCIMENTO
PL 140/2010,1,1633,SOUZA SANTOS
PL 146/2010,1,1387,GILBERTO KASSAB
PL 326/2010,1,268,DALTON SILVANO
PL 347/2010,1,1387,GILBERTO KASSAB
PL 481/2010,1,896,CLAUDIO FONSECA
PL 481/2010,2,1305,POLICE
PL 531/2010,1,1635,DRA. SANDRA TADEU
PL 532/2010,1,1635,DRA. SANDRA TADEU
PL 543/2010,1,1349,SENIVAL MOURA
PL 548/2010,1,1447,ALFREDINHO
PL 557/2010,1,267,PAULO FRANGE
PL 573/2010,1,314,MISSIONÁRIO JOSÉ OLÍMPIO
PL 573/2010,2,2155,JANAÍNA LIMA
PL 573/2010,3,2219,MARCELO MESSIAS
PL 573/2010,4,2224,SANDRA SANTANA
PL 72/2011,1,1633,SOUZA SANTOS
PL 75/2011,1,1633,SOUZA SANTOS
PL 79/2011,1,1633,SOUZA SANTOS
PL 133/2011,1,896,CLAUDIO FONSECA
PL 133/2011,2,1305,POLICE
PL 170/2011,1,1326,QUITO FORMIGA
PL 181/2011,1,1316,NOEMI NONATO
PL 195/2011,1,1707,DAVID SOARES
PL 201/2011,1,273,MILTON LEITE
PL 208/2011,1,224,AURÉLIO NOMURA
PL 217/2011,1,1634,JULIANA CARDOSO
PL 317/2011,1,896,CLAUDIO FONSECA
PL 317/2011,2,1305,POLICE
PL 318/2011,1,1302,CHICO MACENA
PL 321/2011,1,273,MILTON LEITE
PL 324/2011,1,273,MILTON LEITE
PL 333/2011,1,224,AURÉLIO NOMURA
PL 338/2011,1,1300,CLAUDINHO DE SOUZA
PL 349/2011,1,1299,AURÉLIO MIGUEL
PL 359/2011,1,1311,ANTONIO DONATO
PL 366/2011,1,1634,JULIANA CARDOSO
PL 427/2011,1,1326,QUITO FORMIGA
PL 435/2011,1,776,ELISEU GABRIEL
PL 478/2011,1,224,AURÉLIO NOMURA
PL 478/2011,2,796,GILBERTO NATALINI
PL 484/2011,1,261,JOSE AMERICO
PL 484/2011,2,2001,JAIR TATTO
PL 488/2011,1,268,DALTON SILVANO
PL 490/2011,1,1349,SENIVAL MOURA
PL 563/2011,1,261,JOSE AMERICO
PL 566/2011,1,776,ELISEU GABRIEL
PL 571/2011,1,1487,RICARDO TEIXEIRA
PL 571/2011,2,2147,ISAC FÉLIX
PL 571/2011,3,2219,MARCELO MESSIAS
PL 601/2011,1,224,AURÉLIO NOMURA
PL 601/2011,2,313,CALVO
PL 601/2011,3,1307,MARTA COSTA
PL 601/2011,4,1632,FLORIANO PESARO
PL 601/2011,5,1996,EDUARDO TUMA
PL 605/2011,1,164,ITALO CARDOSO
PL 605/2011,2,220,TONINHO PAIVA
PL 605/2011,3,267,PAULO FRANGE
PL 605/2011,4,1302,CHICO MACENA
PL 605/2011,5,1303,TIÃO FARIAS
PL 605/2011,6,1305,POLICE
PL 605/2011,7,1314,JUSCELINO GADELHA
PL 605/2011,8,1326,QUITO FORMIGA
PL 609/2011,1,267,PAULO FRANGE
PL 609/2011,2,796,GILBERTO NATALINI
PL 609/2011,3,1305,POLICE
PL 609/2011,4,1628,JAMIL MURAD
PL 609/2011,5,1631,MARCO AURELIO CUNHA
PL 609/2011,6,1635,DRA. SANDRA TADEU
PL 609/2011,7,1636,DR. MILTON FERREIRA
PL 616/2011,1,220,TONINHO PAIVA
PL 616/2011,2,267,PAULO FRANGE
PL 616/2011,3,1303,TIÃO FARIAS
PL 616/2011,4,1305,POLICE
PL 616/2011,5,1314,JUSCELINO GADELHA
PL 616/2011,6,1326,QUITO FORMIGA
PL 11/2012,1,776,ELISEU GABRIEL
PL 12/2012,1,776,ELISEU GABRIEL
PL 18/2012,1,268,DALTON SILVANO
PL 28/2012,1,1707,DAVID SOARES
PL 35/2012,1,1707,DAVID SOARES
PL 89/2012,1,220,TONINHO PAIVA
PL 89/2012,2,224,AURÉLIO NOMURA
PL 91/2012,1,1707,DAVID SOARES
PL 93/2012,1,1487,RICARDO TEIXEIRA
PL 109/2012,1,1447,ALFREDINHO
PL 112/2012,1,796,GILBERTO NATALINI
PL 117/2012,1,776,ELISEU GABRIEL
PL 117/2012,2,2146,GILBERTO NASCIMENTO
PL 126/2012,1,187,GILSON BARRETO
PL 134/2012,1,1296,ADILSON AMADEU
PL 137/2012,1,1349,SENIVAL MOURA
PL 140/2012,1,1487,RICARDO TEIXEIRA
PL 146/2012,1,676,ATÍLIO FRANCISCO
PL 163/2012,1,1707,DAVID SOARES
PL 176/2012,1,1634,JULIANA CARDOSO
PL 202/2012,1,1326,QUITO FORMIGA
PL 206/2012,1,1310,ADOLFO QUINTAS
PL 206/2012,2,1487,RICARDO TEIXEIRA
PL 250/2012,1,1487,RICARDO TEIXEIRA
PL 320/2012,1,1487,RICARDO TEIXEIRA
PL 335/2012,1,155,ARSELINO TATTO
PL 338/2012,1,1707,DAVID SOARES
PL 339/2012,1,1707,DAVID SOARES
PL 341/2012,1,876,ANTONIO CARLOS RODRIGUES
PL 392/2012,1,876,ANTONIO CARLOS RODRIGUES
PL 399/2012,1,1296,ADILSON AMADEU
PL 414/2012,1,776,ELISEU GABRIEL
PL 419/2012,1,224,AURÉLIO NOMURA
PL 429/2012,1,1326,QUITO FORMIGA
PL 430/2012,1,155,ARSELINO TATTO
PL 463/2012,1,1299,AURÉLIO MIGUEL
PL 464/2012,1,268,DALTON SILVANO
PL 464/2012,2,1707,DAVID SOARES
PL 497/2012,1,280,CARLOS NEDER
PL 497/2012,2,1634,JULIANA CARDOSO
PL 537/2012,1,1263,JOSÉ FERREIRA (ZELÃO)
PL 537/2012,2,2001,JAIR TATTO
PL 540/2012,1,1263,JOSÉ FERREIRA (ZELÃO)
PL 540/2012,2,2001,JAIR TATTO
PL 542/2012,1,1707,DAVID SOARES
PL 544/2012,1,776,ELISEU GABRIEL
PL 544/2012,2,1297,ABOU ANNI
PL 544/2012,3,1302,CHICO MACENA
PL 544/2012,4,1307,MARTA COSTA
PL 544/2012,5,1314,JUSCELINO GADELHA
PL 544/2012,6,1631,MARCO AURELIO CUNHA
PL 544/2012,7,1632,FLORIANO PESARO
PL 545/2012,1,776,ELISEU GABRIEL
PL 545/2012,2,1297,ABOU ANNI
PL 545/2012,3,1302,CHICO MACENA
PL 545/2012,4,1307,MARTA COSTA
PL 545/2012,5,1314,JUSCELINO GADELHA
PL 545/2012,6,1632,FLORIANO PESARO
PL 5/2013,1,132,WADIH MUTRAN
PL 6/2013,1,187,GILSON BARRETO
PL 6/2013,2,1300,CLAUDINHO DE SOUZA
PL 6/2013,3,1632,FLORIANO PESARO
PL 6/2013,4,1932,MARIO COVAS NETO
PL 6/2013,5,1994,ANDREA MATARAZZO
PL 6/2013,6,1995,CORONEL TELHADA
PL 6/2013,7,1998,PATRÍCIA BEZERRA
PL 6/2013,8,2144,FABIO RIVA
PL 11/2013,1,1947,REIS
PL 15/2013,1,1987,ORLANDO SILVA
PL 18/2013,1,1991,ARI FRIEDENBACH
PL 36/2013,1,1930,OTA
PL 37/2013,1,1991,ARI FRIEDENBACH
PL 42/2013,1,1996,EDUARDO TUMA
PL 53/2013,1,1635,DRA. SANDRA TADEU
PL 90/2013,1,1999,PROFESSOR TONINHO VESPOLI
PL 90/2013,2,2001,JAIR TATTO
PL 91/2013,1,2001,JAIR TATTO
PL 97/2013,1,155,ARSELINO TATTO
PL 108/2013,1,1947,REIS
PL 120/2013,1,1996,EDUARDO TUMA
PL 128/2013,1,1928,RICARDO YOUNG
PL 135/2013,1,2001,JAIR TATTO
PL 136/2013,1,2001,JAIR TATTO
PL 139/2013,1,1307,MARTA COSTA
PL 139/2013,2,2001,JAIR TATTO
PL 147/2013,1,224,AURÉLIO NOMURA
PL 147/2013,2,268,DALTON SILVANO
PL 147/2013,3,1632,FLORIANO PESARO
PL 147/2013,4,1988,LAÉRCIO BENKO
PL 147/2013,5,1994,ANDREA MATARAZZO
PL 147/2013,6,1999,PROFESSOR TONINHO VESPOLI
PL 164/2013,1,1989,GEORGE HATO
PL 169/2013,1,1447,ALFREDINHO
PL 175/2013,1,1992,JEAN MADEIRA
PL 184/2013,1,1309,PAULO FIORILO
PL 187/2013,1,1989,GEORGE HATO
PL 199/2013,1,1647,EDIR SALES
PL 200/2013,1,1932,MARIO COVAS NETO
PL 200/2013,2,1992,JEAN MADEIRA
PL 210/2013,1,1707,DAVID SOARES
PL 219/2013,1,776,ELISEU GABRIEL
PL 219/2013,2,936,NABIL BONDUKI
PL 219/2013,3,1647,EDIR SALES
PL 219/2013,4,1930,OTA
PL 219/2013,5,1947,REIS
PL 219/2013,6,1992,JEAN MADEIRA
PL 219/2013,7,1999,PROFESSOR TONINHO VESPOLI
PL 221/2013,1,1987,ORLANDO SILVA
PL 221/2013,2,1991,ARI FRIEDENBACH
PL 224/2013,1,1947,REIS
PL 224/2013,2,2255,JOÃO ANANIAS
PL 227/2013,1,261,JOSE AMERICO
PL 227/2013,2,1307,MARTA COSTA
PL 227/2013,3,1632,FLORIANO PESARO
PL 227/2013,4,1994,ANDREA MATARAZZO
PL 227/2013,5,2144,FABIO RIVA
PL 239/2013,1,2003,PR. EDEMILSON CHAVES
PL 244/2013,1,1634,JULIANA CARDOSO
PL 251/2013,1,1309,PAULO FIORILO
PL 251/2013,2,1447,ALFREDINHO
PL 256/2013,1,1996,EDUARDO TUMA
PL 263/2013,1,1309,PAULO FIORILO
PL 263/2013,2,1447,ALFREDINHO
PL 278/2013,1,1647,EDIR SALES
PL 284/2013,1,132,WADIH MUTRAN
PL 284/2013,2,208,NELO RODOLFO
PL 284/2013,3,268,DALTON SILVANO
PL 284/2013,4,271,GOULART
PL 313/2013,1,1996,EDUARDO TUMA
PL 315/2013,1,1296,ADILSON AMADEU
PL 315/2013,2,1996,EDUARDO TUMA
PL 315/2013,3,2147,ISAC FÉLIX
PL 315/2013,4,2273,DR. MURILLO LIMA
PL 328/2013,1,1996,EDUARDO TUMA
PL 338/2013,1,1996,EDUARDO TUMA
PL 338/2013,2,2129,JONAS CAMISA NOVA
PL 338/2013,3,2145,FERNANDO HOLIDAY
PL 338/2013,4,2155,JANAÍNA LIMA
PL 369/2013,1,2001,JAIR TATTO
PL 371/2013,1,271,GOULART
PL 371/2013,2,1987,ORLANDO SILVA
PL 375/2013,1,268,DALTON SILVANO
PL 388/2013,1,1447,ALFREDINHO
PL 388/2013,2,2003,PR. EDEMILSON CHAVES
PL 393/2013,1,224,AURÉLIO NOMURA
PL 393/2013,2,796,GILBERTO NATALINI
PL 394/2013,1,1996,EDUARDO TUMA
PL 394/2013,2,1998,PATRÍCIA BEZERRA
PL 394/2013,3,2001,JAIR TATTO
PL 394/2013,4,2146,GILBERTO NASCIMENTO
PL 394/2013,5,2279,SILVINHO LEITE
PL 419/2013,1,1996,EDUARDO TUMA
PL 423/2013,1,2001,JAIR TATTO
PL 430/2013,1,1635,DRA. SANDRA TADEU
PL 443/2013,1,1988,LAÉRCIO BENKO
PL 444/2013,1,208,NELO RODOLFO
PL 444/2013,2,313,CALVO
PL 444/2013,3,1296,ADILSON AMADEU
PL 444/2013,4,1989,GEORGE HATO
PL 444/2013,5,1990,RICARDO NUNES
PL 444/2013,6,2219,MARCELO MESSIAS
PL 463/2013,1,267,PAULO FRANGE
PL 463/2013,2,2001,JAIR TATTO
PL 467/2013,1,271,GOULART
PL 467/2013,2,2153,RODRIGO GOULART
PL 468/2013,1,267,PAULO FRANGE
PL 469/2013,1,1316,NOEMI NONATO
PL 474/2013,1,1296,ADILSON AMADEU
PL 474/2013,2,2001,JAIR TATTO
PL 491/2013,1,1988,LAÉRCIO BENKO
PL 492/2013,1,1988,LAÉRCIO BENKO
PL 507/2013,1,1927,MARQUITO
PL 515/2013,1,1998,PATRÍCIA BEZERRA
PL 519/2013,1,1996,EDUARDO TUMA
PL 519/2013,2,2000,ALESSANDRO GUEDES
PL 534/2013,1,261,JOSE AMERICO
PL 537/2013,1,1988,LAÉRCIO BENKO
PL 579/2013,1,1316,NOEMI NONATO
PL 628/2013,1,155,ARSELINO TATTO
PL 628/2013,2,271,GOULART
PL 628/2013,3,273,MILTON LEITE
PL 628/2013,4,1447,ALFREDINHO
PL 628/2013,5,1990,RICARDO NUNES
PL 628/2013,6,2001,JAIR TATTO
PL 628/2013,7,2153,RODRIGO GOULART
PL 628/2013,8,2219,MARCELO MESSIAS
PL 635/2013,1,1634,JULIANA CARDOSO
PL 643/2013,1,1305,POLICE
PL 669/2013,1,1632,FLORIANO PESARO
PL 669/2013,2,1633,SOUZA SANTOS
PL 669/2013,3,1927,MARQUITO
PL 669/2013,4,1930,OTA
PL 669/2013,5,1967,VAVÁ
PL 669/2013,6,1989,GEORGE HATO
PL 669/2013,7,1990,RICARDO NUNES
PL 669/2013,8,1992,JEAN MADEIRA
PL 669/2013,9,1998,PATRÍCIA BEZERRA
PL 669/2013,10,2219,MARCELO MESSIAS
PL 680/2013,1,271,GOULART
PL 680/2013,2,2153,RODRIGO GOULART
PL 696/2013,1,271,GOULART
PL 696/2013,2,2153,RODRIGO GOULART
PL 712/2013,1,1634,JULIANA CARDOSO
PL 725/2013,1,1947,REIS
PL 725/2013,2,2255,JOÃO ANANIAS
PL 729/2013,1,2000,ALESSANDRO GUEDES
PL 742/2013,1,1635,DRA. SANDRA TADEU
PL 766/2013,1,261,JOSE AMERICO
PL 766/2013,2,2001,JAIR TATTO
PL 767/2013,1,1447,ALFREDINHO
PL 768/2013,1,1447,ALFREDINHO
PL 769/2013,1,1316,NOEMI NONATO
PL 789/2013,1,936,NABIL BONDUKI
PL 789/2013,2,1316,NOEMI NONATO
PL 789/2013,3,1930,OTA
PL 789/2013,4,1947,REIS
PL 789/2013,5,1987,ORLANDO SILVA
PL 789/2013,6,1991,ARI FRIEDENBACH
PL 789/2013,7,1999,PROFESSOR TONINHO VESPOLI
PL 790/2013,1,224,AURÉLIO NOMURA
PL 790/2013,2,796,GILBERTO NATALINI
PL 797/2013,1,271,GOULART
PL 797/2013,2,1305,POLICE
PL 807/2013,1,1447,ALFREDINHO
PL 808/2013,1,1447,ALFREDINHO
PL 808/2013,2,1647,EDIR SALES
PL 808/2013,3,2219,MARCELO MESSIAS
PL 809/2013,1,2000,ALESSANDRO GUEDES
PL 820/2013,1,1996,EDUARDO TUMA
PL 820/2013,2,2152,RINALDI DIGILIO
PL 820/2013,3,2153,RODRIGO GOULART
PL 820/2013,4,2159,RUTE COSTA
PL 820/2013,5,2219,MARCELO MESSIAS
PL 821/2013,1,271,GOULART
PL 821/2013,2,1305,POLICE
PL 821/2013,3,2153,RODRIGO GOULART
PL 823/2013,1,1996,EDUARDO TUMA
PL 832/2013,1,1634,JULIANA CARDOSO
PL 840/2013,1,155,ARSELINO TATTO
PL 840/2013,2,160,EDUARDO MATARAZZO SUPLICY
PL 840/2013,3,224,AURÉLIO NOMURA
PL 840/2013,4,261,JOSE AMERICO
PL 840/2013,5,936,NABIL BONDUKI
PL 840/2013,6,1309,PAULO FIORILO
PL 840/2013,7,1311,ANTONIO DONATO
PL 840/2013,8,1349,SENIVAL MOURA
PL 840/2013,9,1447,ALFREDINHO
PL 840/2013,10,1632,FLORIANO PESARO
PL 840/2013,11,1634,JULIANA CARDOSO
PL 840/2013,12,1932,MARIO COVAS NETO
PL 840/2013,13,1947,REIS
PL 840/2013,14,1967,VAVÁ
PL 840/2013,15,1996,EDUARDO TUMA
PL 840/2013,16,1999,PROFESSOR TONINHO VESPOLI
PL 840/2013,17,2001,JAIR TATTO
PL 847/2013,1,1447,ALFREDINHO
PL 847/2013,2,1932,MARIO COVAS NETO
PL 847/2013,3,1989,GEORGE HATO
PL 847/2013,4,1991,ARI FRIEDENBACH
PL 847/2013,5,2001,JAIR TATTO
PL 847/2013,6,2129,JONAS CAMISA NOVA
PL 861/2013,1,1309,PAULO FIORILO
PL 861/2013,2,2001,JAIR TATTO
PL 881/2013,1,1947,REIS
PL 881/2013,2,2255,JOÃO ANANIAS
PL 892/2013,1,1296,ADILSON AMADEU
PL 896/2013,1,271,GOULART
PL 896/2013,2,1947,REIS
PL 898/2013,1,1996,EDUARDO TUMA
PL 898/2013,2,2131,RODOLFO DESPACHANTE
PL 899/2013,1,1996,EDUARDO TUMA
PL 904/2013,1,2001,JAIR TATTO
PL 908/2013,1,2001,JAIR TATTO
PL 911/2013,1,2001,JAIR TATTO
PL 7/2014,1,1635,DRA. SANDRA TADEU
PL 38/2014,1,1707,DAVID SOARES
PL 39/2014,1,267,PAULO FRANGE
PL 43/2014,1,1988,LAÉRCIO BENKO
PL 59/2014,1,313,CALVO
PL 59/2014,2,1305,POLICE
PL 59/2014,3,1316,NOEMI NONATO
PL 59/2014,4,1947,REIS
PL 59/2014,5,1967,VAVÁ
PL 59/2014,6,1988,LAÉRCIO BENKO
PL 59/2014,7,1990,RICARDO NUNES
PL 59/2014,8,1996,EDUARDO TUMA
PL 59/2014,9,2002,CONTE LOPES
PL 59/2014,10,2219,MARCELO MESSIAS
PL 68/2014,1,796,GILBERTO NATALINI
PL 69/2014,1,1632,FLORIANO PESARO
PL 69/2014,2,1996,EDUARDO TUMA
PL 87/2014,1,1996,EDUARDO TUMA
PL 92/2014,1,271,GOULART
PL 92/2014,2,1305,POLICE
PL 92/2014,3,1647,EDIR SALES
PL 92/2014,4,1990,RICARDO NUNES
PL 92/2014,5,2153,RODRIGO GOULART
PL 92/2014,6,2219,MARCELO MESSIAS
PL 95/2014,1,1309,PAULO FIORILO
PL 111/2014,1,1999,PROFESSOR TONINHO VESPOLI
PL 115/2014,1,1316,NOEMI NONATO
PL 120/2014,1,1999,PROFESSOR TONINHO VESPOLI
PL 120/2014,2,2243,DR. ADRIANO SANTOS
PL 122/2014,1,271,GOULART
PL 122/2014,2,1305,POLICE
PL 123/2014,1,208,NELO RODOLFO
PL 123/2014,2,224,AURÉLIO NOMURA
PL 123/2014,3,313,CALVO
PL 123/2014,4,1989,GEORGE HATO
PL 123/2014,5,1990,RICARDO NUNES
PL 123/2014,6,1996,EDUARDO TUMA
PL 123/2014,7,2219,MARCELO MESSIAS
PL 126/2014,1,1635,DRA. SANDRA TADEU
PL 127/2014,1,1989,GEORGE HATO
PL 162/2014,1,1447,ALFREDINHO
PL 173/2014,1,1297,ABOU ANNI
PL 180/2014,1,1635,DRA. SANDRA TADEU
PL 210/2014,1,1296,ADILSON AMADEU
PL 217/2014,1,224,AURÉLIO NOMURA
PL 217/2014,2,796,GILBERTO NATALINI
PL 243/2014,1,1999,PROFESSOR TONINHO VESPOLI
PL 243/2014,2,2148,SÂMIA BOMFIM
PL 248/2014,1,1296,ADILSON AMADEU
PL 265/2014,1,224,AURÉLIO NOMURA
PL 265/2014,2,796,GILBERTO NATALINI
PL 275/2014,1,1928,RICARDO YOUNG
PL 275/2014,2,1992,JEAN MADEIRA
PL 277/2014,1,1947,REIS
PL 277/2014,2,2255,JOÃO ANANIAS
PL 287/2014,1,313,CALVO
PL 299/2014,1,271,GOULART
PL 299/2014,2,1305,POLICE
PL 306/2014,1,1647,EDIR SALES
PL 308/2014,1,1947,REIS
PL 308/2014,2,2255,JOÃO ANANIAS
PL 325/2014,1,220,TONINHO PAIVA
PL 325/2014,2,676,ATÍLIO FRANCISCO
PL 325/2014,3,1326,QUITO FORMIGA
PL 325/2014,4,1635,DRA. SANDRA TADEU
PL 325/2014,5,1989,GEORGE HATO
PL 325/2014,6,1990,RICARDO NUNES
PL 325/2014,7,1996,EDUARDO TUMA
PL 325/2014,8,2145,FERNANDO HOLIDAY
PL 325/2014,9,2146,GILBERTO NASCIMENTO
PL 325/2014,10,2147,ISAC FÉLIX
PL 325/2014,11,2150,ANDRÉ SANTOS
PL 325/2014,12,2152,RINALDI DIGILIO
PL 325/2014,13,2154,CAMILO CRISTÓFARO
PL 325/2014,14,2159,RUTE COSTA
PL 325/2014,15,2160,JOÃO JORGE
PL 325/2014,16,2219,MARCELO MESSIAS
PL 326/2014,1,1988,LAÉRCIO BENKO
PL 335/2014,1,271,GOULART
PL 335/2014,2,1305,POLICE
PL 338/2014,1,1996,EDUARDO TUMA
PL 346/2014,1,224,AURÉLIO NOMURA
PL 346/2014,2,796,GILBERTO NATALINI
PL 346/2014,3,1999,PROFESSOR TONINHO VESPOLI
PL 347/2014,1,796,GILBERTO NATALINI
PL 352/2014,1,224,AURÉLIO NOMURA
PL 364/2014,1,1993,CORONEL CAMILO
PL 386/2014,1,1999,PROFESSOR TONINHO VESPOLI
PL 394/2014,1,1707,DAVID SOARES
PL 399/2014,1,1996,EDUARDO TUMA
PL 424/2014,1,1999,PROFESSOR TONINHO VESPOLI
PL 425/2014,1,1999,PROFESSOR TONINHO VESPOLI
PL 429/2014,1,1996,EDUARDO TUMA
PL 434/2014,1,187,GILSON BARRETO
PL 434/2014,2,224,AURÉLIO NOMURA
PL 434/2014,3,1296,ADILSON AMADEU
PL 434/2014,4,1487,RICARDO TEIXEIRA
PL 434/2014,5,1996,EDUARDO TUMA
PL 434/2014,6,1999,PROFESSOR TONINHO VESPOLI
PL 434/2014,7,2144,FABIO RIVA
PL 434/2014,8,2147,ISAC FÉLIX
PL 434/2014,9,2152,RINALDI DIGILIO
PL 434/2014,10,2153,RODRIGO GOULART
PL 434/2014,11,2273,DR. MURILLO LIMA
PL 434/2014,12,2281,SIMONE GANEM
PL 436/2014,1,2001,JAIR TATTO
PL 437/2014,1,2001,JAIR TATTO
PL 453/2014,1,261,JOSE AMERICO
PL 453/2014,2,313,CALVO
PL 453/2014,3,1307,MARTA COSTA
PL 453/2014,4,1632,FLORIANO PESARO
PL 453/2014,5,1994,ANDREA MATARAZZO
PL 455/2014,1,676,ATÍLIO FRANCISCO
PL 465/2014,1,1707,DAVID SOARES
PL 472/2014,1,1996,EDUARDO TUMA
PL 472/2014,2,2152,RINALDI DIGILIO
PL 479/2014,1,1707,DAVID SOARES
PL 485/2014,1,1300,CLAUDINHO DE SOUZA
PL 494/2014,1,1707,DAVID SOARES
PL 497/2014,1,187,GILSON BARRETO
PL 497/2014,2,224,AURÉLIO NOMURA
PL 497/2014,3,1632,FLORIANO PESARO
PL 497/2014,4,1932,MARIO COVAS NETO
PL 497/2014,5,1994,ANDREA MATARAZZO
PL 518/2014,1,2001,JAIR TATTO
PL 520/2014,1,261,JOSE AMERICO
PL 523/2014,1,1635,DRA. SANDRA TADEU
PL 525/2014,1,271,GOULART
PL 525/2014,2,1631,MARCO AURELIO CUNHA
PL 532/2014,1,267,PAULO FRANGE
PL 540/2014,1,271,GOULART
PL 540/2014,2,2153,RODRIGO GOULART
PL 548/2014,1,1994,ANDREA MATARAZZO
PL 548/2014,2,2144,FABIO RIVA
PL 549/2014,1,1296,ADILSON AMADEU
PL 561/2014,1,796,GILBERTO NATALINI
PL 4/2015,1,271,GOULART
PL 4/2015,2,1305,POLICE
PL 17/2015,1,1999,PROFESSOR TONINHO VESPOLI
PL 18/2015,1,224,AURÉLIO NOMURA
PL 18/2015,2,796,GILBERTO NATALINI
PL 28/2015,1,1635,DRA. SANDRA TADEU
PL 34/2015,1,1635,DRA. SANDRA TADEU
PL 35/2015,1,224,AURÉLIO NOMURA
PL 35/2015,2,796,GILBERTO NATALINI
PL 40/2015,1,1309,PAULO FIORILO
PL 40/2015,2,2001,JAIR TATTO
PL 44/2015,1,1309,PAULO FIORILO
PL 52/2015,1,2001,JAIR TATTO
PL 61/2015,1,220,TONINHO PAIVA
PL 61/2015,2,1319,SONINHA FRANCINE
PL 70/2015,1,155,ARSELINO TATTO
PL 76/2015,1,1296,ADILSON AMADEU
PL 76/2015,2,1647,EDIR SALES
PL 80/2015,1,1305,POLICE
PL 104/2015,1,155,ARSELINO TATTO
PL 108/2015,1,776,ELISEU GABRIEL
PL 108/2015,2,796,GILBERTO NATALINI
PL 109/2015,1,268,DALTON SILVANO
PL 114/2015,1,1305,POLICE
PL 116/2015,1,1297,ABOU ANNI
PL 124/2015,1,220,TONINHO PAIVA
PL 144/2015,1,224,AURÉLIO NOMURA
PL 144/2015,2,796,GILBERTO NATALINI
PL 151/2015,1,224,AURÉLIO NOMURA
PL 151/2015,2,796,GILBERTO NATALINI
PL 162/2015,1,224,AURÉLIO NOMURA
PL 162/2015,2,1768,SALOMÃO PEREIRA
PL 183/2015,1,2001,JAIR TATTO
PL 190/2015,1,1311,ANTONIO DONATO
PL 200/2015,1,796,GILBERTO NATALINI
PL 201/2015,1,2108,MARCOS BELIZÁRIO
PL 201/2015,2,2129,JONAS CAMISA NOVA
PL 215/2015,1,2000,ALESSANDRO GUEDES
PL 215/2015,2,2001,JAIR TATTO
PL 231/2015,1,267,PAULO FRANGE
PL 239/2015,1,1930,OTA
PL 252/2015,1,2129,JONAS CAMISA NOVA
PL 255/2015,1,936,NABIL BONDUKI
PL 255/2015,2,1999,PROFESSOR TONINHO VESPOLI
PL 281/2015,1,796,GILBERTO NATALINI
PL 281/2015,2,1634,JULIANA CARDOSO
PL 290/2015,1,2129,JONAS CAMISA NOVA
PL 302/2015,1,2002,CONTE LOPES
PL 304/2015,1,1487,RICARDO TEIXEIRA
PL 309/2015,1,1947,REIS
PL 309/2015,2,2255,JOÃO ANANIAS
PL 314/2015,1,1947,REIS
PL 314/2015,2,2255,JOÃO ANANIAS
PL 315/2015,1,936,NABIL BONDUKI
PL 315/2015,2,1999,PROFESSOR TONINHO VESPOLI
PL 315/2015,3,2148,SÂMIA BOMFIM
PL 317/2015,1,1999,PROFESSOR TONINHO VESPOLI
PL 325/2015,1,2129,JONAS CAMISA NOVA
PL 335/2015,1,268,DALTON SILVANO
PL 337/2015,1,1947,REIS
PL 337/2015,2,2255,JOÃO ANANIAS
PL 353/2015,1,1634,JULIANA CARDOSO
PL 353/2015,2,1999,PROFESSOR TONINHO VESPOLI
PL 353/2015,3,2148,SÂMIA BOMFIM
PL 354/2015,1,1999,PROFESSOR TONINHO VESPOLI
PL 356/2015,1,1297,ABOU ANNI
PL 356/2015,2,2146,GILBERTO NASCIMENTO
PL 365/2015,1,796,GILBERTO NATALINI
PL 365/2015,2,1487,RICARDO TEIXEIRA
PL 366/2015,1,1996,EDUARDO TUMA
PL 366/2015,2,2146,GILBERTO NASCIMENTO
PL 366/2015,3,2152,RINALDI DIGILIO
PL 380/2015,1,1326,QUITO FORMIGA
PL 381/2015,1,1326,QUITO FORMIGA
PL 381/2015,2,1999,PROFESSOR TONINHO VESPOLI
PL 384/2015,1,1326,QUITO FORMIGA
PL 391/2015,1,1326,QUITO FORMIGA
PL 399/2015,1,1297,ABOU ANNI
PL 399/2015,2,2146,GILBERTO NASCIMENTO
PL 401/2015,1,1994,ANDREA MATARAZZO
PL 401/2015,2,2144,FABIO RIVA
PL 404/2015,1,1996,EDUARDO TUMA
PL 404/2015,2,2152,RINALDI DIGILIO
PL 406/2015,1,1635,DRA. SANDRA TADEU
PL 411/2015,1,1931,FERNANDO HADDAD
PL 448/2015,1,1967,VAVÁ
PL 449/2015,1,267,PAULO FRANGE
PL 449/2015,2,313,CALVO
PL 449/2015,3,796,GILBERTO NATALINI
PL 449/2015,4,1635,DRA. SANDRA TADEU
PL 449/2015,5,1768,SALOMÃO PEREIRA
PL 449/2015,6,1989,GEORGE HATO
PL 449/2015,7,1998,PATRÍCIA BEZERRA
PL 449/2015,8,2131,RODOLFO DESPACHANTE
PL 452/2015,1,1999,PROFESSOR TONINHO VESPOLI
PL 465/2015,1,2129,JONAS CAMISA NOVA
PL 471/2015,1,267,PAULO FRANGE
PL 479/2015,1,1999,PROFESSOR TONINHO VESPOLI
PL 515/2015,1,220,TONINHO PAIVA
PL 515/2015,2,224,AURÉLIO NOMURA
PL 515/2015,3,267,PAULO FRANGE
PL 515/2015,4,313,CALVO
PL 515/2015,5,676,ATÍLIO FRANCISCO
PL 515/2015,6,1297,ABOU ANNI
PL 515/2015,7,1305,POLICE
PL 515/2015,8,1316,NOEMI NONATO
PL 515/2015,9,1326,QUITO FORMIGA
PL 515/2015,10,1633,SOUZA SANTOS
PL 515/2015,11,1635,DRA. SANDRA TADEU
PL 515/2015,12,1637,NETINHO DE PAULA
PL 515/2015,13,1707,DAVID SOARES
PL 515/2015,14,1768,SALOMÃO PEREIRA
PL 515/2015,15,1990,RICARDO NUNES
PL 515/2015,16,1991,ARI FRIEDENBACH
PL 515/2015,17,1994,ANDREA MATARAZZO
PL 515/2015,18,1998,PATRÍCIA BEZERRA
PL 515/2015,19,1999,PROFESSOR TONINHO VESPOLI
PL 515/2015,20,2002,CONTE LOPES
PL 515/2015,21,2127,VALDECIR CABRABOM
PL 515/2015,22,2219,MARCELO MESSIAS
PL 516/2015,1,1999,PROFESSOR TONINHO VESPOLI
PL 524/2015,1,1996,EDUARDO TUMA
PL 528/2015,1,1999,PROFESSOR TONINHO VESPOLI
PL 536/2015,1,1947,REIS
PL 536/2015,2,2148,SÂMIA BOMFIM
PL 546/2015,1,1647,EDIR SALES
PL 546/2015,2,1930,OTA
PL 561/2015,1,1296,ADILSON AMADEU
PL 563/2015,1,2129,JONAS CAMISA NOVA
PL 564/2015,1,2129,JONAS CAMISA NOVA
PL 568/2015,1,1931,FERNANDO HADDAD
PL 569/2015,1,1647,EDIR SALES
PL 570/2015,1,314,MISSIONÁRIO JOSÉ OLÍMPIO
PL 570/2015,2,1996,EDUARDO TUMA
PL 570/2015,3,2150,ANDRÉ SANTOS
PL 570/2015,4,2152,RINALDI DIGILIO
PL 570/2015,5,2213,FARIA DE SÁ
PL 592/2015,1,2001,JAIR TATTO
PL 594/2015,1,2001,JAIR TATTO
PL 597/2015,1,1999,PROFESSOR TONINHO VESPOLI
PL 597/2015,2,2001,JAIR TATTO
PL 597/2015,3,2207,ERIKA HILTON
PL 597/2015,4,2211,SIDNEY CRUZ
PL 597/2015,5,2223,FELIPE BECARI
PL 597/2015,6,2267,AMANDA PASCHOAL
PL 617/2015,1,132,WADIH MUTRAN
PL 617/2015,2,208,NELO RODOLFO
PL 617/2015,3,313,CALVO
PL 617/2015,4,796,GILBERTO NATALINI
PL 617/2015,5,1316,NOEMI NONATO
PL 617/2015,6,1637,NETINHO DE PAULA
PL 617/2015,7,1667,ANIBAL DE FREITAS FILHO
PL 617/2015,8,1989,GEORGE HATO
PL 617/2015,9,1990,RICARDO NUNES
PL 617/2015,10,1998,PATRÍCIA BEZERRA
PL 617/2015,11,2219,MARCELO MESSIAS
PL 623/2015,1,1326,QUITO FORMIGA
PL 625/2015,1,796,GILBERTO NATALINI
PL 625/2015,2,1991,ARI FRIEDENBACH
PL 625/2015,3,2146,GILBERTO NASCIMENTO
PL 627/2015,1,1309,PAULO FIORILO
PL 648/2015,1,1999,PROFESSOR TONINHO VESPOLI
PL 648/2015,2,2151,ZÉ TURIN
PL 652/2015,1,160,EDUARDO MATARAZZO SUPLICY
PL 652/2015,2,1634,JULIANA CARDOSO
PL 652/2015,3,2254,LUNA ZARATTINI
PL 656/2015,1,1309,PAULO FIORILO
PL 656/2015,2,2001,JAIR TATTO
PL 658/2015,1,1991,ARI FRIEDENBACH
PL 663/2015,1,267,PAULO FRANGE
PL 664/2015,1,267,PAULO FRANGE
PL 665/2015,1,267,PAULO FRANGE
PL 667/2015,1,1932,MARIO COVAS NETO
PL 667/2015,2,1999,PROFESSOR TONINHO VESPOLI
PL 674/2015,1,1667,ANIBAL DE FREITAS FILHO
PL 675/2015,1,1947,REIS
PL 675/2015,2,2255,JOÃO ANANIAS
PL 698/2015,1,1947,REIS
PL 698/2015,2,2255,JOÃO ANANIAS
PL 702/2015,1,1707,DAVID SOARES
PL 703/2015,1,796,GILBERTO NATALINI
PL 707/2015,1,1707,DAVID SOARES
PL 709/2015,1,1999,PROFESSOR TONINHO VESPOLI
PL 711/2015,1,2001,JAIR TATTO
PL 723/2015,1,1931,FERNANDO HADDAD
PL 725/2015,1,208,NELO RODOLFO
PL 30/2016,1,776,ELISEU GABRIEL
PL 36/2016,1,268,DALTON SILVANO
PL 39/2016,1,268,DALTON SILVANO
PL 43/2016,1,2001,JAIR TATTO
PL 46/2016,1,1296,ADILSON AMADEU
PL 46/2016,2,2235,FELIPE FRANCO
PL 52/2016,1,2000,ALESSANDRO GUEDES
PL 58/2016,1,155,ARSELINO TATTO
PL 61/2016,1,2001,JAIR TATTO
PL 62/2016,1,1634,JULIANA CARDOSO
PL 65/2016,1,1310,ADOLFO QUINTAS
PL 67/2016,1,224,AURÉLIO NOMURA
PL 67/2016,2,796,GILBERTO NATALINI
PL 67/2016,3,1932,MARIO COVAS NETO
PL 73/2016,1,2129,JONAS CAMISA NOVA
PL 74/2016,1,2129,JONAS CAMISA NOVA
PL 78/2016,1,2000,ALESSANDRO GUEDES
PL 80/2016,1,796,GILBERTO NATALINI
PL 84/2016,1,1297,ABOU ANNI
PL 84/2016,2,2146,GILBERTO NASCIMENTO
PL 89/2016,1,224,AURÉLIO NOMURA
PL 89/2016,2,796,GILBERTO NATALINI
PL 96/2016,1,1931,FERNANDO HADDAD
PL 107/2016,1,1947,REIS
PL 107/2016,2,2255,JOÃO ANANIAS
PL 121/2016,1,1633,SOUZA SANTOS
PL 123/2016,1,2129,JONAS CAMISA NOVA
PL 126/2016,1,1996,EDUARDO TUMA
PL 137/2016,1,2129,JONAS CAMISA NOVA
PL 139/2016,1,1989,GEORGE HATO
PL 141/2016,1,796,GILBERTO NATALINI
PL 141/2016,2,1990,RICARDO NUNES
PL 141/2016,3,2129,JONAS CAMISA NOVA
PL 146/2016,1,1633,SOUZA SANTOS
PL 150/2016,1,1999,PROFESSOR TONINHO VESPOLI
PL 156/2016,1,2129,JONAS CAMISA NOVA
PL 161/2016,1,2129,JONAS CAMISA NOVA
PL 164/2016,1,1326,QUITO FORMIGA
PL 168/2016,1,2129,JONAS CAMISA NOVA
PL 183/2016,1,2129,JONAS CAMISA NOVA
PL 203/2016,1,1296,ADILSON AMADEU
PL 205/2016,1,2001,JAIR TATTO
PL 207/2016,1,796,GILBERTO NATALINI
PL 207/2016,2,1994,ANDREA MATARAZZO
PL 207/2016,3,2142,ADRIANA RAMALHO
PL 210/2016,1,155,ARSELINO TATTO
PL 216/2016,1,2129,JONAS CAMISA NOVA
PL 221/2016,1,796,GILBERTO NATALINI
PL 221/2016,2,2129,JONAS CAMISA NOVA
PL 223/2016,1,2129,JONAS CAMISA NOVA
PL 232/2016,1,2001,JAIR TATTO
PL 233/2016,1,2001,JAIR TATTO
PL 240/2016,1,1634,JULIANA CARDOSO
PL 243/2016,1,1967,VAVÁ
PL 244/2016,1,1707,DAVID SOARES
PL 245/2016,1,1707,DAVID SOARES
PL 252/2016,1,268,DALTON SILVANO
PL 257/2016,1,1305,POLICE
PL 257/2016,2,1999,PROFESSOR TONINHO VESPOLI
PL 259/2016,1,1305,POLICE
PL 262/2016,1,1309,PAULO FIORILO
PL 263/2016,1,2129,JONAS CAMISA NOVA
PL 265/2016,1,224,AURÉLIO NOMURA
PL 265/2016,2,796,GILBERTO NATALINI
PL 265/2016,3,1999,PROFESSOR TONINHO VESPOLI
PL 267/2016,1,1947,REIS
PL 267/2016,2,2255,JOÃO ANANIAS
PL 273/2016,1,1999,PROFESSOR TONINHO VESPOLI
PL 279/2016,1,224,AURÉLIO NOMURA
PL 290/2016,1,208,NELO RODOLFO
PL 290/2016,2,1989,GEORGE HATO
PL 290/2016,3,2155,JANAÍNA LIMA
PL 290/2016,4,2156,CAIO MIRANDA CARNEIRO
PL 293/2016,1,220,TONINHO PAIVA
PL 297/2016,1,1326,QUITO FORMIGA
PL 307/2016,1,1487,RICARDO TEIXEIRA
PL 313/2016,1,1300,CLAUDINHO DE SOUZA
PL 314/2016,1,1635,DRA. SANDRA TADEU
PL 315/2016,1,1635,DRA. SANDRA TADEU
PL 319/2016,1,2001,JAIR TATTO
PL 322/2016,1,208,NELO RODOLFO
PL 322/2016,2,1989,GEORGE HATO
PL 322/2016,3,1990,RICARDO NUNES
PL 322/2016,4,2219,MARCELO MESSIAS
PL 329/2016,1,1296,ADILSON AMADEU
PL 329/2016,2,1647,EDIR SALES
PL 329/2016,3,2138,JOSELITO
PL 336/2016,1,1326,QUITO FORMIGA
PL 337/2016,1,224,AURÉLIO NOMURA
PL 341/2016,1,224,AURÉLIO NOMURA
PL 341/2016,2,1990,RICARDO NUNES
PL 341/2016,3,1999,PROFESSOR TONINHO VESPOLI
PL 341/2016,4,2153,RODRIGO GOULART
PL 341/2016,5,2219,MARCELO MESSIAS
PL 344/2016,1,1309,PAULO FIORILO
PL 344/2016,2,2001,JAIR TATTO
PL 352/2016,1,776,ELISEU GABRIEL
PL 353/2016,1,1947,REIS
PL 353/2016,2,2255,JOÃO ANANIAS
PL 354/2016,1,1311,ANTONIO DONATO
PL 354/2016,2,2129,JONAS CAMISA NOVA
PL 355/2016,1,2129,JONAS CAMISA NOVA
PL 357/2016,1,1296,ADILSON AMADEU
PL 357/2016,2,1647,EDIR SALES
PL 357/2016,3,2138,JOSELITO
PL 357/2016,4,2144,FABIO RIVA
PL 370/2016,1,267,PAULO FRANGE
PL 371/2016,1,1999,PROFESSOR TONINHO VESPOLI
PL 376/2016,1,160,EDUARDO MATARAZZO SUPLICY
PL 376/2016,2,936,NABIL BONDUKI
PL 376/2016,3,1305,POLICE
PL 376/2016,4,1319,SONINHA FRANCINE
PL 376/2016,5,1326,QUITO FORMIGA
PL 376/2016,6,1999,PROFESSOR TONINHO VESPOLI
PL 376/2016,7,2149,DANIEL ANNENBERG
PL 378/2016,1,2129,JONAS CAMISA NOVA
PL 379/2016,1,2129,JONAS CAMISA NOVA
PL 380/2016,1,2129,JONAS CAMISA NOVA
PL 381/2016,1,2129,JONAS CAMISA NOVA
PL 387/2016,1,1487,RICARDO TEIXEIRA
PL 387/2016,2,1667,ANIBAL DE FREITAS FILHO
PL 393/2016,1,1931,FERNANDO HADDAD
PL 394/2016,1,796,GILBERTO NATALINI
PL 395/2016,1,2129,JONAS CAMISA NOVA
PL 396/2016,1,187,GILSON BARRETO
PL 396/2016,2,1309,PAULO FIORILO
PL 396/2016,3,1447,ALFREDINHO
PL 396/2016,4,1634,JULIANA CARDOSO
PL 396/2016,5,1990,RICARDO NUNES
PL 396/2016,6,1992,JEAN MADEIRA
PL 396/2016,7,2205,LUANA ALVES
PL 396/2016,8,2207,ERIKA HILTON
PL 396/2016,9,2208,ELAINE DO QUILOMBO PERIFÉRICO
PL 396/2016,10,2211,SIDNEY CRUZ
PL 396/2016,11,2213,FARIA DE SÁ
PL 396/2016,12,2223,FELIPE BECARI
PL 399/2016,1,936,NABIL BONDUKI
PL 399/2016,2,1999,PROFESSOR TONINHO VESPOLI
PL 400/2016,1,160,EDUARDO MATARAZZO SUPLICY
PL 400/2016,2,936,NABIL BONDUKI
PL 400/2016,3,1634,JULIANA CARDOSO
PL 400/2016,4,1999,PROFESSOR TONINHO VESPOLI
PL 400/2016,5,2149,DANIEL ANNENBERG
PL 400/2016,6,2254,LUNA ZARATTINI
PL 400/2016,7,2269,MARINA BRAGANTE
PL 401/2016,1,220,TONINHO PAIVA
PL 401/2016,2,2147,ISAC FÉLIX
PL 401/2016,3,2219,MARCELO MESSIAS
PL 405/2016,1,1930,OTA
PL 410/2016,1,2129,JONAS CAMISA NOVA
PL 413/2016,1,1990,RICARDO NUNES
PL 413/2016,2,2219,MARCELO MESSIAS
PL 417/2016,1,936,NABIL BONDUKI
PL 421/2016,1,776,ELISEU GABRIEL
PL 422/2016,1,776,ELISEU GABRIEL
PL 422/2016,2,2155,JANAÍNA LIMA
PL 435/2016,1,1297,ABOU ANNI
PL 437/2016,1,267,PAULO FRANGE
PL 446/2016,1,155,ARSELINO TATTO
PL 452/2016,1,267,PAULO FRANGE
PL 456/2016,1,155,ARSELINO TATTO
PL 458/2016,1,936,NABIL BONDUKI
PL 461/2016,1,936,NABIL BONDUKI
PL 461/2016,2,1634,JULIANA CARDOSO
PL 461/2016,3,1999,PROFESSOR TONINHO VESPOLI
PL 461/2016,4,2148,SÂMIA BOMFIM
PL 461/2016,5,2208,ELAINE DO QUILOMBO PERIFÉRICO
PL 463/2016,1,155,ARSELINO TATTO
PL 472/2016,1,1931,FERNANDO HADDAD
PL 480/2016,1,220,TONINHO PAIVA
PL 480/2016,2,224,AURÉLIO NOMURA
PL 480/2016,3,1994,ANDREA MATARAZZO
PL 481/2016,1,224,AURÉLIO NOMURA
PL 481/2016,2,1994,ANDREA MATARAZZO
PL 484/2016,1,2129,JONAS CAMISA NOVA
PL 492/2016,1,2129,JONAS CAMISA NOVA
PL 497/2016,1,1647,EDIR SALES
PL 497/2016,2,1930,OTA
PL 497/2016,3,2143,ALINE CARDOSO
PL 497/2016,4,2156,CAIO MIRANDA CARNEIRO
PL 498/2016,1,1316,NOEMI NONATO
PL 498/2016,2,1647,EDIR SALES
PL 498/2016,3,1930,OTA
PL 499/2016,1,2001,JAIR TATTO
PL 501/2016,1,155,ARSELINO TATTO
PL 502/2016,1,936,NABIL BONDUKI
PL 503/2016,1,160,EDUARDO MATARAZZO SUPLICY
PL 503/2016,2,936,NABIL BONDUKI
PL 504/2016,1,936,NABIL BONDUKI
PL 506/2016,1,267,PAULO FRANGE
PL 513/2016,1,676,ATÍLIO FRANCISCO
PL 514/2016,1,1999,PROFESSOR TONINHO VESPOLI
PL 527/2016,1,2001,JAIR TATTO
PL 532/2016,1,1309,PAULO FIORILO
PL 532/2016,2,1447,ALFREDINHO
PL 532/2016,3,2180,MANOEL DEL RIO
PL 532/2016,4,2256,HÉLIO RODRIGUES
PL 534/2016,1,1296,ADILSON AMADEU
PL 534/2016,2,1297,ABOU ANNI
PL 534/2016,3,2146,GILBERTO NASCIMENTO
PL 535/2016,1,1634,JULIANA CARDOSO
PL 536/2016,1,1487,RICARDO TEIXEIRA
PL 541/2016,1,1989,GEORGE HATO
PL 551/2016,1,1931,FERNANDO HADDAD
PL 552/2016,1,1932,MARIO COVAS NETO
PL 556/2016,1,936,NABIL BONDUKI
PL 558/2016,1,936,NABIL BONDUKI
PL 558/2016,2,2149,DANIEL ANNENBERG
PL 559/2016,1,936,NABIL BONDUKI
PL 560/2016,1,1931,FERNANDO HADDAD
PL 562/2016,1,1931,FERNANDO HADDAD
PL 565/2016,1,1635,DRA. SANDRA TADEU
PL 568/2016,1,155,ARSELINO TATTO
PL 571/2016,1,776,ELISEU GABRIEL
PL 580/2016,1,1999,PROFESSOR TONINHO VESPOLI
PL 580/2016,2,2148,SÂMIA BOMFIM
PL 580/2016,3,2166,ISA PENNA
PL 582/2016,1,936,NABIL BONDUKI
PL 582/2016,2,1999,PROFESSOR TONINHO VESPOLI
PL 582/2016,3,2166,ISA PENNA
PL 583/2016,1,224,AURÉLIO NOMURA
PL 583/2016,2,1994,ANDREA MATARAZZO
PL 583/2016,3,2144,FABIO RIVA
PL 588/2016,1,776,ELISEU GABRIEL
PL 590/2016,1,776,ELISEU GABRIEL
PL 592/2016,1,776,ELISEU GABRIEL
PL 593/2016,1,776,ELISEU GABRIEL
PL 598/2016,1,2135,MESA DA CAMARA MUNICIPAL DE SAO PAULO
PL 604/2016,1,1634,JULIANA CARDOSO
PL 605/2016,1,1319,SONINHA FRANCINE
PL 605/2016,2,1647,EDIR SALES
PL 606/2016,1,1647,EDIR SALES
PL 607/2016,1,1647,EDIR SALES
PL 607/2016,2,2219,MARCELO MESSIAS
PL 614/2016,1,776,ELISEU GABRIEL
PL 615/2016,1,936,NABIL BONDUKI
PL 617/2016,1,936,NABIL BONDUKI
PL 619/2016,1,1931,FERNANDO HADDAD
PL 620/2016,1,1931,FERNANDO HADDAD
PL 621/2016,1,1931,FERNANDO HADDAD
PL 1/2017,1,220,TONINHO PAIVA
PL 1/2017,2,676,ATÍLIO FRANCISCO
PL 1/2017,3,756,CELSO JATENE
PL 1/2017,4,1296,ADILSON AMADEU
PL 1/2017,5,1305,POLICE
PL 1/2017,6,1633,SOUZA SANTOS
PL 1/2017,7,1647,EDIR SALES
PL 1/2017,8,1707,DAVID SOARES
PL 1/2017,9,1930,OTA
PL 1/2017,10,1932,MARIO COVAS NETO
PL 1/2017,11,1996,EDUARDO TUMA
PL 1/2017,12,1998,PATRÍCIA BEZERRA
PL 1/2017,13,2146,GILBERTO NASCIMENTO
PL 1/2017,14,2147,ISAC FÉLIX
PL 1/2017,15,2150,ANDRÉ SANTOS
PL 1/2017,16,2152,RINALDI DIGILIO
PL 1/2017,17,2153,RODRIGO GOULART
PL 1/2017,18,2154,CAMILO CRISTÓFARO
PL 1/2017,19,2155,JANAÍNA LIMA
PL 1/2017,20,2156,CAIO MIRANDA CARNEIRO
PL 1/2017,21,2159,RUTE COSTA
PL 3/2017,1,1932,MARIO COVAS NETO
PL 6/2017,1,1311,ANTONIO DONATO
PL 17/2017,1,1990,RICARDO NUNES
PL 17/2017,2,2151,ZÉ TURIN
PL 17/2017,3,2219,MARCELO MESSIAS
PL 21/2017,1,1996,EDUARDO TUMA
PL 23/2017,1,1996,EDUARDO TUMA
PL 26/2017,1,160,EDUARDO MATARAZZO SUPLICY
PL 26/2017,2,1319,SONINHA FRANCINE
PL 26/2017,3,1634,JULIANA CARDOSO
PL 26/2017,4,2000,ALESSANDRO GUEDES
PL 26/2017,5,2205,LUANA ALVES
PL 26/2017,6,2206,SILVIA DA BANCADA FEMINISTA
PL 26/2017,7,2207,ERIKA HILTON
PL 26/2017,8,2254,LUNA ZARATTINI
PL 33/2017,1,267,PAULO FRANGE
PL 34/2017,1,267,PAULO FRANGE
PL 36/2017,1,267,PAULO FRANGE
PL 38/2017,1,1647,EDIR SALES
PL 38/2017,2,2151,ZÉ TURIN
PL 38/2017,3,2153,RODRIGO GOULART
PL 39/2017,1,1647,EDIR SALES
PL 39/2017,2,2153,RODRIGO GOULART
PL 40/2017,1,1647,EDIR SALES
PL 49/2017,1,2153,RODRIGO GOULART
PL 49/2017,2,2218,THAMMY MIRANDA
PL 51/2017,1,1930,OTA
PL 57/2017,1,2147,ISAC FÉLIX
PL 66/2017,1,896,CLAUDIO FONSECA
PL 68/2017,1,896,CLAUDIO FONSECA
PL 68/2017,2,2154,CAMILO CRISTÓFARO
PL 69/2017,1,896,CLAUDIO FONSECA
PL 70/2017,1,896,CLAUDIO FONSECA
PL 71/2017,1,896,CLAUDIO FONSECA
PL 72/2017,1,896,CLAUDIO FONSECA
PL 74/2017,1,1487,RICARDO TEIXEIRA
PL 75/2017,1,267,PAULO FRANGE
PL 76/2017,1,1990,RICARDO NUNES
PL 76/2017,2,2219,MARCELO MESSIAS
PL 84/2017,1,1296,ADILSON AMADEU
PL 88/2017,1,2145,FERNANDO HOLIDAY
PL 91/2017,1,2154,CAMILO CRISTÓFARO
PL 94/2017,1,1930,OTA
PL 100/2017,1,155,ARSELINO TATTO
PL 101/2017,1,1487,RICARDO TEIXEIRA
PL 102/2017,1,1487,RICARDO TEIXEIRA
PL 102/2017,2,1647,EDIR SALES
PL 105/2017,1,2154,CAMILO CRISTÓFARO
PL 111/2017,1,2142,ADRIANA RAMALHO
PL 112/2017,1,2159,RUTE COSTA
PL 114/2017,1,1487,RICARDO TEIXEIRA
PL 114/2017,2,2146,GILBERTO NASCIMENTO
PL 115/2017,1,1447,ALFREDINHO
PL 116/2017,1,1487,RICARDO TEIXEIRA
PL 118/2017,1,1633,SOUZA SANTOS
PL 118/2017,2,2150,ANDRÉ SANTOS
PL 122/2017,1,2148,SÂMIA BOMFIM
PL 122/2017,2,2166,ISA PENNA
PL 122/2017,3,2185,CELSO GIANNAZI
PL 122/2017,4,2205,LUANA ALVES
PL 124/2017,1,2148,SÂMIA BOMFIM
PL 124/2017,2,2166,ISA PENNA
PL 124/2017,3,2185,CELSO GIANNAZI
PL 126/2017,1,2145,FERNANDO HOLIDAY
PL 132/2017,1,1647,EDIR SALES
PL 132/2017,2,1947,REIS
PL 133/2017,1,676,ATÍLIO FRANCISCO
PL 133/2017,2,1316,NOEMI NONATO
PL 133/2017,3,1633,SOUZA SANTOS
PL 133/2017,4,1635,DRA. SANDRA TADEU
PL 133/2017,5,1647,EDIR SALES
PL 133/2017,6,1707,DAVID SOARES
PL 133/2017,7,1947,REIS
PL 133/2017,8,1996,EDUARDO TUMA
PL 133/2017,9,1998,PATRÍCIA BEZERRA
PL 133/2017,10,2146,GILBERTO NASCIMENTO
PL 133/2017,11,2147,ISAC FÉLIX
PL 133/2017,12,2150,ANDRÉ SANTOS
PL 133/2017,13,2152,RINALDI DIGILIO
PL 133/2017,14,2159,RUTE COSTA
PL 133/2017,15,2160,JOÃO JORGE
PL 134/2017,1,1635,DRA. SANDRA TADEU
PL 134/2017,2,1990,RICARDO NUNES
PL 134/2017,3,1996,EDUARDO TUMA
PL 134/2017,4,2002,CONTE LOPES
PL 134/2017,5,2145,FERNANDO HOLIDAY
PL 134/2017,6,2146,GILBERTO NASCIMENTO
PL 134/2017,7,2147,ISAC FÉLIX
PL 134/2017,8,2152,RINALDI DIGILIO
PL 134/2017,9,2159,RUTE COSTA
PL 134/2017,10,2160,JOÃO JORGE
PL 140/2017,1,2147,ISAC FÉLIX
PL 143/2017,1,2154,CAMILO CRISTÓFARO
PL 147/2017,1,1947,REIS
PL 149/2017,1,2001,JAIR TATTO
PL 150/2017,1,2001,JAIR TATTO
PL 153/2017,1,2001,JAIR TATTO
PL 156/2017,1,155,ARSELINO TATTO
PL 157/2017,1,155,ARSELINO TATTO
PL 170/2017,1,1930,OTA
PL 174/2017,1,1947,REIS
PL 174/2017,2,2255,JOÃO ANANIAS
PL 175/2017,1,1635,DRA. SANDRA TADEU
PL 175/2017,2,1996,EDUARDO TUMA
PL 175/2017,3,2159,RUTE COSTA
PL 178/2017,1,2151,ZÉ TURIN
PL 184/2017,1,1296,ADILSON AMADEU
PL 191/2017,1,2145,FERNANDO HOLIDAY
PL 191/2017,2,2213,FARIA DE SÁ
PL 195/2017,1,2144,FABIO RIVA
PL 197/2017,1,2153,RODRIGO GOULART
PL 197/2017,2,2218,THAMMY MIRANDA
PL 203/2017,1,2147,ISAC FÉLIX
PL 203/2017,2,2219,MARCELO MESSIAS
PL 204/2017,1,1999,PROFESSOR TONINHO VESPOLI
PL 204/2017,2,2147,ISAC FÉLIX
PL 204/2017,3,2150,ANDRÉ SANTOS
PL 205/2017,1,2147,ISAC FÉLIX
PL 207/2017,1,2148,SÂMIA BOMFIM
PL 209/2017,1,896,CLAUDIO FONSECA
PL 210/2017,1,1636,DR. MILTON FERREIRA
PL 211/2017,1,1636,DR. MILTON FERREIRA
PL 214/2017,1,1633,SOUZA SANTOS
PL 215/2017,1,2160,JOÃO JORGE
PL 217/2017,1,696,CARLOS BEZERRA JR.
PL 217/2017,2,1634,JULIANA CARDOSO
PL 217/2017,3,1999,PROFESSOR TONINHO VESPOLI
PL 217/2017,4,2001,JAIR TATTO
PL 217/2017,5,2153,RODRIGO GOULART
PL 218/2017,1,1707,DAVID SOARES
PL 219/2017,1,224,AURÉLIO NOMURA
PL 219/2017,2,2219,MARCELO MESSIAS
PL 222/2017,1,2145,FERNANDO HOLIDAY
PL 226/2017,1,1999,PROFESSOR TONINHO VESPOLI
PL 226/2017,2,2166,ISA PENNA
PL 226/2017,3,2206,SILVIA DA BANCADA FEMINISTA
PL 226/2017,4,2272,DHEISON SILVA
PL 226/2017,5,2278,KEIT LIMA
PL 226/2017,6,2279,SILVINHO LEITE
PL 229/2017,1,1326,QUITO FORMIGA
PL 232/2017,1,267,PAULO FRANGE
PL 238/2017,1,1990,RICARDO NUNES
PL 238/2017,2,2219,MARCELO MESSIAS
PL 245/2017,1,1326,QUITO FORMIGA
PL 250/2017,1,1487,RICARDO TEIXEIRA
PL 252/2017,1,1487,RICARDO TEIXEIRA
PL 254/2017,1,2154,CAMILO CRISTÓFARO
PL 258/2017,1,1989,GEORGE HATO
PL 260/2017,1,2145,FERNANDO HOLIDAY
PL 260/2017,2,2155,JANAÍNA LIMA
PL 261/2017,1,2145,FERNANDO HOLIDAY
PL 263/2017,1,2001,JAIR TATTO
PL 264/2017,1,1487,RICARDO TEIXEIRA
PL 266/2017,1,1297,ABOU ANNI
PL 266/2017,2,2146,GILBERTO NASCIMENTO
PL 267/2017,1,2146,GILBERTO NASCIMENTO
PL 267/2017,2,2152,RINALDI DIGILIO
PL 268/2017,1,2002,CONTE LOPES
PL 269/2017,1,1487,RICARDO TEIXEIRA
PL 276/2017,1,1487,RICARDO TEIXEIRA
PL 279/2017,1,1447,ALFREDINHO
PL 280/2017,1,2147,ISAC FÉLIX
PL 281/2017,1,676,ATÍLIO FRANCISCO
PL 281/2017,2,2147,ISAC FÉLIX
PL 282/2017,1,220,TONINHO PAIVA
PL 285/2017,1,220,TONINHO PAIVA
PL 289/2017,1,1300,CLAUDINHO DE SOUZA
PL 289/2017,2,1326,QUITO FORMIGA
PL 297/2017,1,187,GILSON BARRETO
PL 301/2017,1,1297,ABOU ANNI
PL 305/2017,1,2148,SÂMIA BOMFIM
PL 305/2017,2,2185,CELSO GIANNAZI
PL 308/2017,1,2159,RUTE COSTA
PL 313/2017,1,1647,EDIR SALES
PL 314/2017,1,1647,EDIR SALES
PL 316/2017,1,155,ARSELINO TATTO
PL 316/2017,2,160,EDUARDO MATARAZZO SUPLICY
PL 316/2017,3,220,TONINHO PAIVA
PL 316/2017,4,267,PAULO FRANGE
PL 316/2017,5,676,ATÍLIO FRANCISCO
PL 316/2017,6,896,CLAUDIO FONSECA
PL 316/2017,7,1296,ADILSON AMADEU
PL 316/2017,8,1305,POLICE
PL 316/2017,9,1311,ANTONIO DONATO
PL 316/2017,10,1316,NOEMI NONATO
PL 316/2017,11,1349,SENIVAL MOURA
PL 316/2017,12,1447,ALFREDINHO
PL 316/2017,13,1636,DR. MILTON FERREIRA
PL 316/2017,14,1647,EDIR SALES
PL 316/2017,15,1930,OTA
PL 316/2017,16,1932,MARIO COVAS NETO
PL 316/2017,17,1947,REIS
PL 316/2017,18,1989,GEORGE HATO
PL 316/2017,19,1990,RICARDO NUNES
PL 316/2017,20,1996,EDUARDO TUMA
PL 316/2017,21,1999,PROFESSOR TONINHO VESPOLI
PL 316/2017,22,2000,ALESSANDRO GUEDES
PL 316/2017,23,2002,CONTE LOPES
PL 316/2017,24,2142,ADRIANA RAMALHO
PL 316/2017,25,2146,GILBERTO NASCIMENTO
PL 316/2017,26,2147,ISAC FÉLIX
PL 316/2017,27,2148,SÂMIA BOMFIM
PL 316/2017,28,2150,ANDRÉ SANTOS
PL 316/2017,29,2151,ZÉ TURIN
PL 316/2017,30,2152,RINALDI DIGILIO
PL 316/2017,31,2153,RODRIGO GOULART
PL 316/2017,32,2158,XEXÉU TRIPOLI
PL 316/2017,33,2159,RUTE COSTA
PL 316/2017,34,2219,MARCELO MESSIAS
PL 317/2017,1,1487,RICARDO TEIXEIRA
PL 318/2017,1,187,GILSON BARRETO
PL 318/2017,2,676,ATÍLIO FRANCISCO
PL 318/2017,3,1316,NOEMI NONATO
PL 318/2017,4,1635,DRA. SANDRA TADEU
PL 318/2017,5,1647,EDIR SALES
PL 318/2017,6,1932,MARIO COVAS NETO
PL 318/2017,7,2144,FABIO RIVA
PL 318/2017,8,2145,FERNANDO HOLIDAY
PL 318/2017,9,2152,RINALDI DIGILIO
PL 318/2017,10,2155,JANAÍNA LIMA
PL 318/2017,11,2156,CAIO MIRANDA CARNEIRO
PL 319/2017,1,187,GILSON BARRETO
PL 319/2017,2,1297,ABOU ANNI
PL 319/2017,3,2146,GILBERTO NASCIMENTO
PL 320/2017,1,1707,DAVID SOARES
PL 320/2017,2,1996,EDUARDO TUMA
PL 320/2017,3,2142,ADRIANA RAMALHO
PL 320/2017,4,2143,ALINE CARDOSO
PL 320/2017,5,2155,JANAÍNA LIMA
PL 320/2017,6,2156,CAIO MIRANDA CARNEIRO
PL 320/2017,7,2158,XEXÉU TRIPOLI
PL 324/2017,1,1487,RICARDO TEIXEIRA
PL 324/2017,2,2001,JAIR TATTO
PL 324/2017,3,2148,SÂMIA BOMFIM
PL 325/2017,1,2001,JAIR TATTO
PL 326/2017,1,155,ARSELINO TATTO
PL 328/2017,1,2152,RINALDI DIGILIO
PL 331/2017,1,1947,REIS
PL 331/2017,2,2255,JOÃO ANANIAS
PL 336/2017,1,2159,RUTE COSTA
PL 337/2017,1,2159,RUTE COSTA
PL 340/2017,1,2145,FERNANDO HOLIDAY
PL 342/2017,1,1636,DR. MILTON FERREIRA
PL 344/2017,1,1999,PROFESSOR TONINHO VESPOLI
PL 345/2017,1,2154,CAMILO CRISTÓFARO
PL 347/2017,1,1297,ABOU ANNI
PL 347/2017,2,2146,GILBERTO NASCIMENTO
PL 351/2017,1,1487,RICARDO TEIXEIRA
PL 354/2017,1,676,ATÍLIO FRANCISCO
PL 354/2017,2,1487,RICARDO TEIXEIRA
PL 354/2017,3,1635,DRA. SANDRA TADEU
PL 354/2017,4,1647,EDIR SALES
PL 354/2017,5,2131,RODOLFO DESPACHANTE
PL 354/2017,6,2144,FABIO RIVA
PL 354/2017,7,2152,RINALDI DIGILIO
PL 354/2017,8,2154,CAMILO CRISTÓFARO
PL 354/2017,9,2159,RUTE COSTA
PL 354/2017,10,2211,SIDNEY CRUZ
PL 354/2017,11,2246,MAJOR PALUMBO
PL 363/2017,1,2001,JAIR TATTO
PL 369/2017,1,1990,RICARDO NUNES
PL 369/2017,2,2144,FABIO RIVA
PL 369/2017,3,2151,ZÉ TURIN
PL 369/2017,4,2153,RODRIGO GOULART
PL 369/2017,5,2219,MARCELO MESSIAS
PL 377/2017,1,2152,RINALDI DIGILIO
PL 378/2017,1,1311,ANTONIO DONATO
PL 378/2017,2,2254,LUNA ZARATTINI
PL 393/2017,1,2160,JOÃO JORGE
PL 398/2017,1,2148,SÂMIA BOMFIM
PL 399/2017,1,160,EDUARDO MATARAZZO SUPLICY
PL 399/2017,2,2148,SÂMIA BOMFIM
PL 399/2017,3,2185,CELSO GIANNAZI
PL 400/2017,1,2148,SÂMIA BOMFIM
PL 401/2017,1,2148,SÂMIA BOMFIM
PL 402/2017,1,2148,SÂMIA BOMFIM
PL 404/2017,1,2163,João Agripino da Costa Doria Junior
PL 406/2017,1,896,CLAUDIO FONSECA
PL 408/2017,1,1998,PATRÍCIA BEZERRA
PL 408/2017,2,2143,ALINE CARDOSO
PL 408/2017,3,2224,SANDRA SANTANA
PL 409/2017,1,1316,NOEMI NONATO
PL 409/2017,2,1319,SONINHA FRANCINE
PL 409/2017,3,1634,JULIANA CARDOSO
PL 409/2017,4,1635,DRA. SANDRA TADEU
PL 409/2017,5,1647,EDIR SALES
PL 409/2017,6,1998,PATRÍCIA BEZERRA
PL 409/2017,7,2142,ADRIANA RAMALHO
PL 409/2017,8,2143,ALINE CARDOSO
PL 409/2017,9,2148,SÂMIA BOMFIM
PL 409/2017,10,2159,RUTE COSTA
PL 411/2017,1,1947,REIS
PL 411/2017,2,2255,JOÃO ANANIAS
PL 412/2017,1,1947,REIS
PL 412/2017,2,2255,JOÃO ANANIAS
PL 413/2017,1,1947,REIS
PL 413/2017,2,2255,JOÃO ANANIAS
PL 416/2017,1,1634,JULIANA CARDOSO
PL 420/2017,1,273,MILTON LEITE
PL 420/2017,2,2153,RODRIGO GOULART
PL 420/2017,3,2156,CAIO MIRANDA CARNEIRO
PL 421/2017,1,2143,ALINE CARDOSO
PL 421/2017,2,2156,CAIO MIRANDA CARNEIRO
PL 425/2017,1,896,CLAUDIO FONSECA
PL 426/2017,1,155,ARSELINO TATTO
PL 426/2017,2,160,EDUARDO MATARAZZO SUPLICY
PL 426/2017,3,220,TONINHO PAIVA
PL 426/2017,4,224,AURÉLIO NOMURA
PL 426/2017,5,267,PAULO FRANGE
PL 426/2017,6,268,DALTON SILVANO
PL 426/2017,7,676,ATÍLIO FRANCISCO
PL 426/2017,8,896,CLAUDIO FONSECA
PL 426/2017,9,1296,ADILSON AMADEU
PL 426/2017,10,1297,ABOU ANNI
PL 426/2017,11,1300,CLAUDINHO DE SOUZA
PL 426/2017,12,1305,POLICE
PL 426/2017,13,1311,ANTONIO DONATO
PL 426/2017,14,1316,NOEMI NONATO
PL 426/2017,15,1349,SENIVAL MOURA
PL 426/2017,16,1447,ALFREDINHO
PL 426/2017,17,1487,RICARDO TEIXEIRA
PL 426/2017,18,1633,SOUZA SANTOS
PL 426/2017,19,1634,JULIANA CARDOSO
PL 426/2017,20,1635,DRA. SANDRA TADEU
PL 426/2017,21,1636,DR. MILTON FERREIRA
PL 426/2017,22,1647,EDIR SALES
PL 426/2017,23,1707,DAVID SOARES
PL 426/2017,24,1930,OTA
PL 426/2017,25,1947,REIS
PL 426/2017,26,1990,RICARDO NUNES
PL 426/2017,27,1996,EDUARDO TUMA
PL 426/2017,28,1998,PATRÍCIA BEZERRA
PL 426/2017,29,1999,PROFESSOR TONINHO VESPOLI
PL 426/2017,30,2000,ALESSANDRO GUEDES
PL 426/2017,31,2001,JAIR TATTO
PL 426/2017,32,2002,CONTE LOPES
PL 426/2017,33,2142,ADRIANA RAMALHO
PL 426/2017,34,2144,FABIO RIVA
PL 426/2017,35,2145,FERNANDO HOLIDAY
PL 426/2017,36,2146,GILBERTO NASCIMENTO
PL 426/2017,37,2147,ISAC FÉLIX
PL 426/2017,38,2150,ANDRÉ SANTOS
PL 426/2017,39,2151,ZÉ TURIN
PL 426/2017,40,2152,RINALDI DIGILIO
PL 426/2017,41,2153,RODRIGO GOULART
PL 426/2017,42,2154,CAMILO CRISTÓFARO
PL 426/2017,43,2159,RUTE COSTA
PL 426/2017,44,2219,MARCELO MESSIAS
PL 428/2017,1,2159,RUTE COSTA
PL 429/2017,1,2159,RUTE COSTA
PL 430/2017,1,2159,RUTE COSTA
PL 430/2017,2,2219,MARCELO MESSIAS
PL 431/2017,1,676,ATÍLIO FRANCISCO
PL 431/2017,2,1635,DRA. SANDRA TADEU
PL 431/2017,3,1647,EDIR SALES
PL 431/2017,4,2144,FABIO RIVA
PL 431/2017,5,2152,RINALDI DIGILIO
PL 431/2017,6,2155,JANAÍNA LIMA
PL 431/2017,7,2159,RUTE COSTA
PL 431/2017,8,2210,ELY TERUEL
PL 431/2017,9,2213,FARIA DE SÁ
PL 431/2017,10,2219,MARCELO MESSIAS
PL 434/2017,1,2142,ADRIANA RAMALHO
PL 436/2017,1,2001,JAIR TATTO
PL 437/2017,1,2001,JAIR TATTO
PL 438/2017,1,2001,JAIR TATTO
PL 440/2017,1,2001,JAIR TATTO
PL 440/2017,2,2147,ISAC FÉLIX
PL 442/2017,1,2001,JAIR TATTO
PL 446/2017,1,2143,ALINE CARDOSO
PL 446/2017,2,2224,SANDRA SANTANA
PL 447/2017,1,1311,ANTONIO DONATO
PL 450/2017,1,1487,RICARDO TEIXEIRA
PL 450/2017,2,1947,REIS
PL 450/2017,3,2158,XEXÉU TRIPOLI
PL 450/2017,4,2255,JOÃO ANANIAS
PL 451/2017,1,1947,REIS
PL 451/2017,2,2255,JOÃO ANANIAS
PL 452/2017,1,1999,PROFESSOR TONINHO VESPOLI
PL 453/2017,1,2143,ALINE CARDOSO
PL 453/2017,2,2224,SANDRA SANTANA
PL 454/2017,1,220,TONINHO PAIVA
PL 455/2017,1,220,TONINHO PAIVA
PL 455/2017,2,1634,JULIANA CARDOSO
PL 456/2017,1,220,TONINHO PAIVA
PL 460/2017,1,220,TONINHO PAIVA
PL 461/2017,1,220,TONINHO PAIVA
PL 464/2017,1,1634,JULIANA CARDOSO
PL 465/2017,1,2143,ALINE CARDOSO
PL 465/2017,2,2224,SANDRA SANTANA
PL 468/2017,1,1999,PROFESSOR TONINHO VESPOLI
PL 471/2017,1,2143,ALINE CARDOSO
PL 471/2017,2,2224,SANDRA SANTANA
PL 472/2017,1,2155,JANAÍNA LIMA
PL 474/2017,1,273,MILTON LEITE
PL 474/2017,2,2153,RODRIGO GOULART
PL 474/2017,3,2156,CAIO MIRANDA CARNEIRO
PL 475/2017,1,273,MILTON LEITE
PL 475/2017,2,2153,RODRIGO GOULART
PL 475/2017,3,2156,CAIO MIRANDA CARNEIRO
PL 479/2017,1,2143,ALINE CARDOSO
PL 479/2017,2,2224,SANDRA SANTANA
PL 481/2017,1,2159,RUTE COSTA
PL 482/2017,1,1635,DRA. SANDRA TADEU
PL 482/2017,2,2159,RUTE COSTA
PL 482/2017,3,2219,MARCELO MESSIAS
PL 484/2017,1,2159,RUTE COSTA
PL 485/2017,1,1999,PROFESSOR TONINHO VESPOLI
PL 486/2017,1,267,PAULO FRANGE
PL 487/2017,1,267,PAULO FRANGE
PL 488/2017,1,1487,RICARDO TEIXEIRA
PL 490/2017,1,1990,RICARDO NUNES
PL 490/2017,2,2219,MARCELO MESSIAS
PL 494/2017,1,2148,SÂMIA BOMFIM
PL 496/2017,1,1999,PROFESSOR TONINHO VESPOLI
PL 497/2017,1,1487,RICARDO TEIXEIRA
PL 500/2017,1,187,GILSON BARRETO
PL 500/2017,2,220,TONINHO PAIVA
PL 500/2017,3,224,AURÉLIO NOMURA
PL 500/2017,4,267,PAULO FRANGE
PL 500/2017,5,676,ATÍLIO FRANCISCO
PL 500/2017,6,756,CELSO JATENE
PL 500/2017,7,776,ELISEU GABRIEL
PL 500/2017,8,796,GILBERTO NATALINI
PL 500/2017,9,896,CLAUDIO FONSECA
PL 500/2017,10,1300,CLAUDINHO DE SOUZA
PL 500/2017,11,1316,NOEMI NONATO
PL 500/2017,12,1319,SONINHA FRANCINE
PL 500/2017,13,1326,QUITO FORMIGA
PL 500/2017,14,1487,RICARDO TEIXEIRA
PL 500/2017,15,1635,DRA. SANDRA TADEU
PL 500/2017,16,1636,DR. MILTON FERREIRA
PL 500/2017,17,1647,EDIR SALES
PL 500/2017,18,1930,OTA
PL 500/2017,19,1932,MARIO COVAS NETO
PL 500/2017,20,1990,RICARDO NUNES
PL 500/2017,21,1996,EDUARDO TUMA
PL 500/2017,22,1998,PATRÍCIA BEZERRA
PL 500/2017,23,2129,JONAS CAMISA NOVA
PL 500/2017,24,2142,ADRIANA RAMALHO
PL 500/2017,25,2143,ALINE CARDOSO
PL 500/2017,26,2144,FABIO RIVA
PL 500/2017,27,2147,ISAC FÉLIX
PL 500/2017,28,2150,ANDRÉ SANTOS
PL 500/2017,29,2152,RINALDI DIGILIO
PL 500/2017,30,2153,RODRIGO GOULART
PL 500/2017,31,2156,CAIO MIRANDA CARNEIRO
PL 500/2017,32,2159,RUTE COSTA
PL 500/2017,33,2160,JOÃO JORGE
PL 500/2017,34,2186,BETO DO SOCIAL
PL 502/2017,1,1487,RICARDO TEIXEIRA
PL 504/2017,1,2146,GILBERTO NASCIMENTO
PL 505/2017,1,1305,POLICE
PL 505/2017,2,1999,PROFESSOR TONINHO VESPOLI
PL 506/2017,1,1300,CLAUDINHO DE SOUZA
PL 511/2017,1,1300,CLAUDINHO DE SOUZA
PL 511/2017,2,1999,PROFESSOR TONINHO VESPOLI
PL 518/2017,1,2000,ALESSANDRO GUEDES
PL 518/2017,2,2154,CAMILO CRISTÓFARO
PL 519/2017,1,2000,ALESSANDRO GUEDES
PL 520/2017,1,2147,ISAC FÉLIX
PL 523/2017,1,2001,JAIR TATTO
PL 523/2017,2,2269,MARINA BRAGANTE
PL 524/2017,1,2145,FERNANDO HOLIDAY
PL 524/2017,2,2151,ZÉ TURIN
PL 527/2017,1,1487,RICARDO TEIXEIRA
PL 530/2017,1,1300,CLAUDINHO DE SOUZA
PL 530/2017,2,1990,RICARDO NUNES
PL 530/2017,3,2219,MARCELO MESSIAS
PL 531/2017,1,1947,REIS
PL 532/2017,1,1947,REIS
PL 532/2017,2,2255,JOÃO ANANIAS
PL 532/2017,3,2278,KEIT LIMA
PL 534/2017,1,1947,REIS
PL 534/2017,2,2255,JOÃO ANANIAS
PL 536/2017,1,160,EDUARDO MATARAZZO SUPLICY
PL 537/2017,1,160,EDUARDO MATARAZZO SUPLICY
PL 537/2017,2,1319,SONINHA FRANCINE
PL 537/2017,3,1998,PATRÍCIA BEZERRA
PL 537/2017,4,1999,PROFESSOR TONINHO VESPOLI
PL 537/2017,5,2148,SÂMIA BOMFIM
PL 540/2017,1,220,TONINHO PAIVA
PL 540/2017,2,2147,ISAC FÉLIX
PL 544/2017,1,1996,EDUARDO TUMA
PL 544/2017,2,2001,JAIR TATTO
PL 544/2017,3,2152,RINALDI DIGILIO
PL 544/2017,4,2219,MARCELO MESSIAS
PL 547/2017,1,155,ARSELINO TATTO
PL 548/2017,1,155,ARSELINO TATTO
PL 548/2017,2,1999,PROFESSOR TONINHO VESPOLI
PL 554/2017,1,187,GILSON BARRETO
PL 554/2017,2,2152,RINALDI DIGILIO
PL 557/2017,1,2001,JAIR TATTO
PL 559/2017,1,273,MILTON LEITE
PL 559/2017,2,2147,ISAC FÉLIX
PL 559/2017,3,2153,RODRIGO GOULART
PL 559/2017,4,2156,CAIO MIRANDA CARNEIRO
PL 559/2017,5,2219,MARCELO MESSIAS
PL 560/2017,1,2002,CONTE LOPES
PL 561/2017,1,2002,CONTE LOPES
PL 561/2017,2,2146,GILBERTO NASCIMENTO
PL 562/2017,1,2002,CONTE LOPES
PL 562/2017,2,2146,GILBERTO NASCIMENTO
PL 564/2017,1,1996,EDUARDO TUMA
PL 564/2017,2,2155,JANAÍNA LIMA
PL 566/2017,1,267,PAULO FRANGE
PL 567/2017,1,267,PAULO FRANGE
PL 568/2017,1,1634,JULIANA CARDOSO
PL 569/2017,1,1319,SONINHA FRANCINE
PL 569/2017,2,2000,ALESSANDRO GUEDES
PL 570/2017,1,776,ELISEU GABRIEL
PL 571/2017,1,776,ELISEU GABRIEL
PL 572/2017,1,776,ELISEU GABRIEL
PL 573/2017,1,1311,ANTONIO DONATO
PL 576/2017,1,2002,CONTE LOPES
PL 579/2017,1,1990,RICARDO NUNES
PL 580/2017,1,267,PAULO FRANGE
PL 581/2017,1,267,PAULO FRANGE
PL 584/2017,1,1647,EDIR SALES
PL 585/2017,1,1999,PROFESSOR TONINHO VESPOLI
PL 587/2017,1,2142,ADRIANA RAMALHO
PL 590/2017,1,2159,RUTE COSTA
PL 590/2017,2,2279,SILVINHO LEITE
PL 590/2017,3,2282,LUCAS PAVANATO
PL 591/2017,1,1305,POLICE
PL 592/2017,1,2159,RUTE COSTA
PL 593/2017,1,2146,GILBERTO NASCIMENTO
PL 593/2017,2,2150,ANDRÉ SANTOS
PL 594/2017,1,776,ELISEU GABRIEL
PL 597/2017,1,1635,DRA. SANDRA TADEU
PL 598/2017,1,1932,MARIO COVAS NETO
PL 600/2017,1,2002,CONTE LOPES
PL 600/2017,2,2146,GILBERTO NASCIMENTO
PL 601/2017,1,1947,REIS
PL 601/2017,2,2255,JOÃO ANANIAS
PL 603/2017,1,896,CLAUDIO FONSECA
PL 605/2017,1,2154,CAMILO CRISTÓFARO
PL 606/2017,1,2152,RINALDI DIGILIO
PL 607/2017,1,1947,REIS
PL 608/2017,1,796,GILBERTO NATALINI
PL 608/2017,2,1300,CLAUDINHO DE SOUZA
PL 608/2017,3,2150,ANDRÉ SANTOS
PL 609/2017,1,155,ARSELINO TATTO
PL 612/2017,1,2152,RINALDI DIGILIO
PL 614/2017,1,267,PAULO FRANGE
PL 614/2017,2,1647,EDIR SALES
PL 614/2017,3,2218,THAMMY MIRANDA
PL 614/2017,4,2223,FELIPE BECARI
PL 615/2017,1,267,PAULO FRANGE
PL 616/2017,1,187,GILSON BARRETO
PL 616/2017,2,776,ELISEU GABRIEL
PL 616/2017,3,2142,ADRIANA RAMALHO
PL 616/2017,4,2144,FABIO RIVA
PL 616/2017,5,2223,FELIPE BECARI
PL 617/2017,1,776,ELISEU GABRIEL
PL 618/2017,1,776,ELISEU GABRIEL
PL 619/2017,1,1999,PROFESSOR TONINHO VESPOLI
PL 622/2017,1,187,GILSON BARRETO
PL 622/2017,2,273,MILTON LEITE
PL 622/2017,3,1305,POLICE
PL 622/2017,4,1319,SONINHA FRANCINE
PL 622/2017,5,2144,FABIO RIVA
PL 626/2017,1,1635,DRA. SANDRA TADEU
PL 627/2017,1,1635,DRA. SANDRA TADEU
PL 630/2017,1,2163,João Agripino da Costa Doria Junior
PL 632/2017,1,2147,ISAC FÉLIX
PL 632/2017,2,2278,KEIT LIMA
PL 634/2017,1,896,CLAUDIO FONSECA
PL 638/2017,1,2001,JAIR TATTO
PL 642/2017,1,224,AURÉLIO NOMURA
PL 643/2017,1,1311,ANTONIO DONATO
PL 644/2017,1,2160,JOÃO JORGE
PL 645/2017,1,1487,RICARDO TEIXEIRA
PL 646/2017,1,1296,ADILSON AMADEU
PL 651/2017,1,155,ARSELINO TATTO
PL 651/2017,2,1647,EDIR SALES
PL 651/2017,3,2147,ISAC FÉLIX
PL 651/2017,4,2223,FELIPE BECARI
PL 652/2017,1,1633,SOUZA SANTOS
PL 653/2017,1,1633,SOUZA SANTOS
PL 654/2017,1,1316,NOEMI NONATO
PL 655/2017,1,224,AURÉLIO NOMURA
PL 656/2017,1,224,AURÉLIO NOMURA
PL 656/2017,2,2146,GILBERTO NASCIMENTO
PL 657/2017,1,1326,QUITO FORMIGA
PL 657/2017,2,1932,MARIO COVAS NETO
PL 657/2017,3,1998,PATRÍCIA BEZERRA
PL 657/2017,4,2001,JAIR TATTO
PL 657/2017,5,2146,GILBERTO NASCIMENTO
PL 658/2017,1,2153,RODRIGO GOULART
PL 658/2017,2,2155,JANAÍNA LIMA
PL 659/2017,1,2002,CONTE LOPES
PL 659/2017,2,2146,GILBERTO NASCIMENTO
PL 662/2017,1,1647,EDIR SALES
PL 662/2017,2,2146,GILBERTO NASCIMENTO
PL 666/2017,1,1487,RICARDO TEIXEIRA
PL 668/2017,1,1647,EDIR SALES
PL 668/2017,2,1990,RICARDO NUNES
PL 668/2017,3,2152,RINALDI DIGILIO
PL 668/2017,4,2219,MARCELO MESSIAS
PL 668/2017,5,2223,FELIPE BECARI
PL 669/2017,1,155,ARSELINO TATTO
PL 671/2017,1,1647,EDIR SALES
PL 671/2017,2,2153,RODRIGO GOULART
PL 672/2017,1,2147,ISAC FÉLIX
PL 673/2017,1,2144,FABIO RIVA
PL 673/2017,2,2147,ISAC FÉLIX
PL 673/2017,3,2207,ERIKA HILTON
PL 675/2017,1,224,AURÉLIO NOMURA
PL 677/2017,1,2001,JAIR TATTO
PL 679/2017,1,1999,PROFESSOR TONINHO VESPOLI
PL 680/2017,1,187,GILSON BARRETO
PL 680/2017,2,676,ATÍLIO FRANCISCO
PL 680/2017,3,1319,SONINHA FRANCINE
PL 680/2017,4,1326,QUITO FORMIGA
PL 680/2017,5,1635,DRA. SANDRA TADEU
PL 680/2017,6,1647,EDIR SALES
PL 680/2017,7,1996,EDUARDO TUMA
PL 680/2017,8,1999,PROFESSOR TONINHO VESPOLI
PL 680/2017,9,2153,RODRIGO GOULART
PL 680/2017,10,2156,CAIO MIRANDA CARNEIRO
PL 682/2017,1,1633,SOUZA SANTOS
PL 684/2017,1,2159,RUTE COSTA
PL 685/2017,1,696,CARLOS BEZERRA JR.
PL 685/2017,2,1634,JULIANA CARDOSO
PL 685/2017,3,1635,DRA. SANDRA TADEU
PL 685/2017,4,1636,DR. MILTON FERREIRA
PL 685/2017,5,1647,EDIR SALES
PL 685/2017,6,2146,GILBERTO NASCIMENTO
PL 685/2017,7,2147,ISAC FÉLIX
PL 685/2017,8,2152,RINALDI DIGILIO
PL 685/2017,9,2155,JANAÍNA LIMA
PL 685/2017,10,2159,RUTE COSTA
PL 685/2017,11,2210,ELY TERUEL
PL 685/2017,12,2211,SIDNEY CRUZ
PL 685/2017,13,2213,FARIA DE SÁ
PL 685/2017,14,2218,THAMMY MIRANDA
PL 685/2017,15,2221,ELI CORRÊA
PL 685/2017,16,2222,CRIS MONTEIRO
PL 685/2017,17,2223,FELIPE BECARI
PL 686/2017,1,2163,João Agripino da Costa Doria Junior
PL 689/2017,1,160,EDUARDO MATARAZZO SUPLICY
PL 689/2017,2,1634,JULIANA CARDOSO
PL 689/2017,3,1999,PROFESSOR TONINHO VESPOLI
PL 689/2017,4,2205,LUANA ALVES
PL 689/2017,5,2254,LUNA ZARATTINI
PL 690/2017,1,896,CLAUDIO FONSECA
PL 691/2017,1,2000,ALESSANDRO GUEDES
PL 691/2017,2,2254,LUNA ZARATTINI
PL 692/2017,1,155,ARSELINO TATTO
PL 693/2017,1,896,CLAUDIO FONSECA
PL 696/2017,1,1305,POLICE
PL 697/2017,1,896,CLAUDIO FONSECA
PL 698/2017,1,896,CLAUDIO FONSECA
PL 698/2017,2,2154,CAMILO CRISTÓFARO
PL 699/2017,1,1999,PROFESSOR TONINHO VESPOLI
PL 699/2017,2,2148,SÂMIA BOMFIM
PL 700/2017,1,776,ELISEU GABRIEL
PL 702/2017,1,224,AURÉLIO NOMURA
PL 703/2017,1,776,ELISEU GABRIEL
PL 705/2017,1,2163,João Agripino da Costa Doria Junior
PL 706/2017,1,1707,DAVID SOARES
PL 707/2017,1,1707,DAVID SOARES
PL 708/2017,1,268,DALTON SILVANO
PL 709/2017,1,2148,SÂMIA BOMFIM
PL 711/2017,1,1947,REIS
PL 711/2017,2,2255,JOÃO ANANIAS
PL 712/2017,1,2002,CONTE LOPES
PL 712/2017,2,2146,GILBERTO NASCIMENTO
PL 713/2017,1,224,AURÉLIO NOMURA
PL 714/2017,1,2147,ISAC FÉLIX
PL 715/2017,1,2144,FABIO RIVA
PL 720/2017,1,2147,ISAC FÉLIX
PL 723/2017,1,273,MILTON LEITE
PL 723/2017,2,2153,RODRIGO GOULART
PL 723/2017,3,2155,JANAÍNA LIMA
PL 723/2017,4,2156,CAIO MIRANDA CARNEIRO
PL 723/2017,5,2160,JOÃO JORGE
PL 724/2017,1,796,GILBERTO NATALINI
PL 724/2017,2,2156,CAIO MIRANDA CARNEIRO
PL 724/2017,3,2158,XEXÉU TRIPOLI
PL 725/2017,1,273,MILTON LEITE
PL 726/2017,1,1930,OTA
PL 726/2017,2,2001,JAIR TATTO
PL 727/2017,1,2153,RODRIGO GOULART
PL 728/2017,1,220,TONINHO PAIVA
PL 729/2017,1,160,EDUARDO MATARAZZO SUPLICY
PL 729/2017,2,1319,SONINHA FRANCINE
PL 731/2017,1,224,AURÉLIO NOMURA
PL 731/2017,2,796,GILBERTO NATALINI
PL 731/2017,3,1999,PROFESSOR TONINHO VESPOLI
PL 731/2017,4,2210,ELY TERUEL
PL 733/2017,1,1487,RICARDO TEIXEIRA
PL 734/2017,1,2154,CAMILO CRISTÓFARO
PL 735/2017,1,155,ARSELINO TATTO
PL 736/2017,1,1707,DAVID SOARES
PL 737/2017,1,2151,ZÉ TURIN
PL 738/2017,1,2151,ZÉ TURIN
PL 739/2017,1,1326,QUITO FORMIGA
PL 739/2017,2,2151,ZÉ TURIN
PL 740/2017,1,220,TONINHO PAIVA
PL 742/2017,1,1990,RICARDO NUNES
PL 743/2017,1,268,DALTON SILVANO
PL 744/2017,1,776,ELISEU GABRIEL
PL 745/2017,1,224,AURÉLIO NOMURA
PL 746/2017,1,224,AURÉLIO NOMURA
PL 748/2017,1,2159,RUTE COSTA
PL 749/2017,1,2159,RUTE COSTA
PL 750/2017,1,2159,RUTE COSTA
PL 752/2017,1,1647,EDIR SALES
PL 753/2017,1,1634,JULIANA CARDOSO
PL 755/2017,1,224,AURÉLIO NOMURA
PL 755/2017,2,796,GILBERTO NATALINI
PL 755/2017,3,1999,PROFESSOR TONINHO VESPOLI
PL 759/2017,1,2148,SÂMIA BOMFIM
PL 760/2017,1,1999,PROFESSOR TONINHO VESPOLI
PL 763/2017,1,1487,RICARDO TEIXEIRA
PL 763/2017,2,2219,MARCELO MESSIAS
PL 765/2017,1,2146,GILBERTO NASCIMENTO
PL 767/2017,1,2146,GILBERTO NASCIMENTO
PL 768/2017,1,1999,PROFESSOR TONINHO VESPOLI
PL 770/2017,1,1635,DRA. SANDRA TADEU
PL 772/2017,1,2152,RINALDI DIGILIO
PL 773/2017,1,2146,GILBERTO NASCIMENTO
PL 773/2017,2,2152,RINALDI DIGILIO
PL 773/2017,3,2279,SILVINHO LEITE
PL 775/2017,1,1635,DRA. SANDRA TADEU
PL 776/2017,1,1635,DRA. SANDRA TADEU
PL 778/2017,1,1635,DRA. SANDRA TADEU
PL 787/2017,1,1999,PROFESSOR TONINHO VESPOLI
PL 789/2017,1,1999,PROFESSOR TONINHO VESPOLI
PL 790/2017,1,1999,PROFESSOR TONINHO VESPOLI
PL 790/2017,2,2248,JUSSARA BASSO
PL 792/2017,1,1487,RICARDO TEIXEIRA
PL 794/2017,1,2146,GILBERTO NASCIMENTO
PL 795/2017,1,2146,GILBERTO NASCIMENTO
PL 796/2017,1,2146,GILBERTO NASCIMENTO
PL 797/2017,1,2146,GILBERTO NASCIMENTO
PL 798/2017,1,2148,SÂMIA BOMFIM
PL 798/2017,2,2185,CELSO GIANNAZI
PL 799/2017,1,776,ELISEU GABRIEL
PL 800/2017,1,776,ELISEU GABRIEL
PL 803/2017,1,2142,ADRIANA RAMALHO
PL 805/2017,1,160,EDUARDO MATARAZZO SUPLICY
PL 805/2017,2,187,GILSON BARRETO
PL 805/2017,3,220,TONINHO PAIVA
PL 805/2017,4,267,PAULO FRANGE
PL 805/2017,5,796,GILBERTO NATALINI
PL 805/2017,6,896,CLAUDIO FONSECA
PL 805/2017,7,1296,ADILSON AMADEU
PL 805/2017,8,1305,POLICE
PL 805/2017,9,1311,ANTONIO DONATO
PL 805/2017,10,1316,NOEMI NONATO
PL 805/2017,11,1319,SONINHA FRANCINE
PL 805/2017,12,1326,QUITO FORMIGA
PL 805/2017,13,1349,SENIVAL MOURA
PL 805/2017,14,1447,ALFREDINHO
PL 805/2017,15,1487,RICARDO TEIXEIRA
PL 805/2017,16,1634,JULIANA CARDOSO
PL 805/2017,17,1635,DRA. SANDRA TADEU
PL 805/2017,18,1932,MARIO COVAS NETO
PL 805/2017,19,1947,REIS
PL 805/2017,20,1999,PROFESSOR TONINHO VESPOLI
PL 805/2017,21,2000,ALESSANDRO GUEDES
PL 805/2017,22,2147,ISAC FÉLIX
PL 805/2017,23,2148,SÂMIA BOMFIM
PL 805/2017,24,2149,DANIEL ANNENBERG
PL 805/2017,25,2151,ZÉ TURIN
PL 805/2017,26,2158,XEXÉU TRIPOLI
PL 805/2017,27,2180,MANOEL DEL RIO
PL 805/2017,28,2185,CELSO GIANNAZI
PL 806/2017,1,1999,PROFESSOR TONINHO VESPOLI
PL 807/2017,1,160,EDUARDO MATARAZZO SUPLICY
PL 807/2017,2,796,GILBERTO NATALINI
PL 807/2017,3,1305,POLICE
PL 807/2017,4,1634,JULIANA CARDOSO
PL 807/2017,5,1996,EDUARDO TUMA
PL 807/2017,6,1998,PATRÍCIA BEZERRA
PL 807/2017,7,1999,PROFESSOR TONINHO VESPOLI
PL 807/2017,8,2148,SÂMIA BOMFIM
PL 809/2017,1,268,DALTON SILVANO
PL 810/2017,1,268,DALTON SILVANO
PL 811/2017,1,224,AURÉLIO NOMURA
PL 811/2017,2,2219,MARCELO MESSIAS
PL 812/2017,1,224,AURÉLIO NOMURA
PL 815/2017,1,1634,JULIANA CARDOSO
PL 816/2017,1,2146,GILBERTO NASCIMENTO
PL 819/2017,1,2000,ALESSANDRO GUEDES
PL 822/2017,1,896,CLAUDIO FONSECA
PL 824/2017,1,2152,RINALDI DIGILIO
PL 824/2017,2,2159,RUTE COSTA
PL 826/2017,1,2159,RUTE COSTA
PL 829/2017,1,1999,PROFESSOR TONINHO VESPOLI
PL 830/2017,1,1996,EDUARDO TUMA
PL 830/2017,2,2146,GILBERTO NASCIMENTO
PL 830/2017,3,2155,JANAÍNA LIMA
PL 830/2017,4,2215,MARLON LUZ
PL 830/2017,5,2220,DELEGADO PALUMBO
PL 830/2017,6,2224,SANDRA SANTANA
PL 831/2017,1,1990,RICARDO NUNES
PL 831/2017,2,2153,RODRIGO GOULART
PL 831/2017,3,2219,MARCELO MESSIAS
PL 833/2017,1,1999,PROFESSOR TONINHO VESPOLI
PL 834/2017,1,1647,EDIR SALES
PL 835/2017,1,1647,EDIR SALES
PL 835/2017,2,2147,ISAC FÉLIX
PL 835/2017,3,2211,SIDNEY CRUZ
PL 836/2017,1,2002,CONTE LOPES
PL 837/2017,1,2002,CONTE LOPES
PL 838/2017,1,224,AURÉLIO NOMURA
PL 838/2017,2,796,GILBERTO NATALINI
PL 839/2017,1,224,AURÉLIO NOMURA
PL 839/2017,2,796,GILBERTO NATALINI
PL 839/2017,3,1999,PROFESSOR TONINHO VESPOLI
PL 839/2017,4,2149,DANIEL ANNENBERG
PL 840/2017,1,896,CLAUDIO FONSECA
PL 841/2017,1,796,GILBERTO NATALINI
PL 843/2017,1,1947,REIS
PL 844/2017,1,1947,REIS
PL 845/2017,1,1947,REIS
PL 846/2017,1,1947,REIS
PL 847/2017,1,2147,ISAC FÉLIX
PL 848/2017,1,224,AURÉLIO NOMURA
PL 849/2017,1,224,AURÉLIO NOMURA
PL 850/2017,1,2152,RINALDI DIGILIO
PL 851/2017,1,2153,RODRIGO GOULART
PL 853/2017,1,2163,João Agripino da Costa Doria Junior
PL 855/2017,1,308,TRIBUNAL DE CONTAS DO MUNICIPIO
PL 856/2017,1,1999,PROFESSOR TONINHO VESPOLI
PL 859/2017,1,2152,RINALDI DIGILIO
PL 860/2017,1,2146,GILBERTO NASCIMENTO
PL 860/2017,2,2152,RINALDI DIGILIO
PL 861/2017,1,224,AURÉLIO NOMURA
PL 862/2017,1,220,TONINHO PAIVA
PL 863/2017,1,1349,SENIVAL MOURA
PL 864/2017,1,1636,DR. MILTON FERREIRA
PL 866/2017,1,1999,PROFESSOR TONINHO VESPOLI
PL 866/2017,2,2001,JAIR TATTO
PL 867/2017,1,1635,DRA. SANDRA TADEU
PL 867/2017,2,2001,JAIR TATTO
PL 867/2017,3,2144,FABIO RIVA
PL 867/2017,4,2152,RINALDI DIGILIO
PL 867/2017,5,2223,FELIPE BECARI
PL 869/2017,1,1300,CLAUDINHO DE SOUZA
PL 870/2017,1,2159,RUTE COSTA
PL 871/2017,1,2159,RUTE COSTA
PL 872/2017,1,2159,RUTE COSTA
PL 873/2017,1,1316,NOEMI NONATO
PL 873/2017,2,2150,ANDRÉ SANTOS
PL 873/2017,3,2152,RINALDI DIGILIO
PL 873/2017,4,2159,RUTE COSTA
PL 873/2017,5,2217,SANSÃO PEREIRA
PL 873/2017,6,2219,MARCELO MESSIAS
PL 873/2017,7,2224,SANDRA SANTANA
PL 873/2017,8,2279,SILVINHO LEITE
PL 875/2017,1,2001,JAIR TATTO
PL 876/2017,1,224,AURÉLIO NOMURA
PL 878/2017,1,2160,JOÃO JORGE
PL 879/2017,1,2163,João Agripino da Costa Doria Junior
PL 1/2018,1,268,DALTON SILVANO
PL 3/2018,1,2154,CAMILO CRISTÓFARO
PL 5/2018,1,2154,CAMILO CRISTÓFARO
PL 8/2018,1,2145,FERNANDO HOLIDAY
PL 9/2018,1,160,EDUARDO MATARAZZO SUPLICY
PL 9/2018,2,1999,PROFESSOR TONINHO VESPOLI
PL 9/2018,3,2254,LUNA ZARATTINI
PL 10/2018,1,2146,GILBERTO NASCIMENTO
PL 10/2018,2,2152,RINALDI DIGILIO
PL 10/2018,3,2219,MARCELO MESSIAS
PL 13/2018,1,1990,RICARDO NUNES
PL 15/2018,1,1947,REIS
PL 20/2018,1,776,ELISEU GABRIEL
PL 20/2018,2,2147,ISAC FÉLIX
PL 22/2018,1,2000,ALESSANDRO GUEDES
PL 23/2018,1,2000,ALESSANDRO GUEDES
PL 24/2018,1,220,TONINHO PAIVA
PL 26/2018,1,1947,REIS
PL 27/2018,1,2152,RINALDI DIGILIO
PL 28/2018,1,1636,DR. MILTON FERREIRA
PL 30/2018,1,2155,JANAÍNA LIMA
PL 30/2018,2,2203,RODRIGO FONSECA
PL 32/2018,1,187,GILSON BARRETO
PL 32/2018,2,776,ELISEU GABRIEL
PL 32/2018,3,796,GILBERTO NATALINI
PL 32/2018,4,896,CLAUDIO FONSECA
PL 32/2018,5,1487,RICARDO TEIXEIRA
PL 32/2018,6,1633,SOUZA SANTOS
PL 32/2018,7,1635,DRA. SANDRA TADEU
PL 32/2018,8,1647,EDIR SALES
PL 32/2018,9,1947,REIS
PL 32/2018,10,2150,ANDRÉ SANTOS
PL 32/2018,11,2152,RINALDI DIGILIO
PL 34/2018,1,1633,SOUZA SANTOS
PL 35/2018,1,776,ELISEU GABRIEL
PL 36/2018,1,2142,ADRIANA RAMALHO
PL 39/2018,1,1319,SONINHA FRANCINE
PL 39/2018,2,2154,CAMILO CRISTÓFARO
PL 41/2018,1,2142,ADRIANA RAMALHO
PL 42/2018,1,2001,JAIR TATTO
PL 42/2018,2,2279,SILVINHO LEITE
PL 43/2018,1,2001,JAIR TATTO
PL 44/2018,1,2001,JAIR TATTO
PL 45/2018,1,2001,JAIR TATTO
PL 46/2018,1,2001,JAIR TATTO
PL 47/2018,1,1930,OTA
PL 48/2018,1,1999,PROFESSOR TONINHO VESPOLI
PL 50/2018,1,224,AURÉLIO NOMURA
PL 50/2018,2,796,GILBERTO NATALINI
PL 50/2018,3,1999,PROFESSOR TONINHO VESPOLI
PL 50/2018,4,2205,LUANA ALVES
PL 50/2018,5,2210,ELY TERUEL
PL 51/2018,1,2146,GILBERTO NASCIMENTO
PL 51/2018,2,2152,RINALDI DIGILIO
PL 55/2018,1,1635,DRA. SANDRA TADEU
PL 56/2018,1,1300,CLAUDINHO DE SOUZA
PL 58/2018,1,187,GILSON BARRETO
PL 58/2018,2,224,AURÉLIO NOMURA
PL 58/2018,3,1635,DRA. SANDRA TADEU
PL 58/2018,4,2221,ELI CORRÊA
PL 59/2018,1,1635,DRA. SANDRA TADEU
PL 61/2018,1,1487,RICARDO TEIXEIRA
PL 62/2018,1,224,AURÉLIO NOMURA
PL 62/2018,2,2000,ALESSANDRO GUEDES
PL 62/2018,3,2147,ISAC FÉLIX
PL 62/2018,4,2155,JANAÍNA LIMA
PL 62/2018,5,2249,NUNES PEIXEIRO
PL 62/2018,6,2278,KEIT LIMA
PL 63/2018,1,224,AURÉLIO NOMURA
PL 63/2018,2,1998,PATRÍCIA BEZERRA
PL 64/2018,1,1487,RICARDO TEIXEIRA
PL 65/2018,1,1487,RICARDO TEIXEIRA
PL 66/2018,1,1487,RICARDO TEIXEIRA
PL 69/2018,1,896,CLAUDIO FONSECA
PL 69/2018,2,1487,RICARDO TEIXEIRA
PL 71/2018,1,2152,RINALDI DIGILIO
PL 72/2018,1,2152,RINALDI DIGILIO
PL 75/2018,1,1990,RICARDO NUNES
PL 75/2018,2,2146,GILBERTO NASCIMENTO
PL 75/2018,3,2219,MARCELO MESSIAS
PL 77/2018,1,2159,RUTE COSTA
PL 78/2018,1,2159,RUTE COSTA
PL 80/2018,1,1296,ADILSON AMADEU
PL 80/2018,2,1487,RICARDO TEIXEIRA
PL 81/2018,1,1487,RICARDO TEIXEIRA
PL 84/2018,1,155,ARSELINO TATTO
PL 86/2018,1,224,AURÉLIO NOMURA
PL 88/2018,1,1947,REIS
PL 89/2018,1,1633,SOUZA SANTOS
PL 90/2018,1,155,ARSELINO TATTO
PL 90/2018,2,1996,EDUARDO TUMA
PL 90/2018,3,2147,ISAC FÉLIX
PL 90/2018,4,2152,RINALDI DIGILIO
PL 90/2018,5,2153,RODRIGO GOULART
PL 90/2018,6,2214,RUBINHO NUNES
PL 90/2018,7,2219,MARCELO MESSIAS
PL 91/2018,1,1996,EDUARDO TUMA
PL 94/2018,1,224,AURÉLIO NOMURA
PL 94/2018,2,2152,RINALDI DIGILIO
PL 96/2018,1,2145,FERNANDO HOLIDAY
PL 96/2018,2,2155,JANAÍNA LIMA
PL 97/2018,1,1996,EDUARDO TUMA
PL 97/2018,2,2145,FERNANDO HOLIDAY
PL 98/2018,1,273,MILTON LEITE
PL 98/2018,2,1932,MARIO COVAS NETO
PL 98/2018,3,2153,RODRIGO GOULART
PL 98/2018,4,2154,CAMILO CRISTÓFARO
PL 98/2018,5,2156,CAIO MIRANDA CARNEIRO
PL 99/2018,1,155,ARSELINO TATTO
PL 99/2018,2,160,EDUARDO MATARAZZO SUPLICY
PL 99/2018,3,187,GILSON BARRETO
PL 99/2018,4,220,TONINHO PAIVA
PL 99/2018,5,224,AURÉLIO NOMURA
PL 99/2018,6,267,PAULO FRANGE
PL 99/2018,7,268,DALTON SILVANO
PL 99/2018,8,676,ATÍLIO FRANCISCO
PL 99/2018,9,756,CELSO JATENE
PL 99/2018,10,776,ELISEU GABRIEL
PL 99/2018,11,796,GILBERTO NATALINI
PL 99/2018,12,896,CLAUDIO FONSECA
PL 99/2018,13,1296,ADILSON AMADEU
PL 99/2018,14,1300,CLAUDINHO DE SOUZA
PL 99/2018,15,1305,POLICE
PL 99/2018,16,1316,NOEMI NONATO
PL 99/2018,17,1319,SONINHA FRANCINE
PL 99/2018,18,1326,QUITO FORMIGA
PL 99/2018,19,1349,SENIVAL MOURA
PL 99/2018,20,1447,ALFREDINHO
PL 99/2018,21,1487,RICARDO TEIXEIRA
PL 99/2018,22,1633,SOUZA SANTOS
PL 99/2018,23,1634,JULIANA CARDOSO
PL 99/2018,24,1635,DRA. SANDRA TADEU
PL 99/2018,25,1636,DR. MILTON FERREIRA
PL 99/2018,26,1647,EDIR SALES
PL 99/2018,27,1707,DAVID SOARES
PL 99/2018,28,1930,OTA
PL 99/2018,29,1932,MARIO COVAS NETO
PL 99/2018,30,1947,REIS
PL 99/2018,31,1989,GEORGE HATO
PL 99/2018,32,1990,RICARDO NUNES
PL 99/2018,33,1996,EDUARDO TUMA
PL 99/2018,34,1998,PATRÍCIA BEZERRA
PL 99/2018,35,1999,PROFESSOR TONINHO VESPOLI
PL 99/2018,36,2000,ALESSANDRO GUEDES
PL 99/2018,37,2001,JAIR TATTO
PL 99/2018,38,2002,CONTE LOPES
PL 99/2018,39,2144,FABIO RIVA
PL 99/2018,40,2146,GILBERTO NASCIMENTO
PL 99/2018,41,2147,ISAC FÉLIX
PL 99/2018,42,2148,SÂMIA BOMFIM
PL 99/2018,43,2150,ANDRÉ SANTOS
PL 99/2018,44,2151,ZÉ TURIN
PL 99/2018,45,2152,RINALDI DIGILIO
PL 99/2018,46,2153,RODRIGO GOULART
PL 99/2018,47,2154,CAMILO CRISTÓFARO
PL 99/2018,48,2156,CAIO MIRANDA CARNEIRO
PL 99/2018,49,2158,XEXÉU TRIPOLI
PL 99/2018,50,2159,RUTE COSTA
PL 99/2018,51,2174,AMAURI SILVA
PL 100/2018,1,224,AURÉLIO NOMURA
PL 101/2018,1,1633,SOUZA SANTOS
PL 102/2018,1,268,DALTON SILVANO
PL 102/2018,2,1996,EDUARDO TUMA
PL 103/2018,1,1999,PROFESSOR TONINHO VESPOLI
PL 103/2018,2,2148,SÂMIA BOMFIM
PL 104/2018,1,2001,JAIR TATTO
PL 105/2018,1,2154,CAMILO CRISTÓFARO
PL 106/2018,1,1947,REIS
PL 107/2018,1,224,AURÉLIO NOMURA
PL 107/2018,2,1305,POLICE
PL 108/2018,1,2142,ADRIANA RAMALHO
PL 109/2018,1,1635,DRA. SANDRA TADEU
PL 111/2018,1,2147,ISAC FÉLIX
PL 112/2018,1,2152,RINALDI DIGILIO
PL 114/2018,1,2148,SÂMIA BOMFIM
PL 114/2018,2,2205,LUANA ALVES
PL 114/2018,3,2207,ERIKA HILTON
PL 115/2018,1,2148,SÂMIA BOMFIM
PL 116/2018,1,2148,SÂMIA BOMFIM
PL 116/2018,2,2185,CELSO GIANNAZI
PL 116/2018,3,2205,LUANA ALVES
PL 117/2018,1,2147,ISAC FÉLIX
PL 118/2018,1,1300,CLAUDINHO DE SOUZA
PL 119/2018,1,896,CLAUDIO FONSECA
PL 120/2018,1,1635,DRA. SANDRA TADEU
PL 121/2018,1,2142,ADRIANA RAMALHO
PL 122/2018,1,1311,ANTONIO DONATO
PL 123/2018,1,776,ELISEU GABRIEL
PL 124/2018,1,1996,EDUARDO TUMA
PL 125/2018,1,1996,EDUARDO TUMA
PL 126/2018,1,1947,REIS
PL 128/2018,1,1996,EDUARDO TUMA
PL 128/2018,2,2147,ISAC FÉLIX
PL 128/2018,3,2152,RINALDI DIGILIO
PL 129/2018,1,1996,EDUARDO TUMA
PL 129/2018,2,2148,SÂMIA BOMFIM
PL 130/2018,1,776,ELISEU GABRIEL
PL 131/2018,1,224,AURÉLIO NOMURA
PL 132/2018,1,224,AURÉLIO NOMURA
PL 133/2018,1,2159,RUTE COSTA
PL 133/2018,2,2279,SILVINHO LEITE
PL 134/2018,1,2159,RUTE COSTA
PL 135/2018,1,1635,DRA. SANDRA TADEU
PL 136/2018,1,1635,DRA. SANDRA TADEU
PL 137/2018,1,2159,RUTE COSTA
PL 138/2018,1,1447,ALFREDINHO
PL 139/2018,1,2150,ANDRÉ SANTOS
PL 140/2018,1,2150,ANDRÉ SANTOS
PL 141/2018,1,268,DALTON SILVANO
PL 142/2018,1,1996,EDUARDO TUMA
PL 142/2018,2,2152,RINALDI DIGILIO
PL 144/2018,1,1296,ADILSON AMADEU
PL 144/2018,2,1990,RICARDO NUNES
PL 144/2018,3,1996,EDUARDO TUMA
PL 144/2018,4,2000,ALESSANDRO GUEDES
PL 144/2018,5,2147,ISAC FÉLIX
PL 144/2018,6,2153,RODRIGO GOULART
PL 144/2018,7,2155,JANAÍNA LIMA
PL 144/2018,8,2219,MARCELO MESSIAS
PL 145/2018,1,160,EDUARDO MATARAZZO SUPLICY
PL 145/2018,2,1319,SONINHA FRANCINE
PL 145/2018,3,1634,JULIANA CARDOSO
PL 145/2018,4,1998,PATRÍCIA BEZERRA
PL 145/2018,5,2156,CAIO MIRANDA CARNEIRO
PL 145/2018,6,2158,XEXÉU TRIPOLI
PL 146/2018,1,2152,RINALDI DIGILIO
PL 147/2018,1,2152,RINALDI DIGILIO
PL 148/2018,1,2145,FERNANDO HOLIDAY
PL 149/2018,1,1487,RICARDO TEIXEIRA
PL 149/2018,2,2147,ISAC FÉLIX
PL 150/2018,1,187,GILSON BARRETO
PL 151/2018,1,1998,PATRÍCIA BEZERRA
PL 152/2018,1,1998,PATRÍCIA BEZERRA
PL 153/2018,1,1998,PATRÍCIA BEZERRA
PL 154/2018,1,1998,PATRÍCIA BEZERRA
PL 155/2018,1,224,AURÉLIO NOMURA
PL 155/2018,2,756,CELSO JATENE
PL 155/2018,3,896,CLAUDIO FONSECA
PL 155/2018,4,1635,DRA. SANDRA TADEU
PL 155/2018,5,1947,REIS
PL 155/2018,6,1990,RICARDO NUNES
PL 155/2018,7,2152,RINALDI DIGILIO
PL 155/2018,8,2156,CAIO MIRANDA CARNEIRO
PL 155/2018,9,2159,RUTE COSTA
PL 155/2018,10,2219,MARCELO MESSIAS
PL 156/2018,1,224,AURÉLIO NOMURA
PL 157/2018,1,2002,CONTE LOPES
PL 157/2018,2,2146,GILBERTO NASCIMENTO
PL 158/2018,1,1296,ADILSON AMADEU
PL 158/2018,2,2151,ZÉ TURIN
PL 158/2018,3,2154,CAMILO CRISTÓFARO
PL 158/2018,4,2219,MARCELO MESSIAS
PL 159/2018,1,1990,RICARDO NUNES
PL 160/2018,1,220,TONINHO PAIVA
PL 161/2018,1,2147,ISAC FÉLIX
PL 162/2018,1,2152,RINALDI DIGILIO
PL 163/2018,1,1999,PROFESSOR TONINHO VESPOLI
PL 164/2018,1,1999,PROFESSOR TONINHO VESPOLI
PL 165/2018,1,155,ARSELINO TATTO
PL 165/2018,2,1305,POLICE
PL 166/2018,1,1947,REIS
PL 168/2018,1,220,TONINHO PAIVA
PL 169/2018,1,1316,NOEMI NONATO
PL 170/2018,1,1999,PROFESSOR TONINHO VESPOLI
PL 171/2018,1,2147,ISAC FÉLIX
PL 172/2018,1,2153,RODRIGO GOULART
PL 174/2018,1,1326,QUITO FORMIGA
PL 175/2018,1,2001,JAIR TATTO
PL 176/2018,1,2001,JAIR TATTO
PL 177/2018,1,2001,JAIR TATTO
PL 178/2018,1,676,ATÍLIO FRANCISCO
PL 178/2018,2,2001,JAIR TATTO
PL 179/2018,1,2001,JAIR TATTO
PL 180/2018,1,2001,JAIR TATTO
PL 181/2018,1,2001,JAIR TATTO
PL 182/2018,1,2001,JAIR TATTO
PL 184/2018,1,1635,DRA. SANDRA TADEU
PL 186/2018,1,1999,PROFESSOR TONINHO VESPOLI
PL 187/2018,1,220,TONINHO PAIVA
PL 188/2018,1,220,TONINHO PAIVA
PL 189/2018,1,220,TONINHO PAIVA
PL 190/2018,1,1635,DRA. SANDRA TADEU
PL 191/2018,1,1635,DRA. SANDRA TADEU
PL 192/2018,1,1635,DRA. SANDRA TADEU
PL 193/2018,1,2001,JAIR TATTO
PL 194/2018,1,2001,JAIR TATTO
PL 195/2018,1,1296,ADILSON AMADEU
PL 196/2018,1,1999,PROFESSOR TONINHO VESPOLI
PL 197/2018,1,155,ARSELINO TATTO
PL 197/2018,2,160,EDUARDO MATARAZZO SUPLICY
PL 197/2018,3,187,GILSON BARRETO
PL 197/2018,4,1311,ANTONIO DONATO
PL 197/2018,5,1349,SENIVAL MOURA
PL 197/2018,6,1447,ALFREDINHO
PL 197/2018,7,1487,RICARDO TEIXEIRA
PL 197/2018,8,1634,JULIANA CARDOSO
PL 197/2018,9,1635,DRA. SANDRA TADEU
PL 197/2018,10,1947,REIS
PL 197/2018,11,1989,GEORGE HATO
PL 197/2018,12,2000,ALESSANDRO GUEDES
PL 197/2018,13,2001,JAIR TATTO
PL 197/2018,14,2144,FABIO RIVA
PL 197/2018,15,2205,LUANA ALVES
PL 197/2018,16,2207,ERIKA HILTON
PL 197/2018,17,2208,ELAINE DO QUILOMBO PERIFÉRICO
PL 197/2018,18,2213,FARIA DE SÁ
PL 197/2018,19,2223,FELIPE BECARI
PL 198/2018,1,1989,GEORGE HATO
PL 199/2018,1,2144,FABIO RIVA
PL 200/2018,1,2144,FABIO RIVA
PL 201/2018,1,2144,FABIO RIVA
PL 203/2018,1,2147,ISAC FÉLIX
PL 204/2018,1,2169,BRUNO COVAS
PL 206/2018,1,2144,FABIO RIVA
PL 206/2018,2,2153,RODRIGO GOULART
PL 206/2018,3,2159,RUTE COSTA
PL 206/2018,4,2219,MARCELO MESSIAS
PL 206/2018,5,2223,FELIPE BECARI
PL 206/2018,6,2224,SANDRA SANTANA
PL 207/2018,1,1635,DRA. SANDRA TADEU
PL 207/2018,2,2152,RINALDI DIGILIO
PL 207/2018,3,2159,RUTE COSTA
PL 209/2018,1,1633,SOUZA SANTOS
PL 210/2018,1,220,TONINHO PAIVA
PL 211/2018,1,220,TONINHO PAIVA
PL 212/2018,1,220,TONINHO PAIVA
PL 213/2018,1,220,TONINHO PAIVA
PL 214/2018,1,220,TONINHO PAIVA
PL 215/2018,1,2000,ALESSANDRO GUEDES
PL 216/2018,1,2000,ALESSANDRO GUEDES
PL 217/2018,1,2142,ADRIANA RAMALHO
PL 218/2018,1,1999,PROFESSOR TONINHO VESPOLI
PL 219/2018,1,1999,PROFESSOR TONINHO VESPOLI
PL 220/2018,1,1707,DAVID SOARES
PL 221/2018,1,268,DALTON SILVANO
PL 224/2018,1,1326,QUITO FORMIGA
PL 225/2018,1,2160,JOÃO JORGE
PL 226/2018,1,2144,FABIO RIVA
PL 226/2018,2,2147,ISAC FÉLIX
PL 227/2018,1,1326,QUITO FORMIGA
PL 229/2018,1,2001,JAIR TATTO
PL 230/2018,1,796,GILBERTO NATALINI
PL 231/2018,1,224,AURÉLIO NOMURA
PL 231/2018,2,796,GILBERTO NATALINI
PL 232/2018,1,796,GILBERTO NATALINI
PL 233/2018,1,1999,PROFESSOR TONINHO VESPOLI
PL 234/2018,1,1999,PROFESSOR TONINHO VESPOLI
PL 234/2018,2,2148,SÂMIA BOMFIM
PL 235/2018,1,1635,DRA. SANDRA TADEU
PL 236/2018,1,1487,RICARDO TEIXEIRA
PL 236/2018,2,1635,DRA. SANDRA TADEU
PL 237/2018,1,896,CLAUDIO FONSECA
PL 238/2018,1,155,ARSELINO TATTO
PL 238/2018,2,2146,GILBERTO NASCIMENTO
PL 239/2018,1,2152,RINALDI DIGILIO
PL 240/2018,1,2152,RINALDI DIGILIO
PL 241/2018,1,224,AURÉLIO NOMURA
PL 242/2018,1,1990,RICARDO NUNES
PL 242/2018,2,2219,MARCELO MESSIAS
PL 242/2018,3,2279,SILVINHO LEITE
PL 243/2018,1,1999,PROFESSOR TONINHO VESPOLI
PL 244/2018,1,1326,QUITO FORMIGA
PL 245/2018,1,2147,ISAC FÉLIX
PL 247/2018,1,776,ELISEU GABRIEL
PL 248/2018,1,220,TONINHO PAIVA
PL 250/2018,1,1635,DRA. SANDRA TADEU
PL 251/2018,1,2156,CAIO MIRANDA CARNEIRO
PL 253/2018,1,1999,PROFESSOR TONINHO VESPOLI
PL 253/2018,2,2154,CAMILO CRISTÓFARO
PL 254/2018,1,1990,RICARDO NUNES
PL 255/2018,1,1319,SONINHA FRANCINE
PL 255/2018,2,2156,CAIO MIRANDA CARNEIRO
PL 257/2018,1,273,MILTON LEITE
PL 259/2018,1,1311,ANTONIO DONATO
PL 260/2018,1,224,AURÉLIO NOMURA
PL 261/2018,1,1930,OTA
PL 262/2018,1,224,AURÉLIO NOMURA
PL 263/2018,1,1989,GEORGE HATO
PL 265/2018,1,2142,ADRIANA RAMALHO
PL 266/2018,1,2169,BRUNO COVAS
PL 267/2018,1,1999,PROFESSOR TONINHO VESPOLI
PL 268/2018,1,224,AURÉLIO NOMURA
PL 269/2018,1,224,AURÉLIO NOMURA
PL 269/2018,2,2219,MARCELO MESSIAS
PL 270/2018,1,796,GILBERTO NATALINI
PL 271/2018,1,2169,BRUNO COVAS
PL 272/2018,1,2151,ZÉ TURIN
PL 273/2018,1,2151,ZÉ TURIN
PL 274/2018,1,2151,ZÉ TURIN
PL 274/2018,2,2244,JORGE WILSON FILHO
PL 275/2018,1,267,PAULO FRANGE
PL 276/2018,1,2159,RUTE COSTA
PL 277/2018,1,2159,RUTE COSTA
PL 278/2018,1,796,GILBERTO NATALINI
PL 279/2018,1,1636,DR. MILTON FERREIRA
PL 280/2018,1,1999,PROFESSOR TONINHO VESPOLI
PL 281/2018,1,1635,DRA. SANDRA TADEU
PL 282/2018,1,1635,DRA. SANDRA TADEU
PL 283/2018,1,1635,DRA. SANDRA TADEU
PL 284/2018,1,1635,DRA. SANDRA TADEU
PL 285/2018,1,1999,PROFESSOR TONINHO VESPOLI
PL 286/2018,1,1707,DAVID SOARES
PL 288/2018,1,2147,ISAC FÉLIX
PL 289/2018,1,155,ARSELINO TATTO
PL 289/2018,2,187,GILSON BARRETO
PL 289/2018,3,220,TONINHO PAIVA
PL 289/2018,4,267,PAULO FRANGE
PL 289/2018,5,268,DALTON SILVANO
PL 289/2018,6,676,ATÍLIO FRANCISCO
PL 289/2018,7,796,GILBERTO NATALINI
PL 289/2018,8,896,CLAUDIO FONSECA
PL 289/2018,9,1296,ADILSON AMADEU
PL 289/2018,10,1300,CLAUDINHO DE SOUZA
PL 289/2018,11,1311,ANTONIO DONATO
PL 289/2018,12,1316,NOEMI NONATO
PL 289/2018,13,1319,SONINHA FRANCINE
PL 289/2018,14,1326,QUITO FORMIGA
PL 289/2018,15,1349,SENIVAL MOURA
PL 289/2018,16,1447,ALFREDINHO
PL 289/2018,17,1634,JULIANA CARDOSO
PL 289/2018,18,1635,DRA. SANDRA TADEU
PL 289/2018,19,1636,DR. MILTON FERREIRA
PL 289/2018,20,1707,DAVID SOARES
PL 289/2018,21,1930,OTA
PL 289/2018,22,1932,MARIO COVAS NETO
PL 289/2018,23,1947,REIS
PL 289/2018,24,1989,GEORGE HATO
PL 289/2018,25,1990,RICARDO NUNES
PL 289/2018,26,1999,PROFESSOR TONINHO VESPOLI
PL 289/2018,27,2000,ALESSANDRO GUEDES
PL 289/2018,28,2001,JAIR TATTO
PL 289/2018,29,2002,CONTE LOPES
PL 289/2018,30,2142,ADRIANA RAMALHO
PL 289/2018,31,2145,FERNANDO HOLIDAY
PL 289/2018,32,2147,ISAC FÉLIX
PL 289/2018,33,2148,SÂMIA BOMFIM
PL 289/2018,34,2151,ZÉ TURIN
PL 289/2018,35,2152,RINALDI DIGILIO
PL 289/2018,36,2153,RODRIGO GOULART
PL 289/2018,37,2154,CAMILO CRISTÓFARO
PL 289/2018,38,2155,JANAÍNA LIMA
PL 289/2018,39,2156,CAIO MIRANDA CARNEIRO
PL 289/2018,40,2159,RUTE COSTA
PL 289/2018,41,2160,JOÃO JORGE
PL 289/2018,42,2174,AMAURI SILVA
PL 289/2018,43,2219,MARCELO MESSIAS
PL 290/2018,1,224,AURÉLIO NOMURA
PL 291/2018,1,155,ARSELINO TATTO
PL 293/2018,1,2147,ISAC FÉLIX
PL 294/2018,1,2160,JOÃO JORGE
PL 295/2018,1,2150,ANDRÉ SANTOS
PL 296/2018,1,1999,PROFESSOR TONINHO VESPOLI
PL 296/2018,2,2146,GILBERTO NASCIMENTO
PL 297/2018,1,1707,DAVID SOARES
PL 298/2018,1,2147,ISAC FÉLIX
PL 299/2018,1,220,TONINHO PAIVA
PL 300/2018,1,1947,REIS
PL 301/2018,1,1947,REIS
PL 302/2018,1,1311,ANTONIO DONATO
PL 302/2018,2,1947,REIS
PL 303/2018,1,2001,JAIR TATTO
PL 304/2018,1,2001,JAIR TATTO
PL 305/2018,1,1999,PROFESSOR TONINHO VESPOLI
PL 305/2018,2,2001,JAIR TATTO
PL 306/2018,1,2152,RINALDI DIGILIO
PL 307/2018,1,273,MILTON LEITE
PL 307/2018,2,1319,SONINHA FRANCINE
PL 307/2018,3,2153,RODRIGO GOULART
PL 307/2018,4,2156,CAIO MIRANDA CARNEIRO
PL 308/2018,1,1635,DRA. SANDRA TADEU
PL 309/2018,1,1635,DRA. SANDRA TADEU
PL 310/2018,1,1635,DRA. SANDRA TADEU
PL 311/2018,1,224,AURÉLIO NOMURA
PL 311/2018,2,2155,JANAÍNA LIMA
PL 312/2018,1,224,AURÉLIO NOMURA
PL 313/2018,1,1326,QUITO FORMIGA
PL 314/2018,1,2148,SÂMIA BOMFIM
PL 314/2018,2,2185,CELSO GIANNAZI
PL 315/2018,1,2148,SÂMIA BOMFIM
PL 315/2018,2,2205,LUANA ALVES
PL 317/2018,1,2148,SÂMIA BOMFIM
PL 318/2018,1,1634,JULIANA CARDOSO
PL 318/2018,2,2148,SÂMIA BOMFIM
PL 318/2018,3,2185,CELSO GIANNAZI
PL 318/2018,4,2205,LUANA ALVES
PL 318/2018,5,2207,ERIKA HILTON
PL 319/2018,1,2148,SÂMIA BOMFIM
PL 319/2018,2,2185,CELSO GIANNAZI
PL 320/2018,1,1634,JULIANA CARDOSO
PL 321/2018,1,224,AURÉLIO NOMURA
PL 322/2018,1,224,AURÉLIO NOMURA
PL 324/2018,1,776,ELISEU GABRIEL
PL 324/2018,2,2214,RUBINHO NUNES
PL 324/2018,3,2243,DR. ADRIANO SANTOS
PL 325/2018,1,776,ELISEU GABRIEL
PL 326/2018,1,776,ELISEU GABRIEL
PL 327/2018,1,267,PAULO FRANGE
PL 327/2018,2,1947,REIS
PL 328/2018,1,796,GILBERTO NATALINI
PL 328/2018,2,1647,EDIR SALES
PL 329/2018,1,224,AURÉLIO NOMURA
PL 329/2018,2,796,GILBERTO NATALINI
PL 329/2018,3,1999,PROFESSOR TONINHO VESPOLI
PL 330/2018,1,1296,ADILSON AMADEU
PL 331/2018,1,1487,RICARDO TEIXEIRA
PL 332/2018,1,160,EDUARDO MATARAZZO SUPLICY
PL 332/2018,2,1319,SONINHA FRANCINE
PL 333/2018,1,187,GILSON BARRETO
PL 334/2018,1,160,EDUARDO MATARAZZO SUPLICY
PL 334/2018,2,1634,JULIANA CARDOSO
PL 335/2018,1,56,"COMISSÃO DE CONSTITUIÇÃO, JUSTIÇA E LEGISLAÇÃO PARTICIPATIVA"
PL 336/2018,1,776,ELISEU GABRIEL
PL 336/2018,2,796,GILBERTO NATALINI
PL 336/2018,3,1319,SONINHA FRANCINE
PL 336/2018,4,1447,ALFREDINHO
PL 336/2018,5,1990,RICARDO NUNES
PL 338/2018,1,220,TONINHO PAIVA
PL 339/2018,1,1447,ALFREDINHO
PL 339/2018,2,1990,RICARDO NUNES
PL 339/2018,3,2153,RODRIGO GOULART
PL 339/2018,4,2219,MARCELO MESSIAS
PL 339/2018,5,2272,DHEISON SILVA
PL 340/2018,1,2148,SÂMIA BOMFIM
PL 340/2018,2,2207,ERIKA HILTON
PL 341/2018,1,224,AURÉLIO NOMURA
PL 342/2018,1,2159,RUTE COSTA
PL 343/2018,1,2145,FERNANDO HOLIDAY
PL 344/2018,1,224,AURÉLIO NOMURA
PL 344/2018,2,796,GILBERTO NATALINI
PL 345/2018,1,1990,RICARDO NUNES
PL 345/2018,2,2144,FABIO RIVA
PL 346/2018,1,1990,RICARDO NUNES
PL 347/2018,1,2159,RUTE COSTA
PL 347/2018,2,2250,CORONEL SALLES
PL 348/2018,1,1996,EDUARDO TUMA
PL 348/2018,2,2159,RUTE COSTA
PL 349/2018,1,2159,RUTE COSTA
PL 349/2018,2,2215,MARLON LUZ
PL 350/2018,1,2150,ANDRÉ SANTOS
PL 351/2018,1,2169,BRUNO COVAS
PL 352/2018,1,220,TONINHO PAIVA
PL 353/2018,1,1999,PROFESSOR TONINHO VESPOLI
PL 354/2018,1,776,ELISEU GABRIEL
PL 355/2018,1,187,GILSON BARRETO
PL 355/2018,2,676,ATÍLIO FRANCISCO
PL 355/2018,3,1311,ANTONIO DONATO
PL 355/2018,4,1635,DRA. SANDRA TADEU
PL 355/2018,5,2142,ADRIANA RAMALHO
PL 355/2018,6,2146,GILBERTO NASCIMENTO
PL 356/2018,1,2169,BRUNO COVAS
PL 357/2018,1,1487,RICARDO TEIXEIRA
PL 358/2018,1,1635,DRA. SANDRA TADEU
PL 359/2018,1,220,TONINHO PAIVA
PL 360/2018,1,220,TONINHO PAIVA
PL 361/2018,1,1447,ALFREDINHO
PL 362/2018,1,1990,RICARDO NUNES
PL 362/2018,2,2219,MARCELO MESSIAS
PL 363/2018,1,224,AURÉLIO NOMURA
PL 364/2018,1,160,EDUARDO MATARAZZO SUPLICY
PL 365/2018,1,160,EDUARDO MATARAZZO SUPLICY
PL 366/2018,1,160,EDUARDO MATARAZZO SUPLICY
PL 366/2018,2,2254,LUNA ZARATTINI
PL 367/2018,1,1990,RICARDO NUNES
PL 368/2018,1,1990,RICARDO NUNES
PL 369/2018,1,1990,RICARDO NUNES
PL 371/2018,1,1990,RICARDO NUNES
PL 372/2018,1,2147,ISAC FÉLIX
PL 373/2018,1,2147,ISAC FÉLIX
PL 374/2018,1,2147,ISAC FÉLIX
PL 375/2018,1,2147,ISAC FÉLIX
PL 376/2018,1,2147,ISAC FÉLIX
PL 377/2018,1,224,AURÉLIO NOMURA
PL 378/2018,1,224,AURÉLIO NOMURA
PL 380/2018,1,187,GILSON BARRETO
PL 380/2018,2,2159,RUTE COSTA
PL 380/2018,3,2243,DR. ADRIANO SANTOS
PL 381/2018,1,2159,RUTE COSTA
PL 382/2018,1,2159,RUTE COSTA
PL 383/2018,1,1999,PROFESSOR TONINHO VESPOLI
PL 384/2018,1,187,GILSON BARRETO
PL 384/2018,2,2144,FABIO RIVA
PL 385/2018,1,187,GILSON BARRETO
PL 386/2018,1,187,GILSON BARRETO
PL 387/2018,1,2154,CAMILO CRISTÓFARO
PL 388/2018,1,1930,OTA
PL 389/2018,1,2148,SÂMIA BOMFIM
PL 391/2018,1,1326,QUITO FORMIGA
PL 392/2018,1,1326,QUITO FORMIGA
PL 393/2018,1,1326,QUITO FORMIGA
PL 394/2018,1,1647,EDIR SALES
PL 395/2018,1,1326,QUITO FORMIGA
PL 395/2018,2,2151,ZÉ TURIN
PL 396/2018,1,2153,RODRIGO GOULART
PL 397/2018,1,2169,BRUNO COVAS
PL 398/2018,1,155,ARSELINO TATTO
PL 399/2018,1,2152,RINALDI DIGILIO
PL 400/2018,1,2152,RINALDI DIGILIO
PL 401/2018,1,1635,DRA. SANDRA TADEU
PL 402/2018,1,2151,ZÉ TURIN
PL 403/2018,1,2151,ZÉ TURIN
PL 404/2018,1,1947,REIS
PL 405/2018,1,1634,JULIANA CARDOSO
PL 405/2018,2,1999,PROFESSOR TONINHO VESPOLI
PL 406/2018,1,1999,PROFESSOR TONINHO VESPOLI
PL 407/2018,1,1999,PROFESSOR TONINHO VESPOLI
PL 408/2018,1,220,TONINHO PAIVA
PL 409/2018,1,896,CLAUDIO FONSECA
PL 409/2018,2,2152,RINALDI DIGILIO
PL 409/2018,3,2219,MARCELO MESSIAS
PL 410/2018,1,796,GILBERTO NATALINI
PL 411/2018,1,2147,ISAC FÉLIX
PL 412/2018,1,1999,PROFESSOR TONINHO VESPOLI
PL 413/2018,1,896,CLAUDIO FONSECA
PL 414/2018,1,896,CLAUDIO FONSECA
PL 415/2018,1,896,CLAUDIO FONSECA
PL 416/2018,1,896,CLAUDIO FONSECA
PL 417/2018,1,1447,ALFREDINHO
PL 418/2018,1,1311,ANTONIO DONATO
PL 418/2018,2,1999,PROFESSOR TONINHO VESPOLI
PL 418/2018,3,2001,JAIR TATTO
PL 418/2018,4,2254,LUNA ZARATTINI
PL 419/2018,1,1296,ADILSON AMADEU
PL 420/2018,1,160,EDUARDO MATARAZZO SUPLICY
PL 420/2018,2,796,GILBERTO NATALINI
PL 420/2018,3,936,NABIL BONDUKI
PL 420/2018,4,1947,REIS
PL 420/2018,5,1999,PROFESSOR TONINHO VESPOLI
PL 420/2018,6,2205,LUANA ALVES
PL 420/2018,7,2206,SILVIA DA BANCADA FEMINISTA
PL 420/2018,8,2207,ERIKA HILTON
PL 421/2018,1,1990,RICARDO NUNES
PL 422/2018,1,1349,SENIVAL MOURA
PL 423/2018,1,1300,CLAUDINHO DE SOUZA
PL 424/2018,1,2169,BRUNO COVAS
PL 425/2018,1,2152,RINALDI DIGILIO
PL 426/2018,1,896,CLAUDIO FONSECA
PL 427/2018,1,896,CLAUDIO FONSECA
PL 428/2018,1,1999,PROFESSOR TONINHO VESPOLI
PL 429/2018,1,1999,PROFESSOR TONINHO VESPOLI
PL 430/2018,1,1990,RICARDO NUNES
PL 431/2018,1,1487,RICARDO TEIXEIRA
PL 432/2018,1,1635,DRA. SANDRA TADEU
PL 433/2018,1,1635,DRA. SANDRA TADEU
PL 434/2018,1,1635,DRA. SANDRA TADEU
PL 435/2018,1,1300,CLAUDINHO DE SOUZA
PL 436/2018,1,1300,CLAUDINHO DE SOUZA
PL 437/2018,1,2001,JAIR TATTO
PL 438/2018,1,2148,SÂMIA BOMFIM
PL 438/2018,2,2185,CELSO GIANNAZI
PL 439/2018,1,2142,ADRIANA RAMALHO
PL 440/2018,1,2142,ADRIANA RAMALHO
PL 441/2018,1,2001,JAIR TATTO
PL 442/2018,1,1300,CLAUDINHO DE SOUZA
PL 443/2018,1,187,GILSON BARRETO
PL 444/2018,1,187,GILSON BARRETO
PL 445/2018,1,1647,EDIR SALES
PL 447/2018,1,1707,DAVID SOARES
PL 448/2018,1,2147,ISAC FÉLIX
PL 450/2018,1,2147,ISAC FÉLIX
PL 451/2018,1,1326,QUITO FORMIGA
PL 452/2018,1,1947,REIS
PL 453/2018,1,224,AURÉLIO NOMURA
PL 453/2018,2,2219,MARCELO MESSIAS
PL 454/2018,1,2156,CAIO MIRANDA CARNEIRO
PL 455/2018,1,2159,RUTE COSTA
PL 456/2018,1,224,AURÉLIO NOMURA
PL 457/2018,1,224,AURÉLIO NOMURA
PL 458/2018,1,2001,JAIR TATTO
PL 459/2018,1,776,ELISEU GABRIEL
PL 460/2018,1,776,ELISEU GABRIEL
PL 461/2018,1,2174,AMAURI SILVA
PL 462/2018,1,1635,DRA. SANDRA TADEU
PL 463/2018,1,1635,DRA. SANDRA TADEU
PL 464/2018,1,1635,DRA. SANDRA TADEU
PL 465/2018,1,1635,DRA. SANDRA TADEU
PL 466/2018,1,1635,DRA. SANDRA TADEU
PL 467/2018,1,2159,RUTE COSTA
PL 468/2018,1,2159,RUTE COSTA
PL 469/2018,1,2159,RUTE COSTA
PL 470/2018,1,2001,JAIR TATTO
PL 471/2018,1,796,GILBERTO NATALINI
PL 472/2018,1,224,AURÉLIO NOMURA
PL 473/2018,1,1999,PROFESSOR TONINHO VESPOLI
PL 474/2018,1,2148,SÂMIA BOMFIM
PL 475/2018,1,1305,POLICE
PL 476/2018,1,1305,POLICE
PL 477/2018,1,2158,XEXÉU TRIPOLI
PL 478/2018,1,220,TONINHO PAIVA
PL 479/2018,1,2151,ZÉ TURIN
PL 480/2018,1,1999,PROFESSOR TONINHO VESPOLI
PL 481/2018,1,896,CLAUDIO FONSECA
PL 482/2018,1,2151,ZÉ TURIN
PL 483/2018,1,1296,ADILSON AMADEU
PL 483/2018,2,2150,ANDRÉ SANTOS
PL 483/2018,3,2152,RINALDI DIGILIO
PL 483/2018,4,2155,JANAÍNA LIMA
PL 483/2018,5,2209,DANILO DO POSTO DE SAÚDE
PL 484/2018,1,2152,RINALDI DIGILIO
PL 485/2018,1,2152,RINALDI DIGILIO
PL 486/2018,1,2152,RINALDI DIGILIO
PL 487/2018,1,155,ARSELINO TATTO
PL 487/2018,2,2153,RODRIGO GOULART
PL 488/2018,1,2142,ADRIANA RAMALHO
PL 489/2018,1,2147,ISAC FÉLIX
PL 490/2018,1,2169,BRUNO COVAS
PL 491/2018,1,776,ELISEU GABRIEL
PL 492/2018,1,1316,NOEMI NONATO
PL 493/2018,1,1316,NOEMI NONATO
PL 494/2018,1,1316,NOEMI NONATO
PL 495/2018,1,776,ELISEU GABRIEL
PL 496/2018,1,1487,RICARDO TEIXEIRA
PL 497/2018,1,1319,SONINHA FRANCINE
PL 498/2018,1,1647,EDIR SALES
PL 498/2018,2,1999,PROFESSOR TONINHO VESPOLI
PL 498/2018,3,2144,FABIO RIVA
PL 498/2018,4,2152,RINALDI DIGILIO
PL 498/2018,5,2207,ERIKA HILTON
PL 499/2018,1,2174,AMAURI SILVA
PL 500/2018,1,1319,SONINHA FRANCINE
PL 501/2018,1,896,CLAUDIO FONSECA
PL 502/2018,1,2145,FERNANDO HOLIDAY
PL 503/2018,1,1316,NOEMI NONATO
PL 504/2018,1,1316,NOEMI NONATO
PL 505/2018,1,1316,NOEMI NONATO
PL 506/2018,1,2148,SÂMIA BOMFIM
PL 507/2018,1,2153,RODRIGO GOULART
PL 508/2018,1,2153,RODRIGO GOULART
PL 509/2018,1,2147,ISAC FÉLIX
PL 510/2018,1,2147,ISAC FÉLIX
PL 511/2018,1,1305,POLICE
PL 512/2018,1,1300,CLAUDINHO DE SOUZA
PL 513/2018,1,2151,ZÉ TURIN
PL 514/2018,1,2151,ZÉ TURIN
PL 515/2018,1,220,TONINHO PAIVA
PL 515/2018,2,676,ATÍLIO FRANCISCO
PL 515/2018,3,756,CELSO JATENE
PL 515/2018,4,796,GILBERTO NATALINI
PL 515/2018,5,1305,POLICE
PL 515/2018,6,1316,NOEMI NONATO
PL 515/2018,7,1633,SOUZA SANTOS
PL 515/2018,8,1930,OTA
PL 515/2018,9,1998,PATRÍCIA BEZERRA
PL 515/2018,10,2002,CONTE LOPES
PL 515/2018,11,2145,FERNANDO HOLIDAY
PL 515/2018,12,2147,ISAC FÉLIX
PL 515/2018,13,2153,RODRIGO GOULART
PL 515/2018,14,2154,CAMILO CRISTÓFARO
PL 515/2018,15,2155,JANAÍNA LIMA
PL 515/2018,16,2156,CAIO MIRANDA CARNEIRO
PL 516/2018,1,2156,CAIO MIRANDA CARNEIRO
PL 517/2018,1,187,GILSON BARRETO
PL 517/2018,2,224,AURÉLIO NOMURA
PL 517/2018,3,1300,CLAUDINHO DE SOUZA
PL 517/2018,4,1326,QUITO FORMIGA
PL 517/2018,5,1998,PATRÍCIA BEZERRA
PL 517/2018,6,2142,ADRIANA RAMALHO
PL 517/2018,7,2144,FABIO RIVA
PL 517/2018,8,2160,JOÃO JORGE
PL 518/2018,1,224,AURÉLIO NOMURA
PL 519/2018,1,2152,RINALDI DIGILIO
PL 520/2018,1,2152,RINALDI DIGILIO
PL 521/2018,1,2153,RODRIGO GOULART
PL 522/2018,1,1305,POLICE
PL 522/2018,2,2224,SANDRA SANTANA
PL 523/2018,1,220,TONINHO PAIVA
PL 524/2018,1,1305,POLICE
PL 525/2018,1,776,ELISEU GABRIEL
PL 525/2018,2,1947,REIS
PL 525/2018,3,2255,JOÃO ANANIAS
PL 526/2018,1,1635,DRA. SANDRA TADEU
PL 527/2018,1,1635,DRA. SANDRA TADEU
PL 528/2018,1,268,DALTON SILVANO
PL 528/2018,2,273,MILTON LEITE
PL 529/2018,1,896,CLAUDIO FONSECA
PL 529/2018,2,2001,JAIR TATTO
PL 530/2018,1,2174,AMAURI SILVA
PL 531/2018,1,224,AURÉLIO NOMURA
PL 531/2018,2,796,GILBERTO NATALINI
PL 531/2018,3,2149,DANIEL ANNENBERG
PL 531/2018,4,2155,JANAÍNA LIMA
PL 531/2018,5,2222,CRIS MONTEIRO
PL 532/2018,1,224,AURÉLIO NOMURA
PL 532/2018,2,796,GILBERTO NATALINI
PL 532/2018,3,2149,DANIEL ANNENBERG
PL 532/2018,4,2222,CRIS MONTEIRO
PL 533/2018,1,2153,RODRIGO GOULART
PL 534/2018,1,220,TONINHO PAIVA
PL 535/2018,1,1635,DRA. SANDRA TADEU
PL 536/2018,1,2169,BRUNO COVAS
PL 537/2018,1,2174,AMAURI SILVA
PL 538/2018,1,2142,ADRIANA RAMALHO
PL 539/2018,1,1487,RICARDO TEIXEIRA
PL 540/2018,1,1487,RICARDO TEIXEIRA
PL 541/2018,1,1487,RICARDO TEIXEIRA
PL 542/2018,1,2147,ISAC FÉLIX
PL 543/2018,1,2180,MANOEL DEL RIO
PL 544/2018,1,2180,MANOEL DEL RIO
PL 544/2018,2,2249,NUNES PEIXEIRO
PL 544/2018,3,2254,LUNA ZARATTINI
PL 544/2018,4,2255,JOÃO ANANIAS
PL 545/2018,1,2180,MANOEL DEL RIO
PL 546/2018,1,2180,MANOEL DEL RIO
PL 547/2018,1,2180,MANOEL DEL RIO
PL 548/2018,1,2180,MANOEL DEL RIO
PL 549/2018,1,2180,MANOEL DEL RIO
PL 550/2018,1,2174,AMAURI SILVA
PL 551/2018,1,2151,ZÉ TURIN
PL 552/2018,1,224,AURÉLIO NOMURA
PL 552/2018,2,796,GILBERTO NATALINI
PL 552/2018,3,2219,MARCELO MESSIAS
PL 553/2018,1,2159,RUTE COSTA
PL 554/2018,1,2159,RUTE COSTA
PL 555/2018,1,1319,SONINHA FRANCINE
PL 555/2018,2,1635,DRA. SANDRA TADEU
PL 555/2018,3,1647,EDIR SALES
PL 555/2018,4,2159,RUTE COSTA
PL 555/2018,5,2210,ELY TERUEL
PL 555/2018,6,2211,SIDNEY CRUZ
PL 555/2018,7,2223,FELIPE BECARI
PL 556/2018,1,1635,DRA. SANDRA TADEU
PL 556/2018,2,1647,EDIR SALES
PL 556/2018,3,2159,RUTE COSTA
PL 556/2018,4,2210,ELY TERUEL
PL 556/2018,5,2213,FARIA DE SÁ
PL 556/2018,6,2220,DELEGADO PALUMBO
PL 556/2018,7,2221,ELI CORRÊA
PL 556/2018,8,2223,FELIPE BECARI
PL 557/2018,1,896,CLAUDIO FONSECA
PL 558/2018,1,1305,POLICE
PL 559/2018,1,2156,CAIO MIRANDA CARNEIRO
PL 560/2018,1,1999,PROFESSOR TONINHO VESPOLI
PL 560/2018,2,2148,SÂMIA BOMFIM
PL 560/2018,3,2205,LUANA ALVES
PL 561/2018,1,2174,AMAURI SILVA
PL 562/2018,1,2180,MANOEL DEL RIO
PL 563/2018,1,160,EDUARDO MATARAZZO SUPLICY
PL 563/2018,2,224,AURÉLIO NOMURA
PL 563/2018,3,676,ATÍLIO FRANCISCO
PL 563/2018,4,776,ELISEU GABRIEL
PL 563/2018,5,796,GILBERTO NATALINI
PL 563/2018,6,896,CLAUDIO FONSECA
PL 563/2018,7,1311,ANTONIO DONATO
PL 563/2018,8,1316,NOEMI NONATO
PL 563/2018,9,1319,SONINHA FRANCINE
PL 563/2018,10,1326,QUITO FORMIGA
PL 563/2018,11,1349,SENIVAL MOURA
PL 563/2018,12,1635,DRA. SANDRA TADEU
PL 563/2018,13,1930,OTA
PL 563/2018,14,1932,MARIO COVAS NETO
PL 563/2018,15,1947,REIS
PL 563/2018,16,1989,GEORGE HATO
PL 563/2018,17,1996,EDUARDO TUMA
PL 563/2018,18,2000,ALESSANDRO GUEDES
PL 563/2018,19,2144,FABIO RIVA
PL 563/2018,20,2151,ZÉ TURIN
PL 563/2018,21,2152,RINALDI DIGILIO
PL 563/2018,22,2156,CAIO MIRANDA CARNEIRO
PL 563/2018,23,2158,XEXÉU TRIPOLI
PL 564/2018,1,1633,SOUZA SANTOS
PL 565/2018,1,1633,SOUZA SANTOS
PL 566/2018,1,1633,SOUZA SANTOS
PL 567/2018,1,1633,SOUZA SANTOS
PL 568/2018,1,2000,ALESSANDRO GUEDES
PL 569/2018,1,2000,ALESSANDRO GUEDES
PL 570/2018,1,2155,JANAÍNA LIMA
PL 571/2018,1,2147,ISAC FÉLIX
PL 572/2018,1,1305,POLICE
PL 573/2018,1,1305,POLICE
PL 574/2018,1,2145,FERNANDO HOLIDAY
PL 575/2018,1,2002,CONTE LOPES
PL 575/2018,2,2146,GILBERTO NASCIMENTO
PL 576/2018,1,1296,ADILSON AMADEU
PL 577/2018,1,2001,JAIR TATTO
PL 578/2018,1,2150,ANDRÉ SANTOS
PL 579/2018,1,2150,ANDRÉ SANTOS
PL 580/2018,1,2150,ANDRÉ SANTOS
PL 581/2018,1,2152,RINALDI DIGILIO
PL 582/2018,1,2152,RINALDI DIGILIO
PL 583/2018,1,1633,SOUZA SANTOS
PL 583/2018,2,1999,PROFESSOR TONINHO VESPOLI
PL 584/2018,1,160,EDUARDO MATARAZZO SUPLICY
PL 584/2018,2,1999,PROFESSOR TONINHO VESPOLI
PL 585/2018,1,2147,ISAC FÉLIX
PL 586/2018,1,187,GILSON BARRETO
PL 586/2018,2,224,AURÉLIO NOMURA
PL 586/2018,3,676,ATÍLIO FRANCISCO
PL 586/2018,4,756,CELSO JATENE
PL 586/2018,5,776,ELISEU GABRIEL
PL 586/2018,6,796,GILBERTO NATALINI
PL 586/2018,7,896,CLAUDIO FONSECA
PL 586/2018,8,1316,NOEMI NONATO
PL 586/2018,9,1319,SONINHA FRANCINE
PL 586/2018,10,1487,RICARDO TEIXEIRA
PL 586/2018,11,1635,DRA. SANDRA TADEU
PL 586/2018,12,1947,REIS
PL 586/2018,13,1990,RICARDO NUNES
PL 586/2018,14,1996,EDUARDO TUMA
PL 586/2018,15,1998,PATRÍCIA BEZERRA
PL 586/2018,16,2144,FABIO RIVA
PL 586/2018,17,2145,FERNANDO HOLIDAY
PL 586/2018,18,2146,GILBERTO NASCIMENTO
PL 586/2018,19,2147,ISAC FÉLIX
PL 586/2018,20,2149,DANIEL ANNENBERG
PL 586/2018,21,2151,ZÉ TURIN
PL 586/2018,22,2152,RINALDI DIGILIO
PL 586/2018,23,2154,CAMILO CRISTÓFARO
PL 587/2018,1,2147,ISAC FÉLIX
PL 588/2018,1,2159,RUTE COSTA
PL 589/2018,1,2159,RUTE COSTA
PL 590/2018,1,1487,RICARDO TEIXEIRA
PL 591/2018,1,224,AURÉLIO NOMURA
PL 591/2018,2,2001,JAIR TATTO
PL 592/2018,1,776,ELISEU GABRIEL
PL 593/2018,1,776,ELISEU GABRIEL
PL 594/2018,1,896,CLAUDIO FONSECA
PL 595/2018,1,1300,CLAUDINHO DE SOUZA
PL 595/2018,2,1996,EDUARDO TUMA
PL 595/2018,3,2155,JANAÍNA LIMA
PL 596/2018,1,2155,JANAÍNA LIMA
PL 597/2018,1,2145,FERNANDO HOLIDAY
PL 597/2018,2,2159,RUTE COSTA
PL 598/2018,1,1633,SOUZA SANTOS
PL 599/2018,1,776,ELISEU GABRIEL
PL 600/2018,1,776,ELISEU GABRIEL
PL 601/2018,1,1647,EDIR SALES
PL 601/2018,2,2279,SILVINHO LEITE
PL 602/2018,1,273,MILTON LEITE
PL 602/2018,2,676,ATÍLIO FRANCISCO
PL 602/2018,3,756,CELSO JATENE
PL 602/2018,4,776,ELISEU GABRIEL
PL 602/2018,5,796,GILBERTO NATALINI
PL 602/2018,6,896,CLAUDIO FONSECA
PL 602/2018,7,1305,POLICE
PL 602/2018,8,1316,NOEMI NONATO
PL 602/2018,9,1326,QUITO FORMIGA
PL 602/2018,10,1487,RICARDO TEIXEIRA
PL 602/2018,11,1633,SOUZA SANTOS
PL 602/2018,12,1635,DRA. SANDRA TADEU
PL 602/2018,13,1636,DR. MILTON FERREIRA
PL 602/2018,14,1647,EDIR SALES
PL 602/2018,15,1930,OTA
PL 602/2018,16,1932,MARIO COVAS NETO
PL 602/2018,17,1989,GEORGE HATO
PL 602/2018,18,1990,RICARDO NUNES
PL 602/2018,19,1996,EDUARDO TUMA
PL 602/2018,20,2002,CONTE LOPES
PL 602/2018,21,2144,FABIO RIVA
PL 602/2018,22,2147,ISAC FÉLIX
PL 602/2018,23,2150,ANDRÉ SANTOS
PL 602/2018,24,2151,ZÉ TURIN
PL 602/2018,25,2153,RODRIGO GOULART
PL 602/2018,26,2159,RUTE COSTA
PL 602/2018,27,2174,AMAURI SILVA
PL 603/2018,1,2152,RINALDI DIGILIO
PL 603/2018,2,2210,ELY TERUEL
PL 604/2018,1,224,AURÉLIO NOMURA
PL 605/2018,1,1947,REIS
PL 606/2018,1,220,TONINHO PAIVA
PL 606/2018,2,756,CELSO JATENE
PL 606/2018,3,1996,EDUARDO TUMA
PL 607/2018,1,2169,BRUNO COVAS
PL 608/2018,1,1633,SOUZA SANTOS
PL 609/2018,1,155,ARSELINO TATTO
PL 609/2018,2,2149,DANIEL ANNENBERG
PL 609/2018,3,2155,JANAÍNA LIMA
PL 610/2018,1,2150,ANDRÉ SANTOS
PL 611/2018,1,2169,BRUNO COVAS
PL 612/2018,1,2148,SÂMIA BOMFIM
PL 613/2018,1,2169,BRUNO COVAS
PL 614/2018,1,1633,SOUZA SANTOS
PL 615/2018,1,224,AURÉLIO NOMURA
PL 615/2018,2,796,GILBERTO NATALINI
PL 615/2018,3,1647,EDIR SALES
PL 616/2018,1,2169,BRUNO COVAS
PL 617/2018,1,2169,BRUNO COVAS
PL 618/2018,1,1487,RICARDO TEIXEIRA
PL 619/2018,1,796,GILBERTO NATALINI
PL 620/2018,1,2148,SÂMIA BOMFIM
PL 620/2018,2,2205,LUANA ALVES
PL 621/2018,1,160,EDUARDO MATARAZZO SUPLICY
PL 621/2018,2,1634,JULIANA CARDOSO
PL 621/2018,3,1932,MARIO COVAS NETO
PL 621/2018,4,1999,PROFESSOR TONINHO VESPOLI
PL 621/2018,5,2001,JAIR TATTO
PL 621/2018,6,2148,SÂMIA BOMFIM
PL 621/2018,7,2185,CELSO GIANNAZI
PL 621/2018,8,2206,SILVIA DA BANCADA FEMINISTA
PL 621/2018,9,2254,LUNA ZARATTINI
PL 622/2018,1,2169,BRUNO COVAS
PL 623/2018,1,155,ARSELINO TATTO
PL 624/2018,1,187,GILSON BARRETO
PL 625/2018,1,187,GILSON BARRETO
PL 626/2018,1,155,ARSELINO TATTO
PL 627/2018,1,1635,DRA. SANDRA TADEU
PL 628/2018,1,1635,DRA. SANDRA TADEU
PL 629/2018,1,1635,DRA. SANDRA TADEU
PL 630/2018,1,2142,ADRIANA RAMALHO
PL 631/2018,1,1296,ADILSON AMADEU
PL 632/2018,1,1300,CLAUDINHO DE SOUZA
PL 633/2018,1,2159,RUTE COSTA
PL 633/2018,2,2210,ELY TERUEL
PL 633/2018,3,2219,MARCELO MESSIAS
PL 634/2018,1,1998,PATRÍCIA BEZERRA
PL 634/2018,2,2159,RUTE COSTA
PL 635/2018,1,2159,RUTE COSTA
PL 636/2018,1,2159,RUTE COSTA
PL 637/2018,1,1647,EDIR SALES
PL 637/2018,2,2144,FABIO RIVA
PL 638/2018,1,2169,BRUNO COVAS
PL 639/2018,1,2147,ISAC FÉLIX
PL 640/2018,1,2153,RODRIGO GOULART
PL 640/2018,2,2218,THAMMY MIRANDA
PL 641/2018,1,896,CLAUDIO FONSECA
PL 641/2018,2,1998,PATRÍCIA BEZERRA
PL 642/2018,1,1633,SOUZA SANTOS
PL 643/2018,1,187,GILSON BARRETO
PL 644/2018,1,1990,RICARDO NUNES
PL 645/2018,1,2144,FABIO RIVA
PL 646/2018,1,1487,RICARDO TEIXEIRA
PL 647/2018,1,1487,RICARDO TEIXEIRA
PL 647/2018,2,2266,ADRILLES JORGE
PL 647/2018,3,2270,PASTORA SANDRA ALVES
PL 647/2018,4,2278,KEIT LIMA
PL 647/2018,5,2279,SILVINHO LEITE
PL 648/2018,1,796,GILBERTO NATALINI
PL 649/2018,1,224,AURÉLIO NOMURA
PL 650/2018,1,224,AURÉLIO NOMURA
PL 651/2018,1,2146,GILBERTO NASCIMENTO
PL 652/2018,1,1635,DRA. SANDRA TADEU
PL 652/2018,2,2146,GILBERTO NASCIMENTO
PL 652/2018,3,2210,ELY TERUEL
PL 652/2018,4,2220,DELEGADO PALUMBO
PL 653/2018,1,1947,REIS
PL 654/2018,1,1947,REIS
PL 655/2018,1,1319,SONINHA FRANCINE
PL 655/2018,2,2150,ANDRÉ SANTOS
PL 656/2018,1,1319,SONINHA FRANCINE
PL 657/2018,1,1487,RICARDO TEIXEIRA
PL 658/2018,1,1316,NOEMI NONATO
PL 658/2018,2,1996,EDUARDO TUMA
PL 658/2018,3,1998,PATRÍCIA BEZERRA
PL 658/2018,4,2142,ADRIANA RAMALHO
PL 658/2018,5,2147,ISAC FÉLIX
PL 659/2018,1,1990,RICARDO NUNES
PL 660/2018,1,220,TONINHO PAIVA
PL 661/2018,1,1990,RICARDO NUNES
PL 662/2018,1,1990,RICARDO NUNES
PL 662/2018,2,2219,MARCELO MESSIAS
PL 663/2018,1,1300,CLAUDINHO DE SOUZA
PL 664/2018,1,224,AURÉLIO NOMURA
PL 665/2018,1,224,AURÉLIO NOMURA
PL 666/2018,1,224,AURÉLIO NOMURA
PL 667/2018,1,1634,JULIANA CARDOSO
PL 668/2018,1,1305,POLICE
PL 669/2018,1,267,PAULO FRANGE
PL 669/2018,2,268,DALTON SILVANO
PL 669/2018,3,776,ELISEU GABRIEL
PL 669/2018,4,1305,POLICE
PL 669/2018,5,2144,FABIO RIVA
PL 669/2018,6,2146,GILBERTO NASCIMENTO
PL 669/2018,7,2150,ANDRÉ SANTOS
PL 669/2018,8,2224,SANDRA SANTANA
PL 670/2018,1,1316,NOEMI NONATO
PL 670/2018,2,2150,ANDRÉ SANTOS
PL 670/2018,3,2152,RINALDI DIGILIO
PL 670/2018,4,2159,RUTE COSTA
PL 671/2018,1,2159,RUTE COSTA
PL 672/2018,1,2159,RUTE COSTA
PL 673/2018,1,1487,RICARDO TEIXEIRA
PL 674/2018,1,1487,RICARDO TEIXEIRA
PL 675/2018,1,2143,ALINE CARDOSO
PL 676/2018,1,2143,ALINE CARDOSO
PL 677/2018,1,2143,ALINE CARDOSO
PL 677/2018,2,2224,SANDRA SANTANA
PL 678/2018,1,2143,ALINE CARDOSO
PL 678/2018,2,2224,SANDRA SANTANA
PL 1/2019,1,1305,POLICE
PL 2/2019,1,1487,RICARDO TEIXEIRA
PL 3/2019,1,1487,RICARDO TEIXEIRA
PL 4/2019,1,1487,RICARDO TEIXEIRA
PL 5/2019,1,1487,RICARDO TEIXEIRA
PL 6/2019,1,1487,RICARDO TEIXEIRA
PL 7/2019,1,1487,RICARDO TEIXEIRA
PL 8/2019,1,1487,RICARDO TEIXEIRA
PL 9/2019,1,1487,RICARDO TEIXEIRA
PL 9/2019,2,2154,CAMILO CRISTÓFARO
PL 10/2019,1,1487,RICARDO TEIXEIRA
PL 11/2019,1,2153,RODRIGO GOULART
PL 11/2019,2,2154,CAMILO CRISTÓFARO
PL 11/2019,3,2219,MARCELO MESSIAS
PL 12/2019,1,1487,RICARDO TEIXEIRA
PL 13/2019,1,1487,RICARDO TEIXEIRA
PL 14/2019,1,1487,RICARDO TEIXEIRA
PL 15/2019,1,2152,RINALDI DIGILIO
PL 15/2019,2,2154,CAMILO CRISTÓFARO
PL 16/2019,1,1487,RICARDO TEIXEIRA
PL 17/2019,1,1487,RICARDO TEIXEIRA
PL 18/2019,1,1999,PROFESSOR TONINHO VESPOLI
PL 19/2019,1,2145,FERNANDO HOLIDAY
PL 20/2019,1,1487,RICARDO TEIXEIRA
PL 21/2019,1,267,PAULO FRANGE
PL 21/2019,2,1647,EDIR SALES
PL 21/2019,3,1947,REIS
PL 22/2019,1,1487,RICARDO TEIXEIRA
PL 23/2019,1,267,PAULO FRANGE
PL 23/2019,2,2219,MARCELO MESSIAS
PL 24/2019,1,267,PAULO FRANGE
PL 25/2019,1,1487,RICARDO TEIXEIRA
PL 26/2019,1,1487,RICARDO TEIXEIRA
PL 27/2019,1,267,PAULO FRANGE
PL 28/2019,1,1487,RICARDO TEIXEIRA
PL 29/2019,1,160,EDUARDO MATARAZZO SUPLICY
PL 29/2019,2,1319,SONINHA FRANCINE
PL 29/2019,3,1634,JULIANA CARDOSO
PL 29/2019,4,1998,PATRÍCIA BEZERRA
PL 29/2019,5,1999,PROFESSOR TONINHO VESPOLI
PL 29/2019,6,2148,SÂMIA BOMFIM
PL 29/2019,7,2185,CELSO GIANNAZI
PL 29/2019,8,2205,LUANA ALVES
PL 29/2019,9,2207,ERIKA HILTON
PL 29/2019,10,2254,LUNA ZARATTINI
PL 30/2019,1,2158,XEXÉU TRIPOLI
PL 31/2019,1,2156,CAIO MIRANDA CARNEIRO
PL 32/2019,1,1296,ADILSON AMADEU
PL 33/2019,1,1487,RICARDO TEIXEIRA
PL 34/2019,1,2185,CELSO GIANNAZI
PL 35/2019,1,2153,RODRIGO GOULART
PL 35/2019,2,2218,THAMMY MIRANDA
PL 36/2019,1,2159,RUTE COSTA
PL 37/2019,1,896,CLAUDIO FONSECA
PL 38/2019,1,1487,RICARDO TEIXEIRA
PL 38/2019,2,2218,THAMMY MIRANDA
PL 39/2019,1,1487,RICARDO TEIXEIRA
PL 40/2019,1,268,DALTON SILVANO
PL 41/2019,1,224,AURÉLIO NOMURA
PL 42/2019,1,155,ARSELINO TATTO
PL 43/2019,1,2155,JANAÍNA LIMA
PL 44/2019,1,1990,RICARDO NUNES
PL 44/2019,2,2219,MARCELO MESSIAS
PL 45/2019,1,2159,RUTE COSTA
PL 46/2019,1,2154,CAMILO CRISTÓFARO
PL 47/2019,1,1633,SOUZA SANTOS
PL 48/2019,1,160,EDUARDO MATARAZZO SUPLICY
PL 48/2019,2,1316,NOEMI NONATO
PL 48/2019,3,1326,QUITO FORMIGA
PL 48/2019,4,1634,JULIANA CARDOSO
PL 48/2019,5,1635,DRA. SANDRA TADEU
PL 48/2019,6,1647,EDIR SALES
PL 48/2019,7,1998,PATRÍCIA BEZERRA
PL 48/2019,8,2142,ADRIANA RAMALHO
PL 48/2019,9,2146,GILBERTO NASCIMENTO
PL 48/2019,10,2151,ZÉ TURIN
PL 48/2019,11,2152,RINALDI DIGILIO
PL 48/2019,12,2154,CAMILO CRISTÓFARO
PL 48/2019,13,2155,JANAÍNA LIMA
PL 48/2019,14,2156,CAIO MIRANDA CARNEIRO
PL 48/2019,15,2158,XEXÉU TRIPOLI
PL 49/2019,1,776,ELISEU GABRIEL
PL 50/2019,1,1647,EDIR SALES
PL 51/2019,1,1647,EDIR SALES
PL 52/2019,1,1647,EDIR SALES
PL 53/2019,1,160,EDUARDO MATARAZZO SUPLICY
PL 53/2019,2,187,GILSON BARRETO
PL 53/2019,3,224,AURÉLIO NOMURA
PL 53/2019,4,268,DALTON SILVANO
PL 53/2019,5,676,ATÍLIO FRANCISCO
PL 53/2019,6,696,CARLOS BEZERRA JR.
PL 53/2019,7,776,ELISEU GABRIEL
PL 53/2019,8,796,GILBERTO NATALINI
PL 53/2019,9,1300,CLAUDINHO DE SOUZA
PL 53/2019,10,1647,EDIR SALES
PL 53/2019,11,2153,RODRIGO GOULART
PL 53/2019,12,2154,CAMILO CRISTÓFARO
PL 53/2019,13,2213,FARIA DE SÁ
PL 54/2019,1,1487,RICARDO TEIXEIRA
PL 55/2019,1,1487,RICARDO TEIXEIRA
PL 56/2019,1,1487,RICARDO TEIXEIRA
PL 57/2019,1,187,GILSON BARRETO
PL 57/2019,2,1487,RICARDO TEIXEIRA
PL 57/2019,3,2000,ALESSANDRO GUEDES
PL 57/2019,4,2144,FABIO RIVA
PL 58/2019,1,1296,ADILSON AMADEU
PL 58/2019,2,1326,QUITO FORMIGA
PL 58/2019,3,2146,GILBERTO NASCIMENTO
PL 58/2019,4,2152,RINALDI DIGILIO
PL 58/2019,5,2153,RODRIGO GOULART
PL 58/2019,6,2160,JOÃO JORGE
PL 58/2019,7,2211,SIDNEY CRUZ
PL 58/2019,8,2213,FARIA DE SÁ
PL 58/2019,9,2219,MARCELO MESSIAS
PL 58/2019,10,2221,ELI CORRÊA
PL 58/2019,11,2223,FELIPE BECARI
PL 59/2019,1,1633,SOUZA SANTOS
PL 60/2019,1,1634,JULIANA CARDOSO
PL 60/2019,2,1999,PROFESSOR TONINHO VESPOLI
PL 61/2019,1,2150,ANDRÉ SANTOS
PL 62/2019,1,2153,RODRIGO GOULART
PL 63/2019,1,1634,JULIANA CARDOSO
PL 64/2019,1,1990,RICARDO NUNES
PL 64/2019,2,2219,MARCELO MESSIAS
PL 64/2019,3,2276,SILVÃO LEITE
PL 65/2019,1,1487,RICARDO TEIXEIRA
PL 66/2019,1,1487,RICARDO TEIXEIRA
PL 66/2019,2,2278,KEIT LIMA
PL 67/2019,1,1487,RICARDO TEIXEIRA
PL 68/2019,1,1487,RICARDO TEIXEIRA
PL 69/2019,1,1487,RICARDO TEIXEIRA
PL 70/2019,1,1635,DRA. SANDRA TADEU
PL 71/2019,1,1930,OTA
PL 72/2019,1,1487,RICARDO TEIXEIRA
PL 73/2019,1,1487,RICARDO TEIXEIRA
PL 74/2019,1,1487,RICARDO TEIXEIRA
PL 75/2019,1,187,GILSON BARRETO
PL 76/2019,1,1999,PROFESSOR TONINHO VESPOLI
PL 77/2019,1,2001,JAIR TATTO
PL 78/2019,1,2001,JAIR TATTO
PL 79/2019,1,224,AURÉLIO NOMURA
PL 79/2019,2,1999,PROFESSOR TONINHO VESPOLI
PL 79/2019,3,2152,RINALDI DIGILIO
PL 80/2019,1,1487,RICARDO TEIXEIRA
PL 81/2019,1,1487,RICARDO TEIXEIRA
PL 82/2019,1,1647,EDIR SALES
PL 83/2019,1,2146,GILBERTO NASCIMENTO
PL 84/2019,1,267,PAULO FRANGE
PL 84/2019,2,676,ATÍLIO FRANCISCO
PL 84/2019,3,1989,GEORGE HATO
PL 84/2019,4,2145,FERNANDO HOLIDAY
PL 84/2019,5,2146,GILBERTO NASCIMENTO
PL 84/2019,6,2154,CAMILO CRISTÓFARO
PL 84/2019,7,2159,RUTE COSTA
PL 84/2019,8,2213,FARIA DE SÁ
PL 84/2019,9,2215,MARLON LUZ
PL 84/2019,10,2216,SONAIRA FERNANDES
PL 84/2019,11,2217,SANSÃO PEREIRA
PL 84/2019,12,2219,MARCELO MESSIAS
PL 84/2019,13,2223,FELIPE BECARI
PL 85/2019,1,2001,JAIR TATTO
PL 86/2019,1,2001,JAIR TATTO
PL 87/2019,1,2169,BRUNO COVAS
PL 88/2019,1,1930,OTA
PL 89/2019,1,1487,RICARDO TEIXEIRA
PL 90/2019,1,1487,RICARDO TEIXEIRA
PL 91/2019,1,1487,RICARDO TEIXEIRA
PL 92/2019,1,1487,RICARDO TEIXEIRA
PL 93/2019,1,1487,RICARDO TEIXEIRA
PL 93/2019,2,2223,FELIPE BECARI
PL 94/2019,1,1487,RICARDO TEIXEIRA
PL 95/2019,1,1487,RICARDO TEIXEIRA
PL 96/2019,1,1999,PROFESSOR TONINHO VESPOLI
PL 96/2019,2,2146,GILBERTO NASCIMENTO
PL 96/2019,3,2185,CELSO GIANNAZI
PL 96/2019,4,2270,PASTORA SANDRA ALVES
PL 96/2019,5,2279,SILVINHO LEITE
PL 97/2019,1,160,EDUARDO MATARAZZO SUPLICY
PL 97/2019,2,756,CELSO JATENE
PL 97/2019,3,776,ELISEU GABRIEL
PL 97/2019,4,796,GILBERTO NATALINI
PL 97/2019,5,896,CLAUDIO FONSECA
PL 97/2019,6,1319,SONINHA FRANCINE
PL 97/2019,7,1932,MARIO COVAS NETO
PL 97/2019,8,1947,REIS
PL 97/2019,9,1999,PROFESSOR TONINHO VESPOLI
PL 97/2019,10,2151,ZÉ TURIN
PL 97/2019,11,2156,CAIO MIRANDA CARNEIRO
PL 97/2019,12,2185,CELSO GIANNAZI
PL 97/2019,13,2219,MARCELO MESSIAS
PL 98/2019,1,2146,GILBERTO NASCIMENTO
PL 99/2019,1,2158,XEXÉU TRIPOLI
PL 100/2019,1,1487,RICARDO TEIXEIRA
PL 101/2019,1,1487,RICARDO TEIXEIRA
PL 102/2019,1,2144,FABIO RIVA
PL 102/2019,2,2153,RODRIGO GOULART
PL 102/2019,3,2210,ELY TERUEL
PL 103/2019,1,2142,ADRIANA RAMALHO
PL 103/2019,2,2144,FABIO RIVA
PL 104/2019,1,1487,RICARDO TEIXEIRA
PL 105/2019,1,1487,RICARDO TEIXEIRA
PL 106/2019,1,1487,RICARDO TEIXEIRA
PL 107/2019,1,776,ELISEU GABRIEL
PL 108/2019,1,1947,REIS
PL 109/2019,1,796,GILBERTO NATALINI
PL 110/2019,1,1990,RICARDO NUNES
PL 110/2019,2,2219,MARCELO MESSIAS
PL 111/2019,1,1487,RICARDO TEIXEIRA
PL 112/2019,1,1487,RICARDO TEIXEIRA
PL 113/2019,1,1311,ANTONIO DONATO
PL 114/2019,1,1947,REIS
PL 115/2019,1,2185,CELSO GIANNAZI
PL 116/2019,1,2000,ALESSANDRO GUEDES
PL 117/2019,1,2142,ADRIANA RAMALHO
PL 118/2019,1,308,TRIBUNAL DE CONTAS DO MUNICIPIO
PL 119/2019,1,224,AURÉLIO NOMURA
PL 119/2019,2,796,GILBERTO NATALINI
PL 120/2019,1,2145,FERNANDO HOLIDAY
PL 120/2019,2,2159,RUTE COSTA
PL 120/2019,3,2243,DR. ADRIANO SANTOS
PL 121/2019,1,1989,GEORGE HATO
PL 121/2019,2,1996,EDUARDO TUMA
PL 121/2019,3,2152,RINALDI DIGILIO
PL 121/2019,4,2159,RUTE COSTA
PL 122/2019,1,187,GILSON BARRETO
PL 122/2019,2,224,AURÉLIO NOMURA
PL 122/2019,3,267,PAULO FRANGE
PL 122/2019,4,676,ATÍLIO FRANCISCO
PL 122/2019,5,696,CARLOS BEZERRA JR.
PL 122/2019,6,776,ELISEU GABRIEL
PL 122/2019,7,1296,ADILSON AMADEU
PL 122/2019,8,1311,ANTONIO DONATO
PL 122/2019,9,1349,SENIVAL MOURA
PL 122/2019,10,1447,ALFREDINHO
PL 122/2019,11,1635,DRA. SANDRA TADEU
PL 122/2019,12,1989,GEORGE HATO
PL 122/2019,13,1999,PROFESSOR TONINHO VESPOLI
PL 122/2019,14,2144,FABIO RIVA
PL 122/2019,15,2146,GILBERTO NASCIMENTO
PL 122/2019,16,2147,ISAC FÉLIX
PL 122/2019,17,2150,ANDRÉ SANTOS
PL 122/2019,18,2153,RODRIGO GOULART
PL 122/2019,19,2154,CAMILO CRISTÓFARO
PL 122/2019,20,2158,XEXÉU TRIPOLI
PL 122/2019,21,2159,RUTE COSTA
PL 122/2019,22,2210,ELY TERUEL
PL 122/2019,23,2213,FARIA DE SÁ
PL 122/2019,24,2217,SANSÃO PEREIRA
PL 122/2019,25,2218,THAMMY MIRANDA
PL 122/2019,26,2219,MARCELO MESSIAS
PL 122/2019,27,2221,ELI CORRÊA
PL 122/2019,28,2223,FELIPE BECARI
PL 122/2019,29,2224,SANDRA SANTANA
PL 123/2019,1,224,AURÉLIO NOMURA
PL 124/2019,1,1932,MARIO COVAS NETO
PL 125/2019,1,1999,PROFESSOR TONINHO VESPOLI
PL 126/2019,1,224,AURÉLIO NOMURA
PL 127/2019,1,1999,PROFESSOR TONINHO VESPOLI
PL 128/2019,1,1999,PROFESSOR TONINHO VESPOLI
PL 128/2019,2,2146,GILBERTO NASCIMENTO
PL 129/2019,1,155,ARSELINO TATTO
PL 130/2019,1,1930,OTA
PL 130/2019,2,2151,ZÉ TURIN
PL 130/2019,3,2154,CAMILO CRISTÓFARO
PL 131/2019,1,220,TONINHO PAIVA
PL 132/2019,1,220,TONINHO PAIVA
PL 133/2019,1,220,TONINHO PAIVA
PL 134/2019,1,220,TONINHO PAIVA
PL 135/2019,1,2152,RINALDI DIGILIO
PL 136/2019,1,2152,RINALDI DIGILIO
PL 137/2019,1,1930,OTA
PL 138/2019,1,220,TONINHO PAIVA
PL 139/2019,1,220,TONINHO PAIVA
PL 140/2019,1,220,TONINHO PAIVA
PL 140/2019,2,1996,EDUARDO TUMA
PL 140/2019,3,2147,ISAC FÉLIX
PL 141/2019,1,220,TONINHO PAIVA
PL 142/2019,1,220,TONINHO PAIVA
PL 143/2019,1,220,TONINHO PAIVA
PL 144/2019,1,1487,RICARDO TEIXEIRA
PL 145/2019,1,187,GILSON BARRETO
PL 146/2019,1,187,GILSON BARRETO
PL 147/2019,1,1635,DRA. SANDRA TADEU
PL 147/2019,2,2279,SILVINHO LEITE
PL 148/2019,1,155,ARSELINO TATTO
PL 149/2019,1,2001,JAIR TATTO
PL 150/2019,1,267,PAULO FRANGE
PL 150/2019,2,676,ATÍLIO FRANCISCO
PL 150/2019,3,1319,SONINHA FRANCINE
PL 150/2019,4,1930,OTA
PL 150/2019,5,2000,ALESSANDRO GUEDES
PL 150/2019,6,2145,FERNANDO HOLIDAY
PL 150/2019,7,2147,ISAC FÉLIX
PL 150/2019,8,2153,RODRIGO GOULART
PL 150/2019,9,2218,THAMMY MIRANDA
PL 150/2019,10,2219,MARCELO MESSIAS
PL 151/2019,1,2169,BRUNO COVAS
PL 152/2019,1,1487,RICARDO TEIXEIRA
PL 153/2019,1,1487,RICARDO TEIXEIRA
PL 154/2019,1,1487,RICARDO TEIXEIRA
PL 156/2019,1,155,ARSELINO TATTO
PL 156/2019,2,160,EDUARDO MATARAZZO SUPLICY
PL 156/2019,3,220,TONINHO PAIVA
PL 156/2019,4,224,AURÉLIO NOMURA
PL 156/2019,5,267,PAULO FRANGE
PL 156/2019,6,676,ATÍLIO FRANCISCO
PL 156/2019,7,756,CELSO JATENE
PL 156/2019,8,776,ELISEU GABRIEL
PL 156/2019,9,796,GILBERTO NATALINI
PL 156/2019,10,896,CLAUDIO FONSECA
PL 156/2019,11,1300,CLAUDINHO DE SOUZA
PL 156/2019,12,1305,POLICE
PL 156/2019,13,1311,ANTONIO DONATO
PL 156/2019,14,1316,NOEMI NONATO
PL 156/2019,15,1319,SONINHA FRANCINE
PL 156/2019,16,1326,QUITO FORMIGA
PL 156/2019,17,1349,SENIVAL MOURA
PL 156/2019,18,1447,ALFREDINHO
PL 156/2019,19,1487,RICARDO TEIXEIRA
PL 156/2019,20,1633,SOUZA SANTOS
PL 156/2019,21,1634,JULIANA CARDOSO
PL 156/2019,22,1636,DR. MILTON FERREIRA
PL 156/2019,23,1930,OTA
PL 156/2019,24,1932,MARIO COVAS NETO
PL 156/2019,25,1947,REIS
PL 156/2019,26,1989,GEORGE HATO
PL 156/2019,27,1996,EDUARDO TUMA
PL 156/2019,28,1998,PATRÍCIA BEZERRA
PL 156/2019,29,1999,PROFESSOR TONINHO VESPOLI
PL 156/2019,30,2001,JAIR TATTO
PL 156/2019,31,2002,CONTE LOPES
PL 156/2019,32,2142,ADRIANA RAMALHO
PL 156/2019,33,2144,FABIO RIVA
PL 156/2019,34,2147,ISAC FÉLIX
PL 156/2019,35,2153,RODRIGO GOULART
PL 156/2019,36,2156,CAIO MIRANDA CARNEIRO
PL 156/2019,37,2158,XEXÉU TRIPOLI
PL 156/2019,38,2185,CELSO GIANNAZI
PL 156/2019,39,2186,BETO DO SOCIAL
PL 157/2019,1,1487,RICARDO TEIXEIRA
PL 158/2019,1,2159,RUTE COSTA
PL 159/2019,1,1634,JULIANA CARDOSO
PL 160/2019,1,2147,ISAC FÉLIX
PL 160/2019,2,2152,RINALDI DIGILIO
PL 160/2019,3,2205,LUANA ALVES
PL 160/2019,4,2224,SANDRA SANTANA
PL 161/2019,1,1999,PROFESSOR TONINHO VESPOLI
PL 162/2019,1,1487,RICARDO TEIXEIRA
PL 162/2019,2,2150,ANDRÉ SANTOS
PL 163/2019,1,676,ATÍLIO FRANCISCO
PL 163/2019,2,1487,RICARDO TEIXEIRA
PL 163/2019,3,2155,JANAÍNA LIMA
PL 164/2019,1,1487,RICARDO TEIXEIRA
PL 165/2019,1,1487,RICARDO TEIXEIRA
PL 165/2019,2,2214,RUBINHO NUNES
PL 165/2019,3,2218,THAMMY MIRANDA
PL 166/2019,1,1487,RICARDO TEIXEIRA
PL 167/2019,1,1487,RICARDO TEIXEIRA
PL 168/2019,1,1487,RICARDO TEIXEIRA
PL 169/2019,1,2185,CELSO GIANNAZI
PL 170/2019,1,2185,CELSO GIANNAZI
PL 171/2019,1,2169,BRUNO COVAS
PL 172/2019,1,1996,EDUARDO TUMA
PL 173/2019,1,1647,EDIR SALES
PL 173/2019,2,2001,JAIR TATTO
PL 173/2019,3,2210,ELY TERUEL
PL 173/2019,4,2223,FELIPE BECARI
PL 174/2019,1,2001,JAIR TATTO
PL 175/2019,1,1487,RICARDO TEIXEIRA
PL 176/2019,1,1487,RICARDO TEIXEIRA
PL 177/2019,1,1319,SONINHA FRANCINE
PL 178/2019,1,1996,EDUARDO TUMA
PL 178/2019,2,1999,PROFESSOR TONINHO VESPOLI
PL 179/2019,1,1647,EDIR SALES
PL 180/2019,1,1990,RICARDO NUNES
PL 180/2019,2,2219,MARCELO MESSIAS
PL 181/2019,1,2153,RODRIGO GOULART
PL 182/2019,1,2186,BETO DO SOCIAL
PL 183/2019,1,2186,BETO DO SOCIAL
PL 184/2019,1,2146,GILBERTO NASCIMENTO
PL 185/2019,1,1487,RICARDO TEIXEIRA
PL 186/2019,1,1487,RICARDO TEIXEIRA
PL 187/2019,1,1487,RICARDO TEIXEIRA
PL 188/2019,1,1487,RICARDO TEIXEIRA
PL 189/2019,1,2169,BRUNO COVAS
PL 190/2019,1,1487,RICARDO TEIXEIRA
PL 191/2019,1,2142,ADRIANA RAMALHO
PL 192/2019,1,1996,EDUARDO TUMA
PL 193/2019,1,267,PAULO FRANGE
PL 194/2019,1,1487,RICARDO TEIXEIRA
PL 195/2019,1,1487,RICARDO TEIXEIRA
PL 195/2019,2,2150,ANDRÉ SANTOS
PL 196/2019,1,1635,DRA. SANDRA TADEU
PL 197/2019,1,1635,DRA. SANDRA TADEU
PL 198/2019,1,1635,DRA. SANDRA TADEU
PL 199/2019,1,2145,FERNANDO HOLIDAY
PL 200/2019,1,160,EDUARDO MATARAZZO SUPLICY
PL 200/2019,2,2254,LUNA ZARATTINI
PL 201/2019,1,224,AURÉLIO NOMURA
PL 202/2019,1,224,AURÉLIO NOMURA
PL 203/2019,1,220,TONINHO PAIVA
PL 204/2019,1,1947,REIS
PL 204/2019,2,2255,JOÃO ANANIAS
PL 205/2019,1,1487,RICARDO TEIXEIRA
PL 206/2019,1,1300,CLAUDINHO DE SOUZA
PL 206/2019,2,2147,ISAC FÉLIX
PL 206/2019,3,2215,MARLON LUZ
PL 207/2019,1,1999,PROFESSOR TONINHO VESPOLI
PL 208/2019,1,1999,PROFESSOR TONINHO VESPOLI
PL 209/2019,1,776,ELISEU GABRIEL
PL 210/2019,1,1989,GEORGE HATO
PL 210/2019,2,2279,SILVINHO LEITE
PL 211/2019,1,2001,JAIR TATTO
PL 212/2019,1,1947,REIS
PL 213/2019,1,155,ARSELINO TATTO
PL 214/2019,1,1487,RICARDO TEIXEIRA
PL 215/2019,1,1487,RICARDO TEIXEIRA
PL 216/2019,1,1634,JULIANA CARDOSO
PL 216/2019,2,2185,CELSO GIANNAZI
PL 217/2019,1,2159,RUTE COSTA
PL 218/2019,1,2159,RUTE COSTA
PL 218/2019,2,2249,NUNES PEIXEIRO
PL 219/2019,1,1989,GEORGE HATO
PL 220/2019,1,1487,RICARDO TEIXEIRA
PL 221/2019,1,1487,RICARDO TEIXEIRA
PL 222/2019,1,2152,RINALDI DIGILIO
PL 223/2019,1,2152,RINALDI DIGILIO
PL 224/2019,1,676,ATÍLIO FRANCISCO
PL 224/2019,2,2159,RUTE COSTA
PL 225/2019,1,2149,DANIEL ANNENBERG
PL 226/2019,1,2149,DANIEL ANNENBERG
PL 227/2019,1,1996,EDUARDO TUMA
PL 227/2019,2,2146,GILBERTO NASCIMENTO
PL 227/2019,3,2149,DANIEL ANNENBERG
PL 227/2019,4,2152,RINALDI DIGILIO
PL 228/2019,1,1319,SONINHA FRANCINE
PL 228/2019,2,1996,EDUARDO TUMA
PL 228/2019,3,2152,RINALDI DIGILIO
PL 229/2019,1,2149,DANIEL ANNENBERG
PL 230/2019,1,1996,EDUARDO TUMA
PL 230/2019,2,2152,RINALDI DIGILIO
PL 231/2019,1,1999,PROFESSOR TONINHO VESPOLI
PL 231/2019,2,2129,JONAS CAMISA NOVA
PL 232/2019,1,1999,PROFESSOR TONINHO VESPOLI
PL 233/2019,1,1999,PROFESSOR TONINHO VESPOLI
PL 234/2019,1,1999,PROFESSOR TONINHO VESPOLI
PL 235/2019,1,2156,CAIO MIRANDA CARNEIRO
PL 236/2019,1,2150,ANDRÉ SANTOS
PL 237/2019,1,2150,ANDRÉ SANTOS
PL 238/2019,1,2150,ANDRÉ SANTOS
PL 239/2019,1,224,AURÉLIO NOMURA
PL 239/2019,2,267,PAULO FRANGE
PL 239/2019,3,268,DALTON SILVANO
PL 239/2019,4,776,ELISEU GABRIEL
PL 239/2019,5,796,GILBERTO NATALINI
PL 239/2019,6,896,CLAUDIO FONSECA
PL 239/2019,7,1300,CLAUDINHO DE SOUZA
PL 239/2019,8,1305,POLICE
PL 239/2019,9,1316,NOEMI NONATO
PL 239/2019,10,1326,QUITO FORMIGA
PL 239/2019,11,1634,JULIANA CARDOSO
PL 239/2019,12,1647,EDIR SALES
PL 239/2019,13,1989,GEORGE HATO
PL 239/2019,14,1990,RICARDO NUNES
PL 239/2019,15,1996,EDUARDO TUMA
PL 239/2019,16,1998,PATRÍCIA BEZERRA
PL 239/2019,17,1999,PROFESSOR TONINHO VESPOLI
PL 239/2019,18,2129,JONAS CAMISA NOVA
PL 239/2019,19,2142,ADRIANA RAMALHO
PL 239/2019,20,2145,FERNANDO HOLIDAY
PL 239/2019,21,2147,ISAC FÉLIX
PL 239/2019,22,2151,ZÉ TURIN
PL 239/2019,23,2155,JANAÍNA LIMA
PL 239/2019,24,2186,BETO DO SOCIAL
PL 240/2019,1,160,EDUARDO MATARAZZO SUPLICY
PL 241/2019,1,1633,SOUZA SANTOS
PL 242/2019,1,1487,RICARDO TEIXEIRA
PL 242/2019,2,2243,DR. ADRIANO SANTOS
PL 243/2019,1,1487,RICARDO TEIXEIRA
PL 244/2019,1,2152,RINALDI DIGILIO
PL 245/2019,1,1999,PROFESSOR TONINHO VESPOLI
PL 245/2019,2,2152,RINALDI DIGILIO
PL 245/2019,3,2213,FARIA DE SÁ
PL 245/2019,4,2218,THAMMY MIRANDA
PL 245/2019,5,2219,MARCELO MESSIAS
PL 246/2019,1,2152,RINALDI DIGILIO
PL 247/2019,1,224,AURÉLIO NOMURA
PL 248/2019,1,224,AURÉLIO NOMURA
PL 249/2019,1,1634,JULIANA CARDOSO
PL 250/2019,1,220,TONINHO PAIVA
PL 250/2019,2,2147,ISAC FÉLIX
PL 251/2019,1,224,AURÉLIO NOMURA
PL 251/2019,2,796,GILBERTO NATALINI
PL 251/2019,3,2149,DANIEL ANNENBERG
PL 251/2019,4,2152,RINALDI DIGILIO
PL 251/2019,5,2222,CRIS MONTEIRO
PL 252/2019,1,224,AURÉLIO NOMURA
PL 253/2019,1,1487,RICARDO TEIXEIRA
PL 254/2019,1,1932,MARIO COVAS NETO
PL 255/2019,1,1487,RICARDO TEIXEIRA
PL 256/2019,1,1487,RICARDO TEIXEIRA
PL 257/2019,1,1487,RICARDO TEIXEIRA
PL 258/2019,1,273,MILTON LEITE
PL 259/2019,1,220,TONINHO PAIVA
PL 260/2019,1,2151,ZÉ TURIN
PL 261/2019,1,2151,ZÉ TURIN
PL 262/2019,1,1996,EDUARDO TUMA
PL 263/2019,1,2146,GILBERTO NASCIMENTO
PL 264/2019,1,2146,GILBERTO NASCIMENTO
PL 265/2019,1,224,AURÉLIO NOMURA
PL 266/2019,1,220,TONINHO PAIVA
PL 266/2019,2,2147,ISAC FÉLIX
PL 267/2019,1,220,TONINHO PAIVA
PL 268/2019,1,2146,GILBERTO NASCIMENTO
PL 269/2019,1,1633,SOUZA SANTOS
PL 270/2019,1,1999,PROFESSOR TONINHO VESPOLI
PL 271/2019,1,2145,FERNANDO HOLIDAY
PL 272/2019,1,2145,FERNANDO HOLIDAY
PL 273/2019,1,2145,FERNANDO HOLIDAY
PL 274/2019,1,2151,ZÉ TURIN
PL 275/2019,1,2146,GILBERTO NASCIMENTO
PL 276/2019,1,2154,CAMILO CRISTÓFARO
PL 277/2019,1,2169,BRUNO COVAS
PL 278/2019,1,1633,SOUZA SANTOS
PL 279/2019,1,1990,RICARDO NUNES
PL 280/2019,1,1990,RICARDO NUNES
PL 280/2019,2,2219,MARCELO MESSIAS
PL 281/2019,1,2169,BRUNO COVAS
PL 282/2019,1,2151,ZÉ TURIN
PL 283/2019,1,1487,RICARDO TEIXEIRA
PL 284/2019,1,1487,RICARDO TEIXEIRA
PL 285/2019,1,1947,REIS
PL 286/2019,1,1349,SENIVAL MOURA
PL 286/2019,2,1999,PROFESSOR TONINHO VESPOLI
PL 287/2019,1,1349,SENIVAL MOURA
PL 287/2019,2,2207,ERIKA HILTON
PL 287/2019,3,2211,SIDNEY CRUZ
PL 287/2019,4,2219,MARCELO MESSIAS
PL 288/2019,1,2185,CELSO GIANNAZI
PL 289/2019,1,2185,CELSO GIANNAZI
PL 290/2019,1,1647,EDIR SALES
PL 291/2019,1,2154,CAMILO CRISTÓFARO
PL 292/2019,1,1487,RICARDO TEIXEIRA
PL 293/2019,1,308,TRIBUNAL DE CONTAS DO MUNICIPIO
PL 294/2019,1,2184,MESA DA CAMARA MUNICIPAL DE SAO PAULO
PL 295/2019,1,268,DALTON SILVANO
PL 295/2019,2,796,GILBERTO NATALINI
PL 295/2019,3,1487,RICARDO TEIXEIRA
PL 295/2019,4,1647,EDIR SALES
PL 295/2019,5,1932,MARIO COVAS NETO
PL 295/2019,6,2146,GILBERTO NASCIMENTO
PL 295/2019,7,2156,CAIO MIRANDA CARNEIRO
PL 296/2019,1,1996,EDUARDO TUMA
PL 297/2019,1,2185,CELSO GIANNAZI
PL 298/2019,1,2185,CELSO GIANNAZI
PL 299/2019,1,1487,RICARDO TEIXEIRA
PL 300/2019,1,896,CLAUDIO FONSECA
PL 301/2019,1,2129,JONAS CAMISA NOVA
PL 302/2019,1,1999,PROFESSOR TONINHO VESPOLI
PL 303/2019,1,1487,RICARDO TEIXEIRA
PL 304/2019,1,896,CLAUDIO FONSECA
PL 305/2019,1,676,ATÍLIO FRANCISCO
PL 305/2019,2,1647,EDIR SALES
PL 305/2019,3,2155,JANAÍNA LIMA
PL 305/2019,4,2159,RUTE COSTA
PL 306/2019,1,2146,GILBERTO NASCIMENTO
PL 306/2019,2,2159,RUTE COSTA
PL 306/2019,3,2270,PASTORA SANDRA ALVES
PL 306/2019,4,2279,SILVINHO LEITE
PL 307/2019,1,224,AURÉLIO NOMURA
PL 307/2019,2,676,ATÍLIO FRANCISCO
PL 307/2019,3,1635,DRA. SANDRA TADEU
PL 307/2019,4,1647,EDIR SALES
PL 307/2019,5,1989,GEORGE HATO
PL 307/2019,6,2131,RODOLFO DESPACHANTE
PL 307/2019,7,2144,FABIO RIVA
PL 307/2019,8,2145,FERNANDO HOLIDAY
PL 307/2019,9,2147,ISAC FÉLIX
PL 307/2019,10,2150,ANDRÉ SANTOS
PL 307/2019,11,2154,CAMILO CRISTÓFARO
PL 307/2019,12,2155,JANAÍNA LIMA
PL 307/2019,13,2159,RUTE COSTA
PL 307/2019,14,2160,JOÃO JORGE
PL 307/2019,15,2210,ELY TERUEL
PL 307/2019,16,2214,RUBINHO NUNES
PL 307/2019,17,2224,SANDRA SANTANA
PL 307/2019,18,2246,MAJOR PALUMBO
PL 307/2019,19,2249,NUNES PEIXEIRO
PL 307/2019,20,2250,CORONEL SALLES
PL 308/2019,1,676,ATÍLIO FRANCISCO
PL 308/2019,2,1647,EDIR SALES
PL 308/2019,3,1989,GEORGE HATO
PL 308/2019,4,2146,GILBERTO NASCIMENTO
PL 308/2019,5,2154,CAMILO CRISTÓFARO
PL 308/2019,6,2159,RUTE COSTA
PL 308/2019,7,2214,RUBINHO NUNES
PL 308/2019,8,2219,MARCELO MESSIAS
PL 308/2019,9,2244,JORGE WILSON FILHO
PL 309/2019,1,1296,ADILSON AMADEU
PL 309/2019,2,2146,GILBERTO NASCIMENTO
PL 310/2019,1,2156,CAIO MIRANDA CARNEIRO
PL 311/2019,1,220,TONINHO PAIVA
PL 312/2019,1,2169,BRUNO COVAS
PL 313/2019,1,1999,PROFESSOR TONINHO VESPOLI
PL 314/2019,1,1635,DRA. SANDRA TADEU
PL 315/2019,1,2185,CELSO GIANNAZI
PL 316/2019,1,1998,PATRÍCIA BEZERRA
PL 317/2019,1,1319,SONINHA FRANCINE
PL 318/2019,1,1999,PROFESSOR TONINHO VESPOLI
PL 319/2019,1,796,GILBERTO NATALINI
PL 320/2019,1,796,GILBERTO NATALINI
PL 321/2019,1,2153,RODRIGO GOULART
PL 322/2019,1,220,TONINHO PAIVA
PL 323/2019,1,2144,FABIO RIVA
PL 324/2019,1,2169,BRUNO COVAS
PL 325/2019,1,776,ELISEU GABRIEL
PL 326/2019,1,1996,EDUARDO TUMA
PL 327/2019,1,1447,ALFREDINHO
PL 328/2019,1,267,PAULO FRANGE
PL 328/2019,2,1300,CLAUDINHO DE SOUZA
PL 329/2019,1,273,MILTON LEITE
PL 329/2019,2,2153,RODRIGO GOULART
PL 329/2019,3,2156,CAIO MIRANDA CARNEIRO
PL 329/2019,4,2219,MARCELO MESSIAS
PL 330/2019,1,1947,REIS
PL 330/2019,2,1998,PATRÍCIA BEZERRA
PL 330/2019,3,2205,LUANA ALVES
PL 330/2019,4,2206,SILVIA DA BANCADA FEMINISTA
PL 330/2019,5,2255,JOÃO ANANIAS
PL 331/2019,1,2185,CELSO GIANNAZI
PL 331/2019,2,2205,LUANA ALVES
PL 332/2019,1,2145,FERNANDO HOLIDAY
PL 333/2019,1,1349,SENIVAL MOURA
PL 333/2019,2,2218,THAMMY MIRANDA
PL 334/2019,1,1349,SENIVAL MOURA
PL 335/2019,1,1349,SENIVAL MOURA
PL 335/2019,2,1999,PROFESSOR TONINHO VESPOLI
PL 335/2019,3,2273,DR. MURILLO LIMA
PL 336/2019,1,2154,CAMILO CRISTÓFARO
PL 337/2019,1,2155,JANAÍNA LIMA
PL 337/2019,2,2203,RODRIGO FONSECA
PL 338/2019,1,676,ATÍLIO FRANCISCO
PL 339/2019,1,2129,JONAS CAMISA NOVA
PL 340/2019,1,1635,DRA. SANDRA TADEU
PL 341/2019,1,1999,PROFESSOR TONINHO VESPOLI
PL 342/2019,1,1947,REIS
PL 343/2019,1,2159,RUTE COSTA
PL 344/2019,1,1633,SOUZA SANTOS
PL 345/2019,1,2129,JONAS CAMISA NOVA
PL 346/2019,1,776,ELISEU GABRIEL
PL 346/2019,2,2210,ELY TERUEL
PL 347/2019,1,224,AURÉLIO NOMURA
PL 348/2019,1,155,ARSELINO TATTO
PL 349/2019,1,155,ARSELINO TATTO
PL 350/2019,1,2142,ADRIANA RAMALHO
PL 351/2019,1,1932,MARIO COVAS NETO
PL 352/2019,1,2145,FERNANDO HOLIDAY
PL 353/2019,1,1635,DRA. SANDRA TADEU
PL 354/2019,1,2144,FABIO RIVA
PL 355/2019,1,56,"COMISSÃO DE CONSTITUIÇÃO, JUSTIÇA E LEGISLAÇÃO PARTICIPATIVA"
PL 356/2019,1,1634,JULIANA CARDOSO
PL 357/2019,1,1311,ANTONIO DONATO
PL 358/2019,1,2152,RINALDI DIGILIO
PL 359/2019,1,1999,PROFESSOR TONINHO VESPOLI
PL 360/2019,1,1635,DRA. SANDRA TADEU
PL 361/2019,1,2152,RINALDI DIGILIO
PL 362/2019,1,2152,RINALDI DIGILIO
PL 362/2019,2,2154,CAMILO CRISTÓFARO
PL 363/2019,1,2152,RINALDI DIGILIO
PL 364/2019,1,2152,RINALDI DIGILIO
PL 365/2019,1,2144,FABIO RIVA
PL 366/2019,1,187,GILSON BARRETO
PL 367/2019,1,1487,RICARDO TEIXEIRA
PL 368/2019,1,1635,DRA. SANDRA TADEU
PL 368/2019,2,2144,FABIO RIVA
PL 368/2019,3,2155,JANAÍNA LIMA
PL 368/2019,4,2210,ELY TERUEL
PL 368/2019,5,2219,MARCELO MESSIAS
PL 368/2019,6,2269,MARINA BRAGANTE
PL 368/2019,7,2278,KEIT LIMA
PL 368/2019,8,2279,SILVINHO LEITE
PL 369/2019,1,1311,ANTONIO DONATO
PL 369/2019,2,2254,LUNA ZARATTINI
PL 370/2019,1,2129,JONAS CAMISA NOVA
PL 371/2019,1,1326,QUITO FORMIGA
PL 371/2019,2,1996,EDUARDO TUMA
PL 371/2019,3,2147,ISAC FÉLIX
PL 371/2019,4,2152,RINALDI DIGILIO
PL 371/2019,5,2246,MAJOR PALUMBO
PL 372/2019,1,1487,RICARDO TEIXEIRA
PL 372/2019,2,2153,RODRIGO GOULART
PL 372/2019,3,2159,RUTE COSTA
PL 372/2019,4,2213,FARIA DE SÁ
PL 372/2019,5,2219,MARCELO MESSIAS
PL 372/2019,6,2223,FELIPE BECARI
PL 372/2019,7,2224,SANDRA SANTANA
PL 373/2019,1,1647,EDIR SALES
PL 373/2019,2,2159,RUTE COSTA
PL 374/2019,1,2159,RUTE COSTA
PL 374/2019,2,2215,MARLON LUZ
PL 374/2019,3,2221,ELI CORRÊA
PL 375/2019,1,2153,RODRIGO GOULART
PL 375/2019,2,2218,THAMMY MIRANDA
PL 375/2019,3,2279,SILVINHO LEITE
PL 376/2019,1,2129,JONAS CAMISA NOVA
PL 377/2019,1,2146,GILBERTO NASCIMENTO
PL 378/2019,1,1487,RICARDO TEIXEIRA
PL 379/2019,1,2155,JANAÍNA LIMA
PL 379/2019,2,2214,RUBINHO NUNES
PL 379/2019,3,2218,THAMMY MIRANDA
PL 380/2019,1,2147,ISAC FÉLIX
PL 381/2019,1,2169,BRUNO COVAS
PL 382/2019,1,1635,DRA. SANDRA TADEU
PL 383/2019,1,155,ARSELINO TATTO
PL 384/2019,1,155,ARSELINO TATTO
PL 385/2019,1,1990,RICARDO NUNES
PL 385/2019,2,2145,FERNANDO HOLIDAY
PL 385/2019,3,2147,ISAC FÉLIX
PL 385/2019,4,2151,ZÉ TURIN
PL 386/2019,1,1996,EDUARDO TUMA
PL 387/2019,1,1996,EDUARDO TUMA
PL 387/2019,2,2152,RINALDI DIGILIO
PL 387/2019,3,2159,RUTE COSTA
PL 388/2019,1,1996,EDUARDO TUMA
PL 389/2019,1,1996,EDUARDO TUMA
PL 390/2019,1,187,GILSON BARRETO
PL 391/2019,1,776,ELISEU GABRIEL
PL 392/2019,1,1634,JULIANA CARDOSO
PL 392/2019,2,2208,ELAINE DO QUILOMBO PERIFÉRICO
PL 393/2019,1,776,ELISEU GABRIEL
PL 393/2019,2,1999,PROFESSOR TONINHO VESPOLI
PL 394/2019,1,2152,RINALDI DIGILIO
PL 395/2019,1,1647,EDIR SALES
PL 396/2019,1,187,GILSON BARRETO
PL 396/2019,2,2219,MARCELO MESSIAS
PL 396/2019,3,2220,DELEGADO PALUMBO
PL 397/2019,1,1319,SONINHA FRANCINE
PL 398/2019,1,187,GILSON BARRETO
PL 399/2019,1,1487,RICARDO TEIXEIRA
PL 400/2019,1,1319,SONINHA FRANCINE
PL 400/2019,2,1326,QUITO FORMIGA
PL 401/2019,1,2152,RINALDI DIGILIO
PL 402/2019,1,2152,RINALDI DIGILIO
PL 403/2019,1,224,AURÉLIO NOMURA
PL 403/2019,2,796,GILBERTO NATALINI
PL 403/2019,3,1999,PROFESSOR TONINHO VESPOLI
PL 404/2019,1,1932,MARIO COVAS NETO
PL 404/2019,2,1990,RICARDO NUNES
PL 404/2019,3,2219,MARCELO MESSIAS
PL 405/2019,1,1999,PROFESSOR TONINHO VESPOLI
PL 406/2019,1,1635,DRA. SANDRA TADEU
PL 406/2019,2,1996,EDUARDO TUMA
PL 406/2019,3,2147,ISAC FÉLIX
PL 406/2019,4,2152,RINALDI DIGILIO
PL 406/2019,5,2273,DR. MURILLO LIMA
PL 407/2019,1,224,AURÉLIO NOMURA
PL 407/2019,2,1996,EDUARDO TUMA
PL 407/2019,3,2146,GILBERTO NASCIMENTO
PL 407/2019,4,2152,RINALDI DIGILIO
PL 408/2019,1,224,AURÉLIO NOMURA
PL 409/2019,1,187,GILSON BARRETO
PL 410/2019,1,155,ARSELINO TATTO
PL 410/2019,2,160,EDUARDO MATARAZZO SUPLICY
PL 410/2019,3,187,GILSON BARRETO
PL 410/2019,4,224,AURÉLIO NOMURA
PL 410/2019,5,267,PAULO FRANGE
PL 410/2019,6,273,MILTON LEITE
PL 410/2019,7,676,ATÍLIO FRANCISCO
PL 410/2019,8,1349,SENIVAL MOURA
PL 410/2019,9,1447,ALFREDINHO
PL 410/2019,10,1634,JULIANA CARDOSO
PL 410/2019,11,1635,DRA. SANDRA TADEU
PL 410/2019,12,1636,DR. MILTON FERREIRA
PL 410/2019,13,1647,EDIR SALES
PL 410/2019,14,1989,GEORGE HATO
PL 410/2019,15,1999,PROFESSOR TONINHO VESPOLI
PL 410/2019,16,2000,ALESSANDRO GUEDES
PL 410/2019,17,2147,ISAC FÉLIX
PL 410/2019,18,2149,DANIEL ANNENBERG
PL 410/2019,19,2150,ANDRÉ SANTOS
PL 410/2019,20,2152,RINALDI DIGILIO
PL 410/2019,21,2153,RODRIGO GOULART
PL 410/2019,22,2155,JANAÍNA LIMA
PL 410/2019,23,2156,CAIO MIRANDA CARNEIRO
PL 410/2019,24,2158,XEXÉU TRIPOLI
PL 410/2019,25,2159,RUTE COSTA
PL 410/2019,26,2185,CELSO GIANNAZI
PL 410/2019,27,2205,LUANA ALVES
PL 410/2019,28,2206,SILVIA DA BANCADA FEMINISTA
PL 410/2019,29,2207,ERIKA HILTON
PL 410/2019,30,2209,DANILO DO POSTO DE SAÚDE
PL 410/2019,31,2210,ELY TERUEL
PL 410/2019,32,2211,SIDNEY CRUZ
PL 410/2019,33,2213,FARIA DE SÁ
PL 410/2019,34,2217,SANSÃO PEREIRA
PL 410/2019,35,2218,THAMMY MIRANDA
PL 410/2019,36,2219,MARCELO MESSIAS
PL 410/2019,37,2222,CRIS MONTEIRO
PL 410/2019,38,2223,FELIPE BECARI
PL 410/2019,39,2224,SANDRA SANTANA
PL 410/2019,40,2228,RENATA FALZONI
PL 410/2019,41,2269,MARINA BRAGANTE
PL 410/2019,42,2279,SILVINHO LEITE
PL 411/2019,1,220,TONINHO PAIVA
PL 412/2019,1,776,ELISEU GABRIEL
PL 413/2019,1,1326,QUITO FORMIGA
PL 414/2019,1,224,AURÉLIO NOMURA
PL 414/2019,2,1932,MARIO COVAS NETO
PL 415/2019,1,1296,ADILSON AMADEU
PL 416/2019,1,1999,PROFESSOR TONINHO VESPOLI
PL 417/2019,1,2156,CAIO MIRANDA CARNEIRO
PL 418/2019,1,2156,CAIO MIRANDA CARNEIRO
PL 419/2019,1,1999,PROFESSOR TONINHO VESPOLI
PL 420/2019,1,1305,POLICE
PL 421/2019,1,1947,REIS
PL 421/2019,2,2255,JOÃO ANANIAS
PL 421/2019,3,2278,KEIT LIMA
PL 422/2019,1,1947,REIS
PL 422/2019,2,2255,JOÃO ANANIAS
PL 423/2019,1,1947,REIS
PL 423/2019,2,2255,JOÃO ANANIAS
PL 424/2019,1,224,AURÉLIO NOMURA
PL 425/2019,1,2001,JAIR TATTO
PL 426/2019,1,2001,JAIR TATTO
PL 427/2019,1,2169,BRUNO COVAS
PL 428/2019,1,2169,BRUNO COVAS
PL 429/2019,1,1487,RICARDO TEIXEIRA
PL 430/2019,1,1487,RICARDO TEIXEIRA
PL 431/2019,1,1487,RICARDO TEIXEIRA
PL 432/2019,1,2152,RINALDI DIGILIO
PL 433/2019,1,2152,RINALDI DIGILIO
PL 434/2019,1,2185,CELSO GIANNAZI
PL 435/2019,1,1635,DRA. SANDRA TADEU
PL 436/2019,1,1487,RICARDO TEIXEIRA
PL 437/2019,1,1487,RICARDO TEIXEIRA
PL 438/2019,1,187,GILSON BARRETO
PL 438/2019,2,1487,RICARDO TEIXEIRA
PL 439/2019,1,2159,RUTE COSTA
PL 440/2019,1,2159,RUTE COSTA
PL 441/2019,1,2159,RUTE COSTA
PL 442/2019,1,2186,BETO DO SOCIAL
PL 443/2019,1,1999,PROFESSOR TONINHO VESPOLI
PL 444/2019,1,1999,PROFESSOR TONINHO VESPOLI
PL 445/2019,1,1487,RICARDO TEIXEIRA
PL 447/2019,1,224,AURÉLIO NOMURA
PL 448/2019,1,224,AURÉLIO NOMURA
PL 449/2019,1,1634,JULIANA CARDOSO
PL 450/2019,1,2129,JONAS CAMISA NOVA
PL 451/2019,1,1647,EDIR SALES
PL 451/2019,2,2185,CELSO GIANNAZI
PL 452/2019,1,756,CELSO JATENE
PL 452/2019,2,1316,NOEMI NONATO
PL 453/2019,1,2154,CAMILO CRISTÓFARO
PL 454/2019,1,224,AURÉLIO NOMURA
PL 455/2019,1,224,AURÉLIO NOMURA
PL 456/2019,1,224,AURÉLIO NOMURA
PL 457/2019,1,224,AURÉLIO NOMURA
PL 458/2019,1,2145,FERNANDO HOLIDAY
PL 459/2019,1,2185,CELSO GIANNAZI
PL 459/2019,2,2279,SILVINHO LEITE
PL 460/2019,1,2154,CAMILO CRISTÓFARO
PL 461/2019,1,2001,JAIR TATTO
PL 462/2019,1,2001,JAIR TATTO
PL 463/2019,1,2001,JAIR TATTO
PL 464/2019,1,896,CLAUDIO FONSECA
PL 465/2019,1,267,PAULO FRANGE
PL 466/2019,1,187,GILSON BARRETO
PL 466/2019,2,756,CELSO JATENE
PL 467/2019,1,1947,REIS
PL 468/2019,1,1996,EDUARDO TUMA
PL 468/2019,2,2152,RINALDI DIGILIO
PL 468/2019,3,2153,RODRIGO GOULART
PL 469/2019,1,1635,DRA. SANDRA TADEU
PL 470/2019,1,1635,DRA. SANDRA TADEU
PL 471/2019,1,224,AURÉLIO NOMURA
PL 472/2019,1,224,AURÉLIO NOMURA
PL 473/2019,1,224,AURÉLIO NOMURA
PL 474/2019,1,2142,ADRIANA RAMALHO
PL 474/2019,2,2221,ELI CORRÊA
PL 475/2019,1,2142,ADRIANA RAMALHO
PL 476/2019,1,2142,ADRIANA RAMALHO
PL 477/2019,1,2175,EXTRA. RELAÇÕES INTERNACIONAIS
PL 478/2019,1,160,EDUARDO MATARAZZO SUPLICY
PL 478/2019,2,776,ELISEU GABRIEL
PL 478/2019,3,796,GILBERTO NATALINI
PL 478/2019,4,896,CLAUDIO FONSECA
PL 478/2019,5,1319,SONINHA FRANCINE
PL 478/2019,6,1326,QUITO FORMIGA
PL 478/2019,7,1447,ALFREDINHO
PL 478/2019,8,1487,RICARDO TEIXEIRA
PL 478/2019,9,1634,JULIANA CARDOSO
PL 478/2019,10,1989,GEORGE HATO
PL 478/2019,11,1999,PROFESSOR TONINHO VESPOLI
PL 478/2019,12,2000,ALESSANDRO GUEDES
PL 478/2019,13,2149,DANIEL ANNENBERG
PL 478/2019,14,2185,CELSO GIANNAZI
PL 478/2019,15,2205,LUANA ALVES
PL 479/2019,1,776,ELISEU GABRIEL
PL 480/2019,1,1996,EDUARDO TUMA
PL 481/2019,1,1996,EDUARDO TUMA
PL 481/2019,2,2152,RINALDI DIGILIO
PL 482/2019,1,1996,EDUARDO TUMA
PL 482/2019,2,2152,RINALDI DIGILIO
PL 482/2019,3,2154,CAMILO CRISTÓFARO
PL 483/2019,1,2185,CELSO GIANNAZI
PL 484/2019,1,776,ELISEU GABRIEL
PL 485/2019,1,776,ELISEU GABRIEL
PL 486/2019,1,776,ELISEU GABRIEL
PL 487/2019,1,2142,ADRIANA RAMALHO
PL 488/2019,1,796,GILBERTO NATALINI
PL 489/2019,1,896,CLAUDIO FONSECA
PL 490/2019,1,1316,NOEMI NONATO
PL 490/2019,2,2147,ISAC FÉLIX
PL 490/2019,3,2219,MARCELO MESSIAS
PL 491/2019,1,1487,RICARDO TEIXEIRA
PL 492/2019,1,1487,RICARDO TEIXEIRA
PL 493/2019,1,224,AURÉLIO NOMURA
PL 494/2019,1,1999,PROFESSOR TONINHO VESPOLI
PL 495/2019,1,1305,POLICE
PL 496/2019,1,1932,MARIO COVAS NETO
PL 496/2019,2,2149,DANIEL ANNENBERG
PL 497/2019,1,155,ARSELINO TATTO
PL 497/2019,2,160,EDUARDO MATARAZZO SUPLICY
PL 497/2019,3,187,GILSON BARRETO
PL 497/2019,4,220,TONINHO PAIVA
PL 497/2019,5,224,AURÉLIO NOMURA
PL 497/2019,6,267,PAULO FRANGE
PL 497/2019,7,268,DALTON SILVANO
PL 497/2019,8,273,MILTON LEITE
PL 497/2019,9,676,ATÍLIO FRANCISCO
PL 497/2019,10,756,CELSO JATENE
PL 497/2019,11,776,ELISEU GABRIEL
PL 497/2019,12,796,GILBERTO NATALINI
PL 497/2019,13,896,CLAUDIO FONSECA
PL 497/2019,14,1296,ADILSON AMADEU
PL 497/2019,15,1300,CLAUDINHO DE SOUZA
PL 497/2019,16,1305,POLICE
PL 497/2019,17,1311,ANTONIO DONATO
PL 497/2019,18,1316,NOEMI NONATO
PL 497/2019,19,1319,SONINHA FRANCINE
PL 497/2019,20,1326,QUITO FORMIGA
PL 497/2019,21,1349,SENIVAL MOURA
PL 497/2019,22,1447,ALFREDINHO
PL 497/2019,23,1487,RICARDO TEIXEIRA
PL 497/2019,24,1633,SOUZA SANTOS
PL 497/2019,25,1634,JULIANA CARDOSO
PL 497/2019,26,1635,DRA. SANDRA TADEU
PL 497/2019,27,1636,DR. MILTON FERREIRA
PL 497/2019,28,1647,EDIR SALES
PL 497/2019,29,1930,OTA
PL 497/2019,30,1932,MARIO COVAS NETO
PL 497/2019,31,1947,REIS
PL 497/2019,32,1990,RICARDO NUNES
PL 497/2019,33,1996,EDUARDO TUMA
PL 497/2019,34,1998,PATRÍCIA BEZERRA
PL 497/2019,35,1999,PROFESSOR TONINHO VESPOLI
PL 497/2019,36,2000,ALESSANDRO GUEDES
PL 497/2019,37,2001,JAIR TATTO
PL 497/2019,38,2144,FABIO RIVA
PL 497/2019,39,2145,FERNANDO HOLIDAY
PL 497/2019,40,2146,GILBERTO NASCIMENTO
PL 497/2019,41,2147,ISAC FÉLIX
PL 497/2019,42,2150,ANDRÉ SANTOS
PL 497/2019,43,2151,ZÉ TURIN
PL 497/2019,44,2152,RINALDI DIGILIO
PL 497/2019,45,2153,RODRIGO GOULART
PL 497/2019,46,2156,CAIO MIRANDA CARNEIRO
PL 497/2019,47,2158,XEXÉU TRIPOLI
PL 497/2019,48,2159,RUTE COSTA
PL 497/2019,49,2160,JOÃO JORGE
PL 497/2019,50,2185,CELSO GIANNAZI
PL 497/2019,51,2186,BETO DO SOCIAL
PL 498/2019,1,896,CLAUDIO FONSECA
PL 499/2019,1,2152,RINALDI DIGILIO
PL 500/2019,1,1349,SENIVAL MOURA
PL 500/2019,2,2146,GILBERTO NASCIMENTO
PL 500/2019,3,2154,CAMILO CRISTÓFARO
PL 500/2019,4,2159,RUTE COSTA
PL 500/2019,5,2185,CELSO GIANNAZI
PL 501/2019,1,2155,JANAÍNA LIMA
PL 502/2019,1,1996,EDUARDO TUMA
PL 502/2019,2,2155,JANAÍNA LIMA
PL 503/2019,1,1990,RICARDO NUNES
PL 504/2019,1,1305,POLICE
PL 505/2019,1,2000,ALESSANDRO GUEDES
PL 506/2019,1,1326,QUITO FORMIGA
PL 506/2019,2,1999,PROFESSOR TONINHO VESPOLI
PL 507/2019,1,2147,ISAC FÉLIX
PL 508/2019,1,1305,POLICE
PL 509/2019,1,1647,EDIR SALES
PL 510/2019,1,2152,RINALDI DIGILIO
PL 511/2019,1,1999,PROFESSOR TONINHO VESPOLI
PL 512/2019,1,1635,DRA. SANDRA TADEU
PL 513/2019,1,2169,BRUNO COVAS
PL 514/2019,1,2147,ISAC FÉLIX
PL 514/2019,2,2218,THAMMY MIRANDA
PL 514/2019,3,2224,SANDRA SANTANA
PL 514/2019,4,2279,SILVINHO LEITE
PL 515/2019,1,1487,RICARDO TEIXEIRA
PL 516/2019,1,1932,MARIO COVAS NETO
PL 517/2019,1,2185,CELSO GIANNAZI
PL 518/2019,1,1296,ADILSON AMADEU
PL 519/2019,1,267,PAULO FRANGE
PL 520/2019,1,224,AURÉLIO NOMURA
PL 521/2019,1,896,CLAUDIO FONSECA
PL 522/2019,1,2152,RINALDI DIGILIO
PL 523/2019,1,2001,JAIR TATTO
PL 524/2019,1,220,TONINHO PAIVA
PL 525/2019,1,1998,PATRÍCIA BEZERRA
PL 526/2019,1,2153,RODRIGO GOULART
PL 527/2019,1,1996,EDUARDO TUMA
PL 527/2019,2,2146,GILBERTO NASCIMENTO
PL 527/2019,3,2152,RINALDI DIGILIO
PL 528/2019,1,1996,EDUARDO TUMA
PL 529/2019,1,224,AURÉLIO NOMURA
PL 529/2019,2,2146,GILBERTO NASCIMENTO
PL 530/2019,1,2159,RUTE COSTA
PL 530/2019,2,2243,DR. ADRIANO SANTOS
PL 531/2019,1,2159,RUTE COSTA
PL 532/2019,1,2159,RUTE COSTA
PL 533/2019,1,1635,DRA. SANDRA TADEU
PL 534/2019,1,1635,DRA. SANDRA TADEU
PL 535/2019,1,1635,DRA. SANDRA TADEU
PL 536/2019,1,1487,RICARDO TEIXEIRA
PL 537/2019,1,2185,CELSO GIANNAZI
PL 538/2019,1,776,ELISEU GABRIEL
PL 539/2019,1,1326,QUITO FORMIGA
PL 539/2019,2,1647,EDIR SALES
PL 539/2019,3,1996,EDUARDO TUMA
PL 539/2019,4,2145,FERNANDO HOLIDAY
PL 539/2019,5,2150,ANDRÉ SANTOS
PL 539/2019,6,2151,ZÉ TURIN
PL 539/2019,7,2153,RODRIGO GOULART
PL 539/2019,8,2155,JANAÍNA LIMA
PL 539/2019,9,2156,CAIO MIRANDA CARNEIRO
PL 540/2019,1,224,AURÉLIO NOMURA
PL 540/2019,2,2155,JANAÍNA LIMA
PL 541/2019,1,224,AURÉLIO NOMURA
PL 541/2019,2,2146,GILBERTO NASCIMENTO
PL 541/2019,3,2218,THAMMY MIRANDA
PL 542/2019,1,224,AURÉLIO NOMURA
PL 543/2019,1,224,AURÉLIO NOMURA
PL 545/2019,1,224,AURÉLIO NOMURA
PL 546/2019,1,224,AURÉLIO NOMURA
PL 547/2019,1,224,AURÉLIO NOMURA
PL 548/2019,1,224,AURÉLIO NOMURA
PL 549/2019,1,224,AURÉLIO NOMURA
PL 550/2019,1,224,AURÉLIO NOMURA
PL 551/2019,1,224,AURÉLIO NOMURA
PL 551/2019,2,1996,EDUARDO TUMA
PL 552/2019,1,224,AURÉLIO NOMURA
PL 553/2019,1,224,AURÉLIO NOMURA
PL 554/2019,1,224,AURÉLIO NOMURA
PL 554/2019,2,2155,JANAÍNA LIMA
PL 555/2019,1,2145,FERNANDO HOLIDAY
PL 556/2019,1,756,CELSO JATENE
PL 557/2019,1,1487,RICARDO TEIXEIRA
PL 558/2019,1,1487,RICARDO TEIXEIRA
PL 559/2019,1,224,AURÉLIO NOMURA
PL 560/2019,1,187,GILSON BARRETO
PL 561/2019,1,2169,BRUNO COVAS
PL 562/2019,1,1996,EDUARDO TUMA
PL 563/2019,1,1647,EDIR SALES
PL 564/2019,1,1999,PROFESSOR TONINHO VESPOLI
PL 565/2019,1,267,PAULO FRANGE
PL 566/2019,1,2129,JONAS CAMISA NOVA
PL 567/2019,1,2129,JONAS CAMISA NOVA
PL 568/2019,1,1947,REIS
PL 568/2019,2,2255,JOÃO ANANIAS
PL 569/2019,1,1947,REIS
PL 569/2019,2,2255,JOÃO ANANIAS
PL 570/2019,1,2147,ISAC FÉLIX
PL 571/2019,1,187,GILSON BARRETO
PL 571/2019,2,220,TONINHO PAIVA
PL 571/2019,3,224,AURÉLIO NOMURA
PL 571/2019,4,1319,SONINHA FRANCINE
PL 571/2019,5,1635,DRA. SANDRA TADEU
PL 571/2019,6,1647,EDIR SALES
PL 571/2019,7,1989,GEORGE HATO
PL 571/2019,8,2144,FABIO RIVA
PL 571/2019,9,2150,ANDRÉ SANTOS
PL 571/2019,10,2151,ZÉ TURIN
PL 571/2019,11,2152,RINALDI DIGILIO
PL 571/2019,12,2153,RODRIGO GOULART
PL 571/2019,13,2155,JANAÍNA LIMA
PL 571/2019,14,2160,JOÃO JORGE
PL 571/2019,15,2203,RODRIGO FONSECA
PL 571/2019,16,2211,SIDNEY CRUZ
PL 571/2019,17,2219,MARCELO MESSIAS
PL 572/2019,1,224,AURÉLIO NOMURA
PL 573/2019,1,187,GILSON BARRETO
PL 573/2019,2,224,AURÉLIO NOMURA
PL 574/2019,1,224,AURÉLIO NOMURA
PL 574/2019,2,1305,POLICE
PL 574/2019,3,2147,ISAC FÉLIX
PL 574/2019,4,2153,RODRIGO GOULART
PL 574/2019,5,2214,RUBINHO NUNES
PL 574/2019,6,2224,SANDRA SANTANA
PL 575/2019,1,273,MILTON LEITE
PL 575/2019,2,2153,RODRIGO GOULART
PL 575/2019,3,2156,CAIO MIRANDA CARNEIRO
PL 576/2019,1,2155,JANAÍNA LIMA
PL 577/2019,1,2185,CELSO GIANNAZI
PL 577/2019,2,2221,ELI CORRÊA
PL 578/2019,1,60,"COMISSÃO DE TRÂNSITO, TRANSPORTE, MOBILIDADE URBANA E ATIVIDADE ECONÔMICA"
PL 579/2019,1,1947,REIS
PL 579/2019,2,2255,JOÃO ANANIAS
PL 580/2019,1,756,CELSO JATENE
PL 581/2019,1,155,ARSELINO TATTO
PL 582/2019,1,2159,RUTE COSTA
PL 583/2019,1,2129,JONAS CAMISA NOVA
PL 584/2019,1,776,ELISEU GABRIEL
PL 586/2019,1,776,ELISEU GABRIEL
PL 587/2019,1,1996,EDUARDO TUMA
PL 588/2019,1,268,DALTON SILVANO
PL 589/2019,1,896,CLAUDIO FONSECA
PL 590/2019,1,1487,RICARDO TEIXEIRA
PL 591/2019,1,160,EDUARDO MATARAZZO SUPLICY
PL 592/2019,1,2152,RINALDI DIGILIO
PL 592/2019,2,2154,CAMILO CRISTÓFARO
PL 593/2019,1,187,GILSON BARRETO
PL 594/2019,1,1447,ALFREDINHO
PL 595/2019,1,1947,REIS
PL 596/2019,1,2147,ISAC FÉLIX
PL 597/2019,1,1487,RICARDO TEIXEIRA
PL 598/2019,1,796,GILBERTO NATALINI
PL 599/2019,1,1636,DR. MILTON FERREIRA
PL 600/2019,1,1636,DR. MILTON FERREIRA
PL 601/2019,1,1636,DR. MILTON FERREIRA
PL 602/2019,1,2146,GILBERTO NASCIMENTO
PL 603/2019,1,1947,REIS
PL 604/2019,1,796,GILBERTO NATALINI
PL 605/2019,1,2142,ADRIANA RAMALHO
PL 606/2019,1,1989,GEORGE HATO
PL 607/2019,1,1947,REIS
PL 607/2019,2,2255,JOÃO ANANIAS
PL 607/2019,3,2279,SILVINHO LEITE
PL 608/2019,1,1947,REIS
PL 608/2019,2,2255,JOÃO ANANIAS
PL 608/2019,3,2278,KEIT LIMA
PL 609/2019,1,1947,REIS
PL 609/2019,2,2255,JOÃO ANANIAS
PL 609/2019,3,2279,SILVINHO LEITE
PL 610/2019,1,1996,EDUARDO TUMA
PL 610/2019,2,2155,JANAÍNA LIMA
PL 611/2019,1,1349,SENIVAL MOURA
PL 612/2019,1,2159,RUTE COSTA
PL 613/2019,1,2169,BRUNO COVAS
PL 614/2019,1,1487,RICARDO TEIXEIRA
PL 614/2019,2,2219,MARCELO MESSIAS
PL 614/2019,3,2221,ELI CORRÊA
PL 614/2019,4,2249,NUNES PEIXEIRO
PL 615/2019,1,187,GILSON BARRETO
PL 616/2019,1,187,GILSON BARRETO
PL 617/2019,1,1349,SENIVAL MOURA
PL 618/2019,1,1996,EDUARDO TUMA
PL 618/2019,2,2152,RINALDI DIGILIO
PL 619/2019,1,155,ARSELINO TATTO
PL 620/2019,1,1487,RICARDO TEIXEIRA
PL 621/2019,1,1487,RICARDO TEIXEIRA
PL 622/2019,1,1487,RICARDO TEIXEIRA
PL 623/2019,1,1305,POLICE
PL 624/2019,1,187,GILSON BARRETO
PL 625/2019,1,187,GILSON BARRETO
PL 626/2019,1,2147,ISAC FÉLIX
PL 626/2019,2,2218,THAMMY MIRANDA
PL 627/2019,1,2152,RINALDI DIGILIO
PL 628/2019,1,220,TONINHO PAIVA
PL 629/2019,1,1636,DR. MILTON FERREIRA
PL 630/2019,1,1947,REIS
PL 630/2019,2,2255,JOÃO ANANIAS
PL 631/2019,1,1635,DRA. SANDRA TADEU
PL 632/2019,1,1635,DRA. SANDRA TADEU
PL 632/2019,2,2146,GILBERTO NASCIMENTO
PL 632/2019,3,2279,SILVINHO LEITE
PL 633/2019,1,1635,DRA. SANDRA TADEU
PL 634/2019,1,2001,JAIR TATTO
PL 635/2019,1,2152,RINALDI DIGILIO
PL 636/2019,1,220,TONINHO PAIVA
PL 637/2019,1,220,TONINHO PAIVA
PL 638/2019,1,2146,GILBERTO NASCIMENTO
PL 639/2019,1,2159,RUTE COSTA
PL 640/2019,1,2155,JANAÍNA LIMA
PL 640/2019,2,2159,RUTE COSTA
PL 640/2019,3,2250,CORONEL SALLES
PL 641/2019,1,2159,RUTE COSTA
PL 641/2019,2,2219,MARCELO MESSIAS
PL 642/2019,1,2000,ALESSANDRO GUEDES
PL 643/2019,1,1999,PROFESSOR TONINHO VESPOLI
PL 644/2019,1,2185,CELSO GIANNAZI
PL 645/2019,1,1487,RICARDO TEIXEIRA
PL 645/2019,2,1999,PROFESSOR TONINHO VESPOLI
PL 645/2019,3,2217,SANSÃO PEREIRA
PL 646/2019,1,1487,RICARDO TEIXEIRA
PL 647/2019,1,2169,BRUNO COVAS
PL 648/2019,1,187,GILSON BARRETO
PL 648/2019,2,1349,SENIVAL MOURA
PL 648/2019,3,2001,JAIR TATTO
PL 648/2019,4,2146,GILBERTO NASCIMENTO
PL 648/2019,5,2154,CAMILO CRISTÓFARO
PL 648/2019,6,2159,RUTE COSTA
PL 648/2019,7,2185,CELSO GIANNAZI
PL 648/2019,8,2210,ELY TERUEL
PL 648/2019,9,2221,ELI CORRÊA
PL 649/2019,1,1487,RICARDO TEIXEIRA
PL 650/2019,1,1635,DRA. SANDRA TADEU
PL 651/2019,1,224,AURÉLIO NOMURA
PL 651/2019,2,1647,EDIR SALES
PL 651/2019,3,2000,ALESSANDRO GUEDES
PL 651/2019,4,2153,RODRIGO GOULART
PL 651/2019,5,2213,FARIA DE SÁ
PL 652/2019,1,1647,EDIR SALES
PL 653/2019,1,1647,EDIR SALES
PL 654/2019,1,267,PAULO FRANGE
PL 655/2019,1,2000,ALESSANDRO GUEDES
PL 657/2019,1,1996,EDUARDO TUMA
PL 658/2019,1,155,ARSELINO TATTO
PL 658/2019,2,273,MILTON LEITE
PL 659/2019,1,1316,NOEMI NONATO
PL 659/2019,2,2160,JOÃO JORGE
PL 660/2019,1,1636,DR. MILTON FERREIRA
PL 661/2019,1,2154,CAMILO CRISTÓFARO
PL 661/2019,2,2224,SANDRA SANTANA
PL 662/2019,1,224,AURÉLIO NOMURA
PL 663/2019,1,1647,EDIR SALES
PL 663/2019,2,2144,FABIO RIVA
PL 663/2019,3,2155,JANAÍNA LIMA
PL 663/2019,4,2219,MARCELO MESSIAS
PL 664/2019,1,1487,RICARDO TEIXEIRA
PL 665/2019,1,267,PAULO FRANGE
PL 665/2019,2,696,CARLOS BEZERRA JR.
PL 665/2019,3,1635,DRA. SANDRA TADEU
PL 665/2019,4,2144,FABIO RIVA
PL 665/2019,5,2150,ANDRÉ SANTOS
PL 665/2019,6,2152,RINALDI DIGILIO
PL 665/2019,7,2153,RODRIGO GOULART
PL 665/2019,8,2211,SIDNEY CRUZ
PL 665/2019,9,2213,FARIA DE SÁ
PL 665/2019,10,2217,SANSÃO PEREIRA
PL 665/2019,11,2223,FELIPE BECARI
PL 665/2019,12,2224,SANDRA SANTANA
PL 666/2019,1,224,AURÉLIO NOMURA
PL 666/2019,2,2131,RODOLFO DESPACHANTE
PL 667/2019,1,1996,EDUARDO TUMA
PL 667/2019,2,2152,RINALDI DIGILIO
PL 668/2019,1,187,GILSON BARRETO
PL 669/2019,1,187,GILSON BARRETO
PL 670/2019,1,220,TONINHO PAIVA
PL 671/2019,1,220,TONINHO PAIVA
PL 671/2019,2,2147,ISAC FÉLIX
PL 672/2019,1,2147,ISAC FÉLIX
PL 673/2019,1,1311,ANTONIO DONATO
PL 674/2019,1,2001,JAIR TATTO
PL 675/2019,1,2001,JAIR TATTO
PL 675/2019,2,2155,JANAÍNA LIMA
PL 675/2019,3,2210,ELY TERUEL
PL 676/2019,1,2001,JAIR TATTO
PL 677/2019,1,2001,JAIR TATTO
PL 678/2019,1,676,ATÍLIO FRANCISCO
PL 678/2019,2,1316,NOEMI NONATO
PL 678/2019,3,1326,QUITO FORMIGA
PL 678/2019,4,1996,EDUARDO TUMA
PL 678/2019,5,1998,PATRÍCIA BEZERRA
PL 678/2019,6,1999,PROFESSOR TONINHO VESPOLI
PL 678/2019,7,2144,FABIO RIVA
PL 678/2019,8,2146,GILBERTO NASCIMENTO
PL 678/2019,9,2147,ISAC FÉLIX
PL 679/2019,1,224,AURÉLIO NOMURA
PL 680/2019,1,1326,QUITO FORMIGA
PL 681/2019,1,1300,CLAUDINHO DE SOUZA
PL 682/2019,1,1635,DRA. SANDRA TADEU
PL 683/2019,1,2001,JAIR TATTO
PL 684/2019,1,2155,JANAÍNA LIMA
PL 684/2019,2,2203,RODRIGO FONSECA
PL 685/2019,1,1487,RICARDO TEIXEIRA
PL 685/2019,2,2146,GILBERTO NASCIMENTO
PL 686/2019,1,1996,EDUARDO TUMA
PL 687/2019,1,1487,RICARDO TEIXEIRA
PL 688/2019,1,1487,RICARDO TEIXEIRA
PL 689/2019,1,1996,EDUARDO TUMA
PL 690/2019,1,220,TONINHO PAIVA
PL 691/2019,1,1989,GEORGE HATO
PL 692/2019,1,1989,GEORGE HATO
PL 692/2019,2,2219,MARCELO MESSIAS
PL 692/2019,3,2279,SILVINHO LEITE
PL 693/2019,1,1487,RICARDO TEIXEIRA
PL 694/2019,1,1989,GEORGE HATO
PL 695/2019,1,2152,RINALDI DIGILIO
PL 696/2019,1,1319,SONINHA FRANCINE
PL 697/2019,1,796,GILBERTO NATALINI
PL 698/2019,1,2169,BRUNO COVAS
PL 699/2019,1,1326,QUITO FORMIGA
PL 700/2019,1,1326,QUITO FORMIGA
PL 701/2019,1,1447,ALFREDINHO
PL 702/2019,1,1647,EDIR SALES
PL 703/2019,1,1647,EDIR SALES
PL 704/2019,1,1996,EDUARDO TUMA
PL 704/2019,2,2152,RINALDI DIGILIO
PL 705/2019,1,1996,EDUARDO TUMA
PL 706/2019,1,796,GILBERTO NATALINI
PL 707/2019,1,1635,DRA. SANDRA TADEU
PL 708/2019,1,1932,MARIO COVAS NETO
PL 709/2019,1,776,ELISEU GABRIEL
PL 710/2019,1,2155,JANAÍNA LIMA
PL 710/2019,2,2203,RODRIGO FONSECA
PL 711/2019,1,2185,CELSO GIANNAZI
PL 712/2019,1,776,ELISEU GABRIEL
PL 713/2019,1,776,ELISEU GABRIEL
PL 714/2019,1,2145,FERNANDO HOLIDAY
PL 715/2019,1,2145,FERNANDO HOLIDAY
PL 716/2019,1,2185,CELSO GIANNAZI
PL 717/2019,1,224,AURÉLIO NOMURA
PL 718/2019,1,1989,GEORGE HATO
PL 719/2019,1,1932,MARIO COVAS NETO
PL 719/2019,2,1996,EDUARDO TUMA
PL 720/2019,1,1999,PROFESSOR TONINHO VESPOLI
PL 721/2019,1,2147,ISAC FÉLIX
PL 721/2019,2,2155,JANAÍNA LIMA
PL 722/2019,1,2147,ISAC FÉLIX
PL 723/2019,1,2169,BRUNO COVAS
PL 724/2019,1,1326,QUITO FORMIGA
PL 725/2019,1,224,AURÉLIO NOMURA
PL 726/2019,1,224,AURÉLIO NOMURA
PL 726/2019,2,796,GILBERTO NATALINI
PL 727/2019,1,2154,CAMILO CRISTÓFARO
PL 727/2019,2,2215,MARLON LUZ
PL 728/2019,1,1999,PROFESSOR TONINHO VESPOLI
PL 729/2019,1,2142,ADRIANA RAMALHO
PL 730/2019,1,1996,EDUARDO TUMA
PL 730/2019,2,2152,RINALDI DIGILIO
PL 731/2019,1,1996,EDUARDO TUMA
PL 732/2019,1,220,TONINHO PAIVA
PL 732/2019,2,224,AURÉLIO NOMURA
PL 732/2019,3,1305,POLICE
PL 733/2019,1,1932,MARIO COVAS NETO
PL 734/2019,1,1487,RICARDO TEIXEIRA
PL 735/2019,1,224,AURÉLIO NOMURA
PL 736/2019,1,224,AURÉLIO NOMURA
PL 736/2019,2,796,GILBERTO NATALINI
PL 737/2019,1,1947,REIS
PL 738/2019,1,224,AURÉLIO NOMURA
PL 739/2019,1,1947,REIS
PL 740/2019,1,1635,DRA. SANDRA TADEU
PL 741/2019,1,1635,DRA. SANDRA TADEU
PL 742/2019,1,220,TONINHO PAIVA
PL 742/2019,2,2147,ISAC FÉLIX
PL 743/2019,1,1447,ALFREDINHO
PL 744/2019,1,224,AURÉLIO NOMURA
PL 745/2019,1,1326,QUITO FORMIGA
PL 746/2019,1,1326,QUITO FORMIGA
PL 747/2019,1,187,GILSON BARRETO
PL 748/2019,1,676,ATÍLIO FRANCISCO
PL 749/2019,1,2169,BRUNO COVAS
PL 750/2019,1,1999,PROFESSOR TONINHO VESPOLI
PL 751/2019,1,1647,EDIR SALES
PL 752/2019,1,1300,CLAUDINHO DE SOUZA
PL 753/2019,1,2185,CELSO GIANNAZI
PL 754/2019,1,2169,BRUNO COVAS
PL 755/2019,1,1326,QUITO FORMIGA
PL 756/2019,1,2146,GILBERTO NASCIMENTO
PL 757/2019,1,268,DALTON SILVANO
PL 758/2019,1,2185,CELSO GIANNAZI
PL 758/2019,2,2210,ELY TERUEL
PL 758/2019,3,2216,SONAIRA FERNANDES
PL 758/2019,4,2279,SILVINHO LEITE
PL 759/2019,1,1999,PROFESSOR TONINHO VESPOLI
PL 759/2019,2,2146,GILBERTO NASCIMENTO
PL 760/2019,1,896,CLAUDIO FONSECA
PL 761/2019,1,776,ELISEU GABRIEL
PL 762/2019,1,676,ATÍLIO FRANCISCO
PL 762/2019,2,1296,ADILSON AMADEU
PL 762/2019,3,1311,ANTONIO DONATO
PL 762/2019,4,1326,QUITO FORMIGA
PL 762/2019,5,1989,GEORGE HATO
PL 762/2019,6,1990,RICARDO NUNES
PL 762/2019,7,1996,EDUARDO TUMA
PL 762/2019,8,2144,FABIO RIVA
PL 762/2019,9,2146,GILBERTO NASCIMENTO
PL 762/2019,10,2147,ISAC FÉLIX
PL 762/2019,11,2152,RINALDI DIGILIO
PL 762/2019,12,2153,RODRIGO GOULART
PL 762/2019,13,2158,XEXÉU TRIPOLI
PL 763/2019,1,1326,QUITO FORMIGA
PL 764/2019,1,155,ARSELINO TATTO
PL 764/2019,2,1999,PROFESSOR TONINHO VESPOLI
PL 765/2019,1,2000,ALESSANDRO GUEDES
PL 766/2019,1,2156,CAIO MIRANDA CARNEIRO
PL 767/2019,1,187,GILSON BARRETO
PL 768/2019,1,224,AURÉLIO NOMURA
PL 769/2019,1,796,GILBERTO NATALINI
PL 769/2019,2,2149,DANIEL ANNENBERG
PL 770/2019,1,1326,QUITO FORMIGA
PL 771/2019,1,2001,JAIR TATTO
PL 772/2019,1,2001,JAIR TATTO
PL 773/2019,1,2001,JAIR TATTO
PL 774/2019,1,1996,EDUARDO TUMA
PL 774/2019,2,2146,GILBERTO NASCIMENTO
PL 774/2019,3,2152,RINALDI DIGILIO
PL 775/2019,1,1996,EDUARDO TUMA
PL 776/2019,1,1996,EDUARDO TUMA
PL 776/2019,2,2152,RINALDI DIGILIO
PL 777/2019,1,1996,EDUARDO TUMA
PL 778/2019,1,1326,QUITO FORMIGA
PL 779/2019,1,1996,EDUARDO TUMA
PL 779/2019,2,2152,RINALDI DIGILIO
PL 779/2019,3,2214,RUBINHO NUNES
PL 780/2019,1,2186,BETO DO SOCIAL
PL 781/2019,1,1996,EDUARDO TUMA
PL 782/2019,1,1487,RICARDO TEIXEIRA
PL 783/2019,1,1999,PROFESSOR TONINHO VESPOLI
PL 784/2019,1,220,TONINHO PAIVA
PL 785/2019,1,220,TONINHO PAIVA
PL 786/2019,1,220,TONINHO PAIVA
PL 787/2019,1,160,EDUARDO MATARAZZO SUPLICY
PL 787/2019,2,220,TONINHO PAIVA
PL 787/2019,3,267,PAULO FRANGE
PL 787/2019,4,676,ATÍLIO FRANCISCO
PL 787/2019,5,756,CELSO JATENE
PL 787/2019,6,796,GILBERTO NATALINI
PL 787/2019,7,896,CLAUDIO FONSECA
PL 787/2019,8,1296,ADILSON AMADEU
PL 787/2019,9,1319,SONINHA FRANCINE
PL 787/2019,10,1326,QUITO FORMIGA
PL 787/2019,11,1447,ALFREDINHO
PL 787/2019,12,1487,RICARDO TEIXEIRA
PL 787/2019,13,1633,SOUZA SANTOS
PL 787/2019,14,1635,DRA. SANDRA TADEU
PL 787/2019,15,1930,OTA
PL 787/2019,16,1947,REIS
PL 787/2019,17,1989,GEORGE HATO
PL 787/2019,18,1990,RICARDO NUNES
PL 787/2019,19,1996,EDUARDO TUMA
PL 787/2019,20,1998,PATRÍCIA BEZERRA
PL 787/2019,21,2000,ALESSANDRO GUEDES
PL 787/2019,22,2144,FABIO RIVA
PL 787/2019,23,2145,FERNANDO HOLIDAY
PL 787/2019,24,2146,GILBERTO NASCIMENTO
PL 787/2019,25,2147,ISAC FÉLIX
PL 787/2019,26,2151,ZÉ TURIN
PL 787/2019,27,2152,RINALDI DIGILIO
PL 787/2019,28,2153,RODRIGO GOULART
PL 787/2019,29,2158,XEXÉU TRIPOLI
PL 787/2019,30,2159,RUTE COSTA
PL 788/2019,1,2169,BRUNO COVAS
PL 789/2019,1,224,AURÉLIO NOMURA
PL 789/2019,2,1930,OTA
PL 790/2019,1,2146,GILBERTO NASCIMENTO
PL 791/2019,1,1487,RICARDO TEIXEIRA
PL 792/2019,1,1487,RICARDO TEIXEIRA
PL 793/2019,1,1487,RICARDO TEIXEIRA
PL 794/2019,1,2150,ANDRÉ SANTOS
PL 795/2019,1,2144,FABIO RIVA
PL 795/2019,2,2145,FERNANDO HOLIDAY
PL 795/2019,3,2150,ANDRÉ SANTOS
PL 795/2019,4,2152,RINALDI DIGILIO
PL 795/2019,5,2155,JANAÍNA LIMA
PL 796/2019,1,2150,ANDRÉ SANTOS
PL 797/2019,1,2150,ANDRÉ SANTOS
PL 798/2019,1,1326,QUITO FORMIGA
PL 799/2019,1,1326,QUITO FORMIGA
PL 800/2019,1,1326,QUITO FORMIGA
PL 801/2019,1,1326,QUITO FORMIGA
PL 802/2019,1,1996,EDUARDO TUMA
PL 802/2019,2,2152,RINALDI DIGILIO
PL 805/2019,1,1326,QUITO FORMIGA
PL 806/2019,1,1326,QUITO FORMIGA
PL 807/2019,1,796,GILBERTO NATALINI
PL 808/2019,1,1989,GEORGE HATO
PL 810/2019,1,1989,GEORGE HATO
PL 811/2019,1,2001,JAIR TATTO
PL 812/2019,1,776,ELISEU GABRIEL
PL 813/2019,1,2152,RINALDI DIGILIO
PL 813/2019,2,2219,MARCELO MESSIAS
PL 814/2019,1,2150,ANDRÉ SANTOS
PL 814/2019,2,2152,RINALDI DIGILIO
PL 815/2019,1,2152,RINALDI DIGILIO
PL 816/2019,1,2152,RINALDI DIGILIO
PL 817/2019,1,160,EDUARDO MATARAZZO SUPLICY
PL 817/2019,2,1999,PROFESSOR TONINHO VESPOLI
PL 818/2019,1,1487,RICARDO TEIXEIRA
PL 818/2019,2,1635,DRA. SANDRA TADEU
PL 818/2019,3,1647,EDIR SALES
PL 818/2019,4,1999,PROFESSOR TONINHO VESPOLI
PL 818/2019,5,2205,LUANA ALVES
PL 818/2019,6,2206,SILVIA DA BANCADA FEMINISTA
PL 818/2019,7,2216,SONAIRA FERNANDES
PL 818/2019,8,2218,THAMMY MIRANDA
PL 818/2019,9,2219,MARCELO MESSIAS
PL 818/2019,10,2267,AMANDA PASCHOAL
PL 818/2019,11,2269,MARINA BRAGANTE
PL 818/2019,12,2277,JANAINA PASCHOAL
PL 818/2019,13,2278,KEIT LIMA
PL 818/2019,14,2279,SILVINHO LEITE
PL 819/2019,1,1635,DRA. SANDRA TADEU
PL 820/2019,1,224,AURÉLIO NOMURA
PL 821/2019,1,267,PAULO FRANGE
PL 822/2019,1,220,TONINHO PAIVA
PL 823/2019,1,1635,DRA. SANDRA TADEU
PL 824/2019,1,1326,QUITO FORMIGA
PL 825/2019,1,776,ELISEU GABRIEL
PL 826/2019,1,224,AURÉLIO NOMURA
PL 827/2019,1,676,ATÍLIO FRANCISCO
PL 828/2019,1,267,PAULO FRANGE
PL 829/2019,1,224,AURÉLIO NOMURA
PL 830/2019,1,224,AURÉLIO NOMURA
PL 831/2019,1,1487,RICARDO TEIXEIRA
PL 831/2019,2,2219,MARCELO MESSIAS
PL 832/2019,1,1487,RICARDO TEIXEIRA
PL 833/2019,1,676,ATÍLIO FRANCISCO
PL 834/2019,1,1998,PATRÍCIA BEZERRA
PL 835/2019,1,1296,ADILSON AMADEU
PL 836/2019,1,2185,CELSO GIANNAZI
PL 837/2019,1,2185,CELSO GIANNAZI
PL 838/2019,1,1999,PROFESSOR TONINHO VESPOLI
PL 839/2019,1,1326,QUITO FORMIGA
PL 840/2019,1,1996,EDUARDO TUMA
PL 840/2019,2,2152,RINALDI DIGILIO
PL 841/2019,1,1300,CLAUDINHO DE SOUZA
PL 842/2019,1,2147,ISAC FÉLIX
PL 843/2019,1,1996,EDUARDO TUMA
PL 843/2019,2,2152,RINALDI DIGILIO
PL 844/2019,1,1996,EDUARDO TUMA
PL 844/2019,2,2152,RINALDI DIGILIO
PL 845/2019,1,2159,RUTE COSTA
PL 846/2019,1,224,AURÉLIO NOMURA
PL 846/2019,2,796,GILBERTO NATALINI
PL 846/2019,3,1319,SONINHA FRANCINE
PL 846/2019,4,1999,PROFESSOR TONINHO VESPOLI
PL 846/2019,5,2153,RODRIGO GOULART
PL 847/2019,1,1647,EDIR SALES
PL 848/2019,1,896,CLAUDIO FONSECA
PL 849/2019,1,1990,RICARDO NUNES
PL 850/2019,1,1305,POLICE
PL 851/2019,1,1996,EDUARDO TUMA
PL 852/2019,1,1311,ANTONIO DONATO
PL 852/2019,2,2254,LUNA ZARATTINI
PL 853/2019,1,1311,ANTONIO DONATO
PL 853/2019,2,2180,MANOEL DEL RIO
PL 853/2019,3,2254,LUNA ZARATTINI
PL 854/2019,1,1349,SENIVAL MOURA
PL 854/2019,2,2219,MARCELO MESSIAS
PL 855/2019,1,1647,EDIR SALES
PL 855/2019,2,2152,RINALDI DIGILIO
PL 855/2019,3,2159,RUTE COSTA
PL 856/2019,1,2152,RINALDI DIGILIO
PL 856/2019,2,2154,CAMILO CRISTÓFARO
PL 856/2019,3,2155,JANAÍNA LIMA
PL 856/2019,4,2214,RUBINHO NUNES
PL 857/2019,1,2152,RINALDI DIGILIO
PL 858/2019,1,1349,SENIVAL MOURA
PL 858/2019,2,2254,LUNA ZARATTINI
PL 860/2019,1,1300,CLAUDINHO DE SOUZA
PL 861/2019,1,1319,SONINHA FRANCINE
PL 862/2019,1,2001,JAIR TATTO
PL 863/2019,1,1634,JULIANA CARDOSO
PL 864/2019,1,1996,EDUARDO TUMA
PL 864/2019,2,2152,RINALDI DIGILIO
PL 1/2020,1,2001,JAIR TATTO
PL 2/2020,1,155,ARSELINO TATTO
PL 3/2020,1,2145,FERNANDO HOLIDAY
PL 4/2020,1,2185,CELSO GIANNAZI
PL 5/2020,1,1990,RICARDO NUNES
PL 5/2020,2,2219,MARCELO MESSIAS
PL 6/2020,1,796,GILBERTO NATALINI
PL 7/2020,1,1487,RICARDO TEIXEIRA
PL 8/2020,1,1487,RICARDO TEIXEIRA
PL 9/2020,1,187,GILSON BARRETO
PL 9/2020,2,1487,RICARDO TEIXEIRA
PL 9/2020,3,1999,PROFESSOR TONINHO VESPOLI
PL 10/2020,1,160,EDUARDO MATARAZZO SUPLICY
PL 10/2020,2,2207,ERIKA HILTON
PL 10/2020,3,2254,LUNA ZARATTINI
PL 11/2020,1,1487,RICARDO TEIXEIRA
PL 12/2020,1,224,AURÉLIO NOMURA
PL 12/2020,2,796,GILBERTO NATALINI
PL 12/2020,3,2153,RODRIGO GOULART
PL 13/2020,1,1311,ANTONIO DONATO
PL 13/2020,2,1999,PROFESSOR TONINHO VESPOLI
PL 14/2020,1,2185,CELSO GIANNAZI
PL 15/2020,1,1326,QUITO FORMIGA
PL 16/2020,1,1326,QUITO FORMIGA
PL 17/2020,1,1326,QUITO FORMIGA
PL 18/2020,1,1326,QUITO FORMIGA
PL 19/2020,1,1634,JULIANA CARDOSO
PL 20/2020,1,187,GILSON BARRETO
PL 20/2020,2,1996,EDUARDO TUMA
PL 21/2020,1,267,PAULO FRANGE
PL 22/2020,1,1947,REIS
PL 22/2020,2,2255,JOÃO ANANIAS
PL 23/2020,1,1947,REIS
PL 23/2020,2,2205,LUANA ALVES
PL 24/2020,1,1947,REIS
PL 25/2020,1,1316,NOEMI NONATO
PL 26/2020,1,1636,DR. MILTON FERREIRA
PL 26/2020,2,2210,ELY TERUEL
PL 27/2020,1,224,AURÉLIO NOMURA
PL 28/2020,1,1635,DRA. SANDRA TADEU
PL 29/2020,1,224,AURÉLIO NOMURA
PL 29/2020,2,796,GILBERTO NATALINI
PL 29/2020,3,1999,PROFESSOR TONINHO VESPOLI
PL 29/2020,4,2228,RENATA FALZONI
PL 29/2020,5,2278,KEIT LIMA
PL 30/2020,1,796,GILBERTO NATALINI
PL 31/2020,1,896,CLAUDIO FONSECA
PL 32/2020,1,896,CLAUDIO FONSECA
PL 33/2020,1,896,CLAUDIO FONSECA
PL 34/2020,1,896,CLAUDIO FONSECA
PL 35/2020,1,896,CLAUDIO FONSECA
PL 36/2020,1,896,CLAUDIO FONSECA
PL 37/2020,1,896,CLAUDIO FONSECA
PL 38/2020,1,896,CLAUDIO FONSECA
PL 39/2020,1,896,CLAUDIO FONSECA
PL 40/2020,1,896,CLAUDIO FONSECA
PL 41/2020,1,220,TONINHO PAIVA
PL 42/2020,1,2152,RINALDI DIGILIO
PL 43/2020,1,2152,RINALDI DIGILIO
PL 44/2020,1,2152,RINALDI DIGILIO
PL 45/2020,1,896,CLAUDIO FONSECA
PL 46/2020,1,776,ELISEU GABRIEL
PL 47/2020,1,1447,ALFREDINHO
PL 47/2020,2,1947,REIS
PL 48/2020,1,2144,FABIO RIVA
PL 48/2020,2,2217,SANSÃO PEREIRA
PL 48/2020,3,2223,FELIPE BECARI
PL 49/2020,1,187,GILSON BARRETO
PL 49/2020,2,2144,FABIO RIVA
PL 50/2020,1,1647,EDIR SALES
PL 51/2020,1,1647,EDIR SALES
PL 52/2020,1,776,ELISEU GABRIEL
PL 53/2020,1,776,ELISEU GABRIEL
PL 54/2020,1,776,ELISEU GABRIEL
PL 55/2020,1,776,ELISEU GABRIEL
PL 56/2020,1,187,GILSON BARRETO
PL 56/2020,2,1635,DRA. SANDRA TADEU
PL 57/2020,1,1326,QUITO FORMIGA
PL 58/2020,1,2146,GILBERTO NASCIMENTO
PL 59/2020,1,1999,PROFESSOR TONINHO VESPOLI
PL 59/2020,2,2146,GILBERTO NASCIMENTO
PL 59/2020,3,2219,MARCELO MESSIAS
PL 60/2020,1,1989,GEORGE HATO
PL 61/2020,1,1989,GEORGE HATO
PL 62/2020,1,2152,RINALDI DIGILIO
PL 62/2020,2,2216,SONAIRA FERNANDES
PL 63/2020,1,1932,MARIO COVAS NETO
PL 64/2020,1,2185,CELSO GIANNAZI
PL 65/2020,1,1487,RICARDO TEIXEIRA
PL 66/2020,1,1487,RICARDO TEIXEIRA
PL 66/2020,2,2150,ANDRÉ SANTOS
PL 67/2020,1,2185,CELSO GIANNAZI
PL 68/2020,1,896,CLAUDIO FONSECA
PL 69/2020,1,2151,ZÉ TURIN
PL 70/2020,1,2151,ZÉ TURIN
PL 71/2020,1,2160,JOÃO JORGE
PL 72/2020,1,2144,FABIO RIVA
PL 73/2020,1,776,ELISEU GABRIEL
PL 74/2020,1,1996,EDUARDO TUMA
PL 74/2020,2,2146,GILBERTO NASCIMENTO
PL 74/2020,3,2152,RINALDI DIGILIO
PL 75/2020,1,776,ELISEU GABRIEL
PL 76/2020,1,896,CLAUDIO FONSECA
PL 77/2020,1,224,AURÉLIO NOMURA
PL 77/2020,2,676,ATÍLIO FRANCISCO
PL 77/2020,3,796,GILBERTO NATALINI
PL 77/2020,4,1999,PROFESSOR TONINHO VESPOLI
PL 77/2020,5,2149,DANIEL ANNENBERG
PL 77/2020,6,2219,MARCELO MESSIAS
PL 78/2020,1,2145,FERNANDO HOLIDAY
PL 78/2020,2,2153,RODRIGO GOULART
PL 78/2020,3,2220,DELEGADO PALUMBO
PL 78/2020,4,2223,FELIPE BECARI
PL 79/2020,1,2159,RUTE COSTA
PL 80/2020,1,2150,ANDRÉ SANTOS
PL 80/2020,2,2159,RUTE COSTA
PL 81/2020,1,2159,RUTE COSTA
PL 82/2020,1,2159,RUTE COSTA
PL 83/2020,1,2159,RUTE COSTA
PL 84/2020,1,2146,GILBERTO NASCIMENTO
PL 84/2020,2,2152,RINALDI DIGILIO
PL 85/2020,1,2152,RINALDI DIGILIO
PL 86/2020,1,896,CLAUDIO FONSECA
PL 87/2020,1,896,CLAUDIO FONSECA
PL 88/2020,1,1633,SOUZA SANTOS
PL 89/2020,1,2169,BRUNO COVAS
PL 90/2020,1,896,CLAUDIO FONSECA
PL 91/2020,1,1999,PROFESSOR TONINHO VESPOLI
PL 92/2020,1,187,GILSON BARRETO
PL 92/2020,2,1647,EDIR SALES
PL 92/2020,3,2213,FARIA DE SÁ
PL 92/2020,4,2278,KEIT LIMA
PL 93/2020,1,1647,EDIR SALES
PL 93/2020,2,2279,SILVINHO LEITE
PL 94/2020,1,224,AURÉLIO NOMURA
PL 94/2020,2,796,GILBERTO NATALINI
PL 95/2020,1,220,TONINHO PAIVA
PL 95/2020,2,2147,ISAC FÉLIX
PL 96/2020,1,220,TONINHO PAIVA
PL 97/2020,1,220,TONINHO PAIVA
PL 99/2020,1,1633,SOUZA SANTOS
PL 100/2020,1,2155,JANAÍNA LIMA
PL 101/2020,1,224,AURÉLIO NOMURA
PL 102/2020,1,224,AURÉLIO NOMURA
PL 103/2020,1,1487,RICARDO TEIXEIRA
PL 103/2020,2,2144,FABIO RIVA
PL 104/2020,1,2149,DANIEL ANNENBERG
PL 105/2020,1,1300,CLAUDINHO DE SOUZA
PL 106/2020,1,2151,ZÉ TURIN
PL 107/2020,1,2151,ZÉ TURIN
PL 108/2020,1,1996,EDUARDO TUMA
PL 109/2020,1,187,GILSON BARRETO
PL 109/2020,2,1999,PROFESSOR TONINHO VESPOLI
PL 110/2020,1,2151,ZÉ TURIN
PL 111/2020,1,1999,PROFESSOR TONINHO VESPOLI
PL 111/2020,2,2205,LUANA ALVES
PL 111/2020,3,2206,SILVIA DA BANCADA FEMINISTA
PL 112/2020,1,1487,RICARDO TEIXEIRA
PL 112/2020,2,1999,PROFESSOR TONINHO VESPOLI
PL 113/2020,1,1487,RICARDO TEIXEIRA
PL 114/2020,1,2154,CAMILO CRISTÓFARO
PL 115/2020,1,2149,DANIEL ANNENBERG
PL 116/2020,1,1311,ANTONIO DONATO
PL 116/2020,2,1999,PROFESSOR TONINHO VESPOLI
PL 117/2020,1,2149,DANIEL ANNENBERG
PL 118/2020,1,1305,POLICE
PL 119/2020,1,1305,POLICE
PL 120/2020,1,1316,NOEMI NONATO
PL 121/2020,1,155,ARSELINO TATTO
PL 122/2020,1,2152,RINALDI DIGILIO
PL 123/2020,1,1996,EDUARDO TUMA
PL 123/2020,2,2152,RINALDI DIGILIO
PL 123/2020,3,2153,RODRIGO GOULART
PL 124/2020,1,2001,JAIR TATTO
PL 125/2020,1,2144,FABIO RIVA
PL 126/2020,1,2155,JANAÍNA LIMA
PL 126/2020,2,2203,RODRIGO FONSECA
PL 127/2020,1,2185,CELSO GIANNAZI
PL 128/2020,1,1326,QUITO FORMIGA
PL 129/2020,1,1326,QUITO FORMIGA
PL 130/2020,1,1326,QUITO FORMIGA
PL 131/2020,1,1633,SOUZA SANTOS
PL 132/2020,1,224,AURÉLIO NOMURA
PL 132/2020,2,796,GILBERTO NATALINI
PL 133/2020,1,2152,RINALDI DIGILIO
PL 134/2020,1,1487,RICARDO TEIXEIRA
PL 135/2020,1,2150,ANDRÉ SANTOS
PL 136/2020,1,2144,FABIO RIVA
PL 137/2020,1,2185,CELSO GIANNAZI
PL 138/2020,1,2185,CELSO GIANNAZI
PL 139/2020,1,2185,CELSO GIANNAZI
PL 140/2020,1,224,AURÉLIO NOMURA
PL 141/2020,1,2159,RUTE COSTA
PL 142/2020,1,2185,CELSO GIANNAZI
PL 143/2020,1,696,CARLOS BEZERRA JR.
PL 143/2020,2,1487,RICARDO TEIXEIRA
PL 143/2020,3,1999,PROFESSOR TONINHO VESPOLI
PL 143/2020,4,2210,ELY TERUEL
PL 143/2020,5,2219,MARCELO MESSIAS
PL 143/2020,6,2228,RENATA FALZONI
PL 143/2020,7,2267,AMANDA PASCHOAL
PL 143/2020,8,2278,KEIT LIMA
PL 143/2020,9,2279,SILVINHO LEITE
PL 144/2020,1,1487,RICARDO TEIXEIRA
PL 145/2020,1,1487,RICARDO TEIXEIRA
PL 146/2020,1,1487,RICARDO TEIXEIRA
PL 148/2020,1,160,EDUARDO MATARAZZO SUPLICY
PL 148/2020,2,224,AURÉLIO NOMURA
PL 148/2020,3,796,GILBERTO NATALINI
PL 148/2020,4,1999,PROFESSOR TONINHO VESPOLI
PL 149/2020,1,224,AURÉLIO NOMURA
PL 149/2020,2,796,GILBERTO NATALINI
PL 150/2020,1,1635,DRA. SANDRA TADEU
PL 151/2020,1,1634,JULIANA CARDOSO
PL 152/2020,1,2145,FERNANDO HOLIDAY
PL 153/2020,1,1635,DRA. SANDRA TADEU
PL 154/2020,1,2153,RODRIGO GOULART
PL 154/2020,2,2185,CELSO GIANNAZI
PL 155/2020,1,2155,JANAÍNA LIMA
PL 156/2020,1,1487,RICARDO TEIXEIRA
PL 157/2020,1,1447,ALFREDINHO
PL 158/2020,1,1447,ALFREDINHO
PL 159/2020,1,2155,JANAÍNA LIMA
PL 160/2020,1,1311,ANTONIO DONATO
PL 161/2020,1,2185,CELSO GIANNAZI
PL 162/2020,1,2185,CELSO GIANNAZI
PL 163/2020,1,2147,ISAC FÉLIX
PL 164/2020,1,2151,ZÉ TURIN
PL 165/2020,1,2151,ZÉ TURIN
PL 166/2020,1,2151,ZÉ TURIN
PL 167/2020,1,2185,CELSO GIANNAZI
PL 168/2020,1,2185,CELSO GIANNAZI
PL 169/2020,1,2185,CELSO GIANNAZI
PL 170/2020,1,2155,JANAÍNA LIMA
PL 171/2020,1,1996,EDUARDO TUMA
PL 171/2020,2,2152,RINALDI DIGILIO
PL 172/2020,1,2185,CELSO GIANNAZI
PL 173/2020,1,2153,RODRIGO GOULART
PL 174/2020,1,2145,FERNANDO HOLIDAY
PL 175/2020,1,2151,ZÉ TURIN
PL 176/2020,1,187,GILSON BARRETO
PL 176/2020,2,224,AURÉLIO NOMURA
PL 176/2020,3,267,PAULO FRANGE
PL 176/2020,4,796,GILBERTO NATALINI
PL 176/2020,5,1305,POLICE
PL 176/2020,6,1326,QUITO FORMIGA
PL 176/2020,7,1447,ALFREDINHO
PL 176/2020,8,1635,DRA. SANDRA TADEU
PL 176/2020,9,1947,REIS
PL 176/2020,10,1990,RICARDO NUNES
PL 176/2020,11,1998,PATRÍCIA BEZERRA
PL 176/2020,12,2000,ALESSANDRO GUEDES
PL 176/2020,13,2145,FERNANDO HOLIDAY
PL 176/2020,14,2152,RINALDI DIGILIO
PL 176/2020,15,2153,RODRIGO GOULART
PL 176/2020,16,2155,JANAÍNA LIMA
PL 176/2020,17,2156,CAIO MIRANDA CARNEIRO
PL 176/2020,18,2214,RUBINHO NUNES
PL 176/2020,19,2219,MARCELO MESSIAS
PL 177/2020,1,2151,ZÉ TURIN
PL 178/2020,1,2146,GILBERTO NASCIMENTO
PL 178/2020,2,2151,ZÉ TURIN
PL 178/2020,3,2154,CAMILO CRISTÓFARO
PL 179/2020,1,2151,ZÉ TURIN
PL 181/2020,1,224,AURÉLIO NOMURA
PL 181/2020,2,2153,RODRIGO GOULART
PL 181/2020,3,2219,MARCELO MESSIAS
PL 182/2020,1,2185,CELSO GIANNAZI
PL 183/2020,1,2185,CELSO GIANNAZI
PL 184/2020,1,2185,CELSO GIANNAZI
PL 185/2020,1,2147,ISAC FÉLIX
PL 186/2020,1,1999,PROFESSOR TONINHO VESPOLI
PL 187/2020,1,224,AURÉLIO NOMURA
PL 187/2020,2,2144,FABIO RIVA
PL 188/2020,1,2144,FABIO RIVA
PL 189/2020,1,2144,FABIO RIVA
PL 190/2020,1,1635,DRA. SANDRA TADEU
PL 191/2020,1,1635,DRA. SANDRA TADEU
PL 192/2020,1,1635,DRA. SANDRA TADEU
PL 193/2020,1,1635,DRA. SANDRA TADEU
PL 194/2020,1,2144,FABIO RIVA
PL 195/2020,1,1932,MARIO COVAS NETO
PL 195/2020,2,2144,FABIO RIVA
PL 196/2020,1,1999,PROFESSOR TONINHO VESPOLI
PL 197/2020,1,2147,ISAC FÉLIX
PL 198/2020,1,2153,RODRIGO GOULART
PL 199/2020,1,1633,SOUZA SANTOS
PL 200/2020,1,2145,FERNANDO HOLIDAY
PL 201/2020,1,2185,CELSO GIANNAZI
PL 202/2020,1,1635,DRA. SANDRA TADEU
PL 202/2020,2,1999,PROFESSOR TONINHO VESPOLI
PL 203/2020,1,2169,BRUNO COVAS
PL 204/2020,1,1633,SOUZA SANTOS
PL 205/2020,1,1634,JULIANA CARDOSO
PL 205/2020,2,2185,CELSO GIANNAZI
PL 206/2020,1,2145,FERNANDO HOLIDAY
PL 207/2020,1,155,ARSELINO TATTO
PL 207/2020,2,160,EDUARDO MATARAZZO SUPLICY
PL 207/2020,3,187,GILSON BARRETO
PL 207/2020,4,676,ATÍLIO FRANCISCO
PL 207/2020,5,776,ELISEU GABRIEL
PL 207/2020,6,796,GILBERTO NATALINI
PL 207/2020,7,896,CLAUDIO FONSECA
PL 207/2020,8,1311,ANTONIO DONATO
PL 207/2020,9,1316,NOEMI NONATO
PL 207/2020,10,1319,SONINHA FRANCINE
PL 207/2020,11,1326,QUITO FORMIGA
PL 207/2020,12,1349,SENIVAL MOURA
PL 207/2020,13,1447,ALFREDINHO
PL 207/2020,14,1634,JULIANA CARDOSO
PL 207/2020,15,1930,OTA
PL 207/2020,16,1947,REIS
PL 207/2020,17,1989,GEORGE HATO
PL 207/2020,18,1998,PATRÍCIA BEZERRA
PL 207/2020,19,1999,PROFESSOR TONINHO VESPOLI
PL 207/2020,20,2000,ALESSANDRO GUEDES
PL 207/2020,21,2001,JAIR TATTO
PL 207/2020,22,2146,GILBERTO NASCIMENTO
PL 207/2020,23,2147,ISAC FÉLIX
PL 207/2020,24,2149,DANIEL ANNENBERG
PL 207/2020,25,2151,ZÉ TURIN
PL 207/2020,26,2152,RINALDI DIGILIO
PL 207/2020,27,2153,RODRIGO GOULART
PL 207/2020,28,2154,CAMILO CRISTÓFARO
PL 207/2020,29,2158,XEXÉU TRIPOLI
PL 207/2020,30,2185,CELSO GIANNAZI
PL 208/2020,1,155,ARSELINO TATTO
PL 208/2020,2,160,EDUARDO MATARAZZO SUPLICY
PL 208/2020,3,224,AURÉLIO NOMURA
PL 208/2020,4,268,DALTON SILVANO
PL 208/2020,5,1305,POLICE
PL 208/2020,6,1311,ANTONIO DONATO
PL 208/2020,7,1349,SENIVAL MOURA
PL 208/2020,8,1447,ALFREDINHO
PL 208/2020,9,1634,JULIANA CARDOSO
PL 208/2020,10,1635,DRA. SANDRA TADEU
PL 208/2020,11,1947,REIS
PL 208/2020,12,2000,ALESSANDRO GUEDES
PL 208/2020,13,2001,JAIR TATTO
PL 208/2020,14,2144,FABIO RIVA
PL 209/2020,1,1349,SENIVAL MOURA
PL 210/2020,1,1349,SENIVAL MOURA
PL 211/2020,1,1349,SENIVAL MOURA
PL 212/2020,1,1635,DRA. SANDRA TADEU
PL 213/2020,1,155,ARSELINO TATTO
PL 213/2020,2,160,EDUARDO MATARAZZO SUPLICY
PL 213/2020,3,1311,ANTONIO DONATO
PL 213/2020,4,1349,SENIVAL MOURA
PL 213/2020,5,1447,ALFREDINHO
PL 213/2020,6,1634,JULIANA CARDOSO
PL 213/2020,7,1947,REIS
PL 213/2020,8,2000,ALESSANDRO GUEDES
PL 213/2020,9,2001,JAIR TATTO
PL 213/2020,10,2213,FARIA DE SÁ
PL 214/2020,1,2185,CELSO GIANNAZI
PL 215/2020,1,2185,CELSO GIANNAZI
PL 216/2020,1,1996,EDUARDO TUMA
PL 217/2020,1,1305,POLICE
PL 217/2020,2,2145,FERNANDO HOLIDAY
PL 218/2020,1,1999,PROFESSOR TONINHO VESPOLI
PL 219/2020,1,2001,JAIR TATTO
PL 220/2020,1,2001,JAIR TATTO
PL 221/2020,1,2001,JAIR TATTO
PL 222/2020,1,2001,JAIR TATTO
PL 223/2020,1,1326,QUITO FORMIGA
PL 224/2020,1,1996,EDUARDO TUMA
PL 225/2020,1,1996,EDUARDO TUMA
PL 225/2020,2,2153,RODRIGO GOULART
PL 226/2020,1,1999,PROFESSOR TONINHO VESPOLI
PL 227/2020,1,1999,PROFESSOR TONINHO VESPOLI
PL 228/2020,1,2185,CELSO GIANNAZI
PL 229/2020,1,2185,CELSO GIANNAZI
PL 230/2020,1,2185,CELSO GIANNAZI
PL 231/2020,1,1636,DR. MILTON FERREIRA
PL 232/2020,1,1636,DR. MILTON FERREIRA
PL 233/2020,1,1316,NOEMI NONATO
PL 233/2020,2,1634,JULIANA CARDOSO
PL 234/2020,1,160,EDUARDO MATARAZZO SUPLICY
PL 234/2020,2,896,CLAUDIO FONSECA
PL 234/2020,3,1305,POLICE
PL 234/2020,4,1319,SONINHA FRANCINE
PL 234/2020,5,1998,PATRÍCIA BEZERRA
PL 234/2020,6,2142,ADRIANA RAMALHO
PL 234/2020,7,2145,FERNANDO HOLIDAY
PL 234/2020,8,2149,DANIEL ANNENBERG
PL 234/2020,9,2150,ANDRÉ SANTOS
PL 234/2020,10,2153,RODRIGO GOULART
PL 234/2020,11,2155,JANAÍNA LIMA
PL 236/2020,1,1634,JULIANA CARDOSO
PL 237/2020,1,1999,PROFESSOR TONINHO VESPOLI
PL 238/2020,1,155,ARSELINO TATTO
PL 238/2020,2,1487,RICARDO TEIXEIRA
PL 238/2020,3,1996,EDUARDO TUMA
PL 238/2020,4,1999,PROFESSOR TONINHO VESPOLI
PL 238/2020,5,2158,XEXÉU TRIPOLI
PL 238/2020,6,2210,ELY TERUEL
PL 238/2020,7,2223,FELIPE BECARI
PL 239/2020,1,2155,JANAÍNA LIMA
PL 240/2020,1,796,GILBERTO NATALINI
PL 240/2020,2,2149,DANIEL ANNENBERG
PL 241/2020,1,2155,JANAÍNA LIMA
PL 242/2020,1,1647,EDIR SALES
PL 243/2020,1,1635,DRA. SANDRA TADEU
PL 244/2020,1,1487,RICARDO TEIXEIRA
PL 244/2020,2,2001,JAIR TATTO
PL 245/2020,1,2142,ADRIANA RAMALHO
PL 249/2020,1,2153,RODRIGO GOULART
PL 249/2020,2,2218,THAMMY MIRANDA
PL 249/2020,3,2219,MARCELO MESSIAS
PL 250/2020,1,2001,JAIR TATTO
PL 251/2020,1,2185,CELSO GIANNAZI
PL 252/2020,1,2169,BRUNO COVAS
PL 253/2020,1,1635,DRA. SANDRA TADEU
PL 254/2020,1,273,MILTON LEITE
PL 254/2020,2,1487,RICARDO TEIXEIRA
PL 255/2020,1,160,EDUARDO MATARAZZO SUPLICY
PL 255/2020,2,224,AURÉLIO NOMURA
PL 255/2020,3,267,PAULO FRANGE
PL 255/2020,4,796,GILBERTO NATALINI
PL 255/2020,5,896,CLAUDIO FONSECA
PL 255/2020,6,1311,ANTONIO DONATO
PL 255/2020,7,1316,NOEMI NONATO
PL 255/2020,8,1447,ALFREDINHO
PL 255/2020,9,1947,REIS
PL 255/2020,10,1990,RICARDO NUNES
PL 255/2020,11,1998,PATRÍCIA BEZERRA
PL 255/2020,12,1999,PROFESSOR TONINHO VESPOLI
PL 255/2020,13,2000,ALESSANDRO GUEDES
PL 255/2020,14,2149,DANIEL ANNENBERG
PL 255/2020,15,2152,RINALDI DIGILIO
PL 255/2020,16,2153,RODRIGO GOULART
PL 255/2020,17,2156,CAIO MIRANDA CARNEIRO
PL 256/2020,1,1947,REIS
PL 257/2020,1,2185,CELSO GIANNAZI
PL 258/2020,1,1635,DRA. SANDRA TADEU
PL 259/2020,1,1487,RICARDO TEIXEIRA
PL 259/2020,2,2210,ELY TERUEL
PL 261/2020,1,2185,CELSO GIANNAZI
PL 262/2020,1,2185,CELSO GIANNAZI
PL 264/2020,1,2152,RINALDI DIGILIO
PL 265/2020,1,2152,RINALDI DIGILIO
PL 265/2020,2,2155,JANAÍNA LIMA
PL 267/2020,1,1999,PROFESSOR TONINHO VESPOLI
PL 268/2020,1,267,PAULO FRANGE
PL 269/2020,1,2001,JAIR TATTO
PL 270/2020,1,2185,CELSO GIANNAZI
PL 271/2020,1,2185,CELSO GIANNAZI
PL 272/2020,1,1996,EDUARDO TUMA
PL 273/2020,1,1487,RICARDO TEIXEIRA
PL 274/2020,1,1487,RICARDO TEIXEIRA
PL 275/2020,1,224,AURÉLIO NOMURA
PL 276/2020,1,2149,DANIEL ANNENBERG
PL 277/2020,1,155,ARSELINO TATTO
PL 277/2020,2,160,EDUARDO MATARAZZO SUPLICY
PL 277/2020,3,1311,ANTONIO DONATO
PL 277/2020,4,1349,SENIVAL MOURA
PL 277/2020,5,1447,ALFREDINHO
PL 277/2020,6,1634,JULIANA CARDOSO
PL 277/2020,7,1947,REIS
PL 277/2020,8,2000,ALESSANDRO GUEDES
PL 277/2020,9,2001,JAIR TATTO
PL 278/2020,1,155,ARSELINO TATTO
PL 278/2020,2,160,EDUARDO MATARAZZO SUPLICY
PL 278/2020,3,1311,ANTONIO DONATO
PL 278/2020,4,1349,SENIVAL MOURA
PL 278/2020,5,1447,ALFREDINHO
PL 278/2020,6,1634,JULIANA CARDOSO
PL 278/2020,7,1947,REIS
PL 278/2020,8,2000,ALESSANDRO GUEDES
PL 278/2020,9,2001,JAIR TATTO
PL 279/2020,1,2185,CELSO GIANNAZI
PL 280/2020,1,776,ELISEU GABRIEL
PL 281/2020,1,776,ELISEU GABRIEL
PL 282/2020,1,2000,ALESSANDRO GUEDES
PL 283/2020,1,2000,ALESSANDRO GUEDES
PL 283/2020,2,2219,MARCELO MESSIAS
PL 284/2020,1,2185,CELSO GIANNAZI
PL 285/2020,1,2000,ALESSANDRO GUEDES
PL 286/2020,1,2185,CELSO GIANNAZI
PL 287/2020,1,2185,CELSO GIANNAZI
PL 288/2020,1,2185,CELSO GIANNAZI
PL 289/2020,1,896,CLAUDIO FONSECA
PL 290/2020,1,2155,JANAÍNA LIMA
PL 291/2020,1,1296,ADILSON AMADEU
PL 291/2020,2,1999,PROFESSOR TONINHO VESPOLI
PL 291/2020,3,2000,ALESSANDRO GUEDES
PL 291/2020,4,2154,CAMILO CRISTÓFARO
PL 292/2020,1,1947,REIS
PL 293/2020,1,1947,REIS
PL 294/2020,1,2185,CELSO GIANNAZI
PL 295/2020,1,2185,CELSO GIANNAZI
PL 296/2020,1,1305,POLICE
PL 297/2020,1,1305,POLICE
PL 298/2020,1,155,ARSELINO TATTO
PL 298/2020,2,160,EDUARDO MATARAZZO SUPLICY
PL 298/2020,3,1311,ANTONIO DONATO
PL 298/2020,4,1349,SENIVAL MOURA
PL 298/2020,5,1447,ALFREDINHO
PL 298/2020,6,1634,JULIANA CARDOSO
PL 298/2020,7,1947,REIS
PL 298/2020,8,2000,ALESSANDRO GUEDES
PL 298/2020,9,2001,JAIR TATTO
PL 299/2020,1,2155,JANAÍNA LIMA
PL 300/2020,1,160,EDUARDO MATARAZZO SUPLICY
PL 300/2020,2,224,AURÉLIO NOMURA
PL 300/2020,3,676,ATÍLIO FRANCISCO
PL 300/2020,4,696,CARLOS BEZERRA JR.
PL 300/2020,5,776,ELISEU GABRIEL
PL 300/2020,6,896,CLAUDIO FONSECA
PL 300/2020,7,1305,POLICE
PL 300/2020,8,1316,NOEMI NONATO
PL 300/2020,9,1487,RICARDO TEIXEIRA
PL 300/2020,10,1633,SOUZA SANTOS
PL 300/2020,11,1947,REIS
PL 300/2020,12,1990,RICARDO NUNES
PL 300/2020,13,1998,PATRÍCIA BEZERRA
PL 300/2020,14,1999,PROFESSOR TONINHO VESPOLI
PL 300/2020,15,2000,ALESSANDRO GUEDES
PL 300/2020,16,2151,ZÉ TURIN
PL 300/2020,17,2153,RODRIGO GOULART
PL 300/2020,18,2156,CAIO MIRANDA CARNEIRO
PL 300/2020,19,2219,MARCELO MESSIAS
PL 301/2020,1,2185,CELSO GIANNAZI
PL 302/2020,1,2001,JAIR TATTO
PL 303/2020,1,896,CLAUDIO FONSECA
PL 304/2020,1,224,AURÉLIO NOMURA
PL 304/2020,2,896,CLAUDIO FONSECA
PL 305/2020,1,2185,CELSO GIANNAZI
PL 306/2020,1,2001,JAIR TATTO
PL 307/2020,1,2185,CELSO GIANNAZI
PL 308/2020,1,1947,REIS
PL 309/2020,1,57,COMISSÃO DE FINANÇAS E ORÇAMENTO
PL 309/2020,2,1996,EDUARDO TUMA
PL 309/2020,3,2219,MARCELO MESSIAS
PL 310/2020,1,2151,ZÉ TURIN
PL 311/2020,1,2151,ZÉ TURIN
PL 312/2020,1,2152,RINALDI DIGILIO
PL 313/2020,1,2152,RINALDI DIGILIO
PL 313/2020,2,2213,FARIA DE SÁ
PL 314/2020,1,2151,ZÉ TURIN
PL 315/2020,1,2151,ZÉ TURIN
PL 316/2020,1,1999,PROFESSOR TONINHO VESPOLI
PL 317/2020,1,896,CLAUDIO FONSECA
PL 318/2020,1,155,ARSELINO TATTO
PL 319/2020,1,2158,XEXÉU TRIPOLI
PL 320/2020,1,2185,CELSO GIANNAZI
PL 321/2020,1,1634,JULIANA CARDOSO
PL 324/2020,1,155,ARSELINO TATTO
PL 324/2020,2,160,EDUARDO MATARAZZO SUPLICY
PL 324/2020,3,1349,SENIVAL MOURA
PL 324/2020,4,1447,ALFREDINHO
PL 324/2020,5,1634,JULIANA CARDOSO
PL 324/2020,6,1947,REIS
PL 324/2020,7,2000,ALESSANDRO GUEDES
PL 324/2020,8,2001,JAIR TATTO
PL 324/2020,9,2256,HÉLIO RODRIGUES
PL 325/2020,1,1989,GEORGE HATO
PL 326/2020,1,2155,JANAÍNA LIMA
PL 326/2020,2,2203,RODRIGO FONSECA
PL 327/2020,1,1647,EDIR SALES
PL 327/2020,2,2146,GILBERTO NASCIMENTO
PL 327/2020,3,2150,ANDRÉ SANTOS
PL 328/2020,1,1634,JULIANA CARDOSO
PL 329/2020,1,1487,RICARDO TEIXEIRA
PL 330/2020,1,155,ARSELINO TATTO
PL 330/2020,2,1999,PROFESSOR TONINHO VESPOLI
PL 331/2020,1,273,MILTON LEITE
PL 331/2020,2,2153,RODRIGO GOULART
PL 331/2020,3,2156,CAIO MIRANDA CARNEIRO
PL 332/2020,1,676,ATÍLIO FRANCISCO
PL 332/2020,2,2145,FERNANDO HOLIDAY
PL 333/2020,1,1947,REIS
PL 334/2020,1,1999,PROFESSOR TONINHO VESPOLI
PL 335/2020,1,2151,ZÉ TURIN
PL 336/2020,1,155,ARSELINO TATTO
PL 336/2020,2,2001,JAIR TATTO
PL 337/2020,1,2151,ZÉ TURIN
PL 337/2020,2,2152,RINALDI DIGILIO
PL 338/2020,1,2151,ZÉ TURIN
PL 338/2020,2,2152,RINALDI DIGILIO
PL 339/2020,1,1635,DRA. SANDRA TADEU
PL 340/2020,1,268,DALTON SILVANO
PL 340/2020,2,2144,FABIO RIVA
PL 341/2020,1,2185,CELSO GIANNAZI
PL 342/2020,1,2153,RODRIGO GOULART
PL 342/2020,2,2154,CAMILO CRISTÓFARO
PL 343/2020,1,155,ARSELINO TATTO
PL 343/2020,2,160,EDUARDO MATARAZZO SUPLICY
PL 343/2020,3,676,ATÍLIO FRANCISCO
PL 343/2020,4,776,ELISEU GABRIEL
PL 343/2020,5,796,GILBERTO NATALINI
PL 343/2020,6,896,CLAUDIO FONSECA
PL 343/2020,7,1311,ANTONIO DONATO
PL 343/2020,8,1316,NOEMI NONATO
PL 343/2020,9,1319,SONINHA FRANCINE
PL 343/2020,10,1326,QUITO FORMIGA
PL 343/2020,11,1349,SENIVAL MOURA
PL 343/2020,12,1447,ALFREDINHO
PL 343/2020,13,1487,RICARDO TEIXEIRA
PL 343/2020,14,1634,JULIANA CARDOSO
PL 343/2020,15,1947,REIS
PL 343/2020,16,1989,GEORGE HATO
PL 343/2020,17,1990,RICARDO NUNES
PL 343/2020,18,1998,PATRÍCIA BEZERRA
PL 343/2020,19,1999,PROFESSOR TONINHO VESPOLI
PL 343/2020,20,2000,ALESSANDRO GUEDES
PL 343/2020,21,2001,JAIR TATTO
PL 343/2020,22,2147,ISAC FÉLIX
PL 343/2020,23,2149,DANIEL ANNENBERG
PL 343/2020,24,2153,RODRIGO GOULART
PL 343/2020,25,2154,CAMILO CRISTÓFARO
PL 343/2020,26,2158,XEXÉU TRIPOLI
PL 343/2020,27,2185,CELSO GIANNAZI
PL 343/2020,28,2205,LUANA ALVES
PL 343/2020,29,2207,ERIKA HILTON
PL 343/2020,30,2224,SANDRA SANTANA
PL 344/2020,1,1647,EDIR SALES
PL 345/2020,1,1447,ALFREDINHO
PL 346/2020,1,1487,RICARDO TEIXEIRA
PL 347/2020,1,2146,GILBERTO NASCIMENTO
PL 348/2020,1,1311,ANTONIO DONATO
PL 348/2020,2,1487,RICARDO TEIXEIRA
PL 349/2020,1,2151,ZÉ TURIN
PL 350/2020,1,2151,ZÉ TURIN
PL 350/2020,2,2152,RINALDI DIGILIO
PL 351/2020,1,2146,GILBERTO NASCIMENTO
PL 351/2020,2,2153,RODRIGO GOULART
PL 352/2020,1,1990,RICARDO NUNES
PL 353/2020,1,2155,JANAÍNA LIMA
PL 354/2020,1,224,AURÉLIO NOMURA
PL 355/2020,1,2185,CELSO GIANNAZI
PL 356/2020,1,1311,ANTONIO DONATO
PL 357/2020,1,1487,RICARDO TEIXEIRA
PL 357/2020,2,1635,DRA. SANDRA TADEU
PL 357/2020,3,2218,THAMMY MIRANDA
PL 358/2020,1,1635,DRA. SANDRA TADEU
PL 359/2020,1,2154,CAMILO CRISTÓFARO
PL 360/2020,1,155,ARSELINO TATTO
PL 361/2020,1,2185,CELSO GIANNAZI
PL 362/2020,1,1996,EDUARDO TUMA
PL 363/2020,1,2185,CELSO GIANNAZI
PL 364/2020,1,1932,MARIO COVAS NETO
PL 364/2020,2,2146,GILBERTO NASCIMENTO
PL 365/2020,1,676,ATÍLIO FRANCISCO
PL 365/2020,2,896,CLAUDIO FONSECA
PL 365/2020,3,1296,ADILSON AMADEU
PL 365/2020,4,1316,NOEMI NONATO
PL 365/2020,5,1326,QUITO FORMIGA
PL 365/2020,6,1487,RICARDO TEIXEIRA
PL 365/2020,7,1633,SOUZA SANTOS
PL 365/2020,8,1947,REIS
PL 365/2020,9,1990,RICARDO NUNES
PL 365/2020,10,2000,ALESSANDRO GUEDES
PL 365/2020,11,2142,ADRIANA RAMALHO
PL 365/2020,12,2146,GILBERTO NASCIMENTO
PL 365/2020,13,2147,ISAC FÉLIX
PL 365/2020,14,2152,RINALDI DIGILIO
PL 365/2020,15,2153,RODRIGO GOULART
PL 365/2020,16,2154,CAMILO CRISTÓFARO
PL 365/2020,17,2159,RUTE COSTA
PL 366/2020,1,1996,EDUARDO TUMA
PL 366/2020,2,2152,RINALDI DIGILIO
PL 367/2020,1,1990,RICARDO NUNES
PL 367/2020,2,2219,MARCELO MESSIAS
PL 368/2020,1,2185,CELSO GIANNAZI
PL 369/2020,1,2152,RINALDI DIGILIO
PL 369/2020,2,2219,MARCELO MESSIAS
PL 370/2020,1,273,MILTON LEITE
PL 370/2020,2,1447,ALFREDINHO
PL 370/2020,3,2153,RODRIGO GOULART
PL 370/2020,4,2219,MARCELO MESSIAS
PL 371/2020,1,1319,SONINHA FRANCINE
PL 371/2020,2,2142,ADRIANA RAMALHO
PL 372/2020,1,1487,RICARDO TEIXEIRA
PL 373/2020,1,2185,CELSO GIANNAZI
PL 374/2020,1,2151,ZÉ TURIN
PL 375/2020,1,1633,SOUZA SANTOS
PL 376/2020,1,2000,ALESSANDRO GUEDES
PL 377/2020,1,1316,NOEMI NONATO
PL 378/2020,1,1996,EDUARDO TUMA
PL 378/2020,2,2153,RODRIGO GOULART
PL 379/2020,1,160,EDUARDO MATARAZZO SUPLICY
PL 379/2020,2,776,ELISEU GABRIEL
PL 379/2020,3,936,NABIL BONDUKI
PL 379/2020,4,1326,QUITO FORMIGA
PL 379/2020,5,1999,PROFESSOR TONINHO VESPOLI
PL 379/2020,6,2001,JAIR TATTO
PL 379/2020,7,2144,FABIO RIVA
PL 379/2020,8,2207,ERIKA HILTON
PL 379/2020,9,2219,MARCELO MESSIAS
PL 379/2020,10,2224,SANDRA SANTANA
PL 379/2020,11,2254,LUNA ZARATTINI
PL 380/2020,1,1326,QUITO FORMIGA
PL 380/2020,2,2153,RODRIGO GOULART
PL 381/2020,1,1633,SOUZA SANTOS
PL 382/2020,1,1633,SOUZA SANTOS
PL 383/2020,1,2000,ALESSANDRO GUEDES
PL 384/2020,1,1296,ADILSON AMADEU
PL 384/2020,2,2219,MARCELO MESSIAS
PL 385/2020,1,1999,PROFESSOR TONINHO VESPOLI
PL 386/2020,1,2142,ADRIANA RAMALHO
PL 387/2020,1,1996,EDUARDO TUMA
PL 388/2020,1,1487,RICARDO TEIXEIRA
PL 389/2020,1,1487,RICARDO TEIXEIRA
PL 390/2020,1,2185,CELSO GIANNAZI
PL 391/2020,1,224,AURÉLIO NOMURA
PL 391/2020,2,2153,RODRIGO GOULART
PL 392/2020,1,273,MILTON LEITE
PL 392/2020,2,1996,EDUARDO TUMA
PL 392/2020,3,2145,FERNANDO HOLIDAY
PL 392/2020,4,2153,RODRIGO GOULART
PL 392/2020,5,2155,JANAÍNA LIMA
PL 392/2020,6,2156,CAIO MIRANDA CARNEIRO
PL 393/2020,1,1634,JULIANA CARDOSO
PL 394/2020,1,1634,JULIANA CARDOSO
PL 395/2020,1,1634,JULIANA CARDOSO
PL 395/2020,2,1999,PROFESSOR TONINHO VESPOLI
PL 395/2020,3,2207,ERIKA HILTON
PL 396/2020,1,1634,JULIANA CARDOSO
PL 397/2020,1,1487,RICARDO TEIXEIRA
PL 398/2020,1,1633,SOUZA SANTOS
PL 399/2020,1,1633,SOUZA SANTOS
PL 400/2020,1,224,AURÉLIO NOMURA
PL 401/2020,1,1633,SOUZA SANTOS
PL 402/2020,1,1633,SOUZA SANTOS
PL 403/2020,1,1633,SOUZA SANTOS
PL 404/2020,1,1633,SOUZA SANTOS
PL 405/2020,1,1633,SOUZA SANTOS
PL 406/2020,1,1633,SOUZA SANTOS
PL 407/2020,1,2149,DANIEL ANNENBERG
PL 408/2020,1,1305,POLICE
PL 408/2020,2,2224,SANDRA SANTANA
PL 409/2020,1,1305,POLICE
PL 410/2020,1,224,AURÉLIO NOMURA
PL 410/2020,2,676,ATÍLIO FRANCISCO
PL 410/2020,3,696,CARLOS BEZERRA JR.
PL 410/2020,4,776,ELISEU GABRIEL
PL 410/2020,5,796,GILBERTO NATALINI
PL 410/2020,6,1316,NOEMI NONATO
PL 410/2020,7,1633,SOUZA SANTOS
PL 410/2020,8,1635,DRA. SANDRA TADEU
PL 410/2020,9,1647,EDIR SALES
PL 410/2020,10,1947,REIS
PL 410/2020,11,1990,RICARDO NUNES
PL 410/2020,12,1996,EDUARDO TUMA
PL 410/2020,13,1998,PATRÍCIA BEZERRA
PL 410/2020,14,2144,FABIO RIVA
PL 410/2020,15,2145,FERNANDO HOLIDAY
PL 410/2020,16,2146,GILBERTO NASCIMENTO
PL 410/2020,17,2147,ISAC FÉLIX
PL 410/2020,18,2150,ANDRÉ SANTOS
PL 410/2020,19,2151,ZÉ TURIN
PL 410/2020,20,2152,RINALDI DIGILIO
PL 410/2020,21,2153,RODRIGO GOULART
PL 410/2020,22,2154,CAMILO CRISTÓFARO
PL 410/2020,23,2159,RUTE COSTA
PL 410/2020,24,2160,JOÃO JORGE
PL 410/2020,25,2210,ELY TERUEL
PL 410/2020,26,2215,MARLON LUZ
PL 410/2020,27,2216,SONAIRA FERNANDES
PL 410/2020,28,2217,SANSÃO PEREIRA
PL 410/2020,29,2218,THAMMY MIRANDA
PL 410/2020,30,2219,MARCELO MESSIAS
PL 410/2020,31,2220,DELEGADO PALUMBO
PL 410/2020,32,2223,FELIPE BECARI
PL 410/2020,33,2224,SANDRA SANTANA
PL 411/2020,1,1999,PROFESSOR TONINHO VESPOLI
PL 411/2020,2,2153,RODRIGO GOULART
PL 411/2020,3,2218,THAMMY MIRANDA
PL 411/2020,4,2243,DR. ADRIANO SANTOS
PL 412/2020,1,1930,OTA
PL 413/2020,1,1930,OTA
PL 414/2020,1,1930,OTA
PL 415/2020,1,155,ARSELINO TATTO
PL 415/2020,2,160,EDUARDO MATARAZZO SUPLICY
PL 415/2020,3,1311,ANTONIO DONATO
PL 415/2020,4,1349,SENIVAL MOURA
PL 415/2020,5,1447,ALFREDINHO
PL 415/2020,6,1634,JULIANA CARDOSO
PL 415/2020,7,1947,REIS
PL 415/2020,8,2000,ALESSANDRO GUEDES
PL 415/2020,9,2001,JAIR TATTO
PL 416/2020,1,1319,SONINHA FRANCINE
PL 417/2020,1,1635,DRA. SANDRA TADEU
PL 418/2020,1,1633,SOUZA SANTOS
PL 419/2020,1,1633,SOUZA SANTOS
PL 420/2020,1,1633,SOUZA SANTOS
PL 421/2020,1,2151,ZÉ TURIN
PL 422/2020,1,2154,CAMILO CRISTÓFARO
PL 423/2020,1,2144,FABIO RIVA
PL 423/2020,2,2150,ANDRÉ SANTOS
PL 423/2020,3,2151,ZÉ TURIN
PL 423/2020,4,2152,RINALDI DIGILIO
PL 423/2020,5,2155,JANAÍNA LIMA
PL 423/2020,6,2217,SANSÃO PEREIRA
PL 424/2020,1,1996,EDUARDO TUMA
PL 424/2020,2,2152,RINALDI DIGILIO
PL 425/2020,1,1996,EDUARDO TUMA
PL 425/2020,2,2146,GILBERTO NASCIMENTO
PL 425/2020,3,2152,RINALDI DIGILIO
PL 425/2020,4,2155,JANAÍNA LIMA
PL 426/2020,1,2159,RUTE COSTA
PL 427/2020,1,2153,RODRIGO GOULART
PL 428/2020,1,1635,DRA. SANDRA TADEU
PL 429/2020,1,1999,PROFESSOR TONINHO VESPOLI
PL 430/2020,1,1635,DRA. SANDRA TADEU
PL 431/2020,1,1635,DRA. SANDRA TADEU
PL 432/2020,1,187,GILSON BARRETO
PL 433/2020,1,187,GILSON BARRETO
PL 434/2020,1,1947,REIS
PL 435/2020,1,1647,EDIR SALES
PL 435/2020,2,2281,SIMONE GANEM
PL 436/2020,1,1634,JULIANA CARDOSO
PL 436/2020,2,2254,LUNA ZARATTINI
PL 437/2020,1,160,EDUARDO MATARAZZO SUPLICY
PL 437/2020,2,1999,PROFESSOR TONINHO VESPOLI
PL 437/2020,3,2149,DANIEL ANNENBERG
PL 438/2020,1,224,AURÉLIO NOMURA
PL 439/2020,1,224,AURÉLIO NOMURA
PL 440/2020,1,1487,RICARDO TEIXEIRA
PL 441/2020,1,1311,ANTONIO DONATO
PL 442/2020,1,1999,PROFESSOR TONINHO VESPOLI
PL 443/2020,1,1999,PROFESSOR TONINHO VESPOLI
PL 444/2020,1,2147,ISAC FÉLIX
PL 445/2020,1,2147,ISAC FÉLIX
PL 446/2020,1,776,ELISEU GABRIEL
PL 447/2020,1,896,CLAUDIO FONSECA
PL 448/2020,1,273,MILTON LEITE
PL 448/2020,2,1487,RICARDO TEIXEIRA
PL 451/2020,1,1300,CLAUDINHO DE SOUZA
PL 452/2020,1,2169,BRUNO COVAS
PL 453/2020,1,2146,GILBERTO NASCIMENTO
PL 454/2020,1,2153,RODRIGO GOULART
PL 455/2020,1,2159,RUTE COSTA
PL 456/2020,1,1996,EDUARDO TUMA
PL 456/2020,2,2152,RINALDI DIGILIO
PL 456/2020,3,2153,RODRIGO GOULART
PL 457/2020,1,160,EDUARDO MATARAZZO SUPLICY
PL 457/2020,2,1447,ALFREDINHO
PL 457/2020,3,2149,DANIEL ANNENBERG
PL 458/2020,1,1319,SONINHA FRANCINE
PL 459/2020,1,273,MILTON LEITE
PL 459/2020,2,2153,RODRIGO GOULART
PL 459/2020,3,2156,CAIO MIRANDA CARNEIRO
PL 460/2020,1,2151,ZÉ TURIN
PL 460/2020,2,2152,RINALDI DIGILIO
PL 461/2020,1,1647,EDIR SALES
PL 462/2020,1,1996,EDUARDO TUMA
PL 462/2020,2,2152,RINALDI DIGILIO
PL 463/2020,1,2152,RINALDI DIGILIO
PL 464/2020,1,273,MILTON LEITE
PL 464/2020,2,1647,EDIR SALES
PL 464/2020,3,2153,RODRIGO GOULART
PL 464/2020,4,2154,CAMILO CRISTÓFARO
PL 464/2020,5,2213,FARIA DE SÁ
PL 466/2020,1,1311,ANTONIO DONATO
PL 467/2020,1,2185,CELSO GIANNAZI
PL 468/2020,1,273,MILTON LEITE
PL 468/2020,2,2149,DANIEL ANNENBERG
PL 469/2020,1,2146,GILBERTO NASCIMENTO
PL 470/2020,1,2146,GILBERTO NASCIMENTO
PL 471/2020,1,1311,ANTONIO DONATO
PL 472/2020,1,187,GILSON BARRETO
PL 472/2020,2,1647,EDIR SALES
PL 473/2020,1,1999,PROFESSOR TONINHO VESPOLI
PL 474/2020,1,2151,ZÉ TURIN
PL 475/2020,1,1647,EDIR SALES
PL 476/2020,1,224,AURÉLIO NOMURA
PL 476/2020,2,796,GILBERTO NATALINI
PL 476/2020,3,1999,PROFESSOR TONINHO VESPOLI
PL 477/2020,1,1633,SOUZA SANTOS
PL 478/2020,1,268,DALTON SILVANO
PL 479/2020,1,1635,DRA. SANDRA TADEU
PL 480/2020,1,2145,FERNANDO HOLIDAY
PL 481/2020,1,2145,FERNANDO HOLIDAY
PL 482/2020,1,2155,JANAÍNA LIMA
PL 483/2020,1,314,MISSIONÁRIO JOSÉ OLÍMPIO
PL 483/2020,2,1487,RICARDO TEIXEIRA
PL 484/2020,1,2155,JANAÍNA LIMA
PL 484/2020,2,2203,RODRIGO FONSECA
PL 485/2020,1,2185,CELSO GIANNAZI
PL 486/2020,1,2147,ISAC FÉLIX
PL 487/2020,1,896,CLAUDIO FONSECA
PL 487/2020,2,1932,MARIO COVAS NETO
PL 488/2020,1,1647,EDIR SALES
PL 489/2020,1,1647,EDIR SALES
PL 490/2020,1,2185,CELSO GIANNAZI
PL 491/2020,1,1999,PROFESSOR TONINHO VESPOLI
PL 492/2020,1,1296,ADILSON AMADEU
PL 493/2020,1,776,ELISEU GABRIEL
PL 494/2020,1,2185,CELSO GIANNAZI
PL 495/2020,1,2147,ISAC FÉLIX
PL 496/2020,1,1930,OTA
PL 497/2020,1,1930,OTA
PL 498/2020,1,187,GILSON BARRETO
PL 499/2020,1,2185,CELSO GIANNAZI
PL 500/2020,1,1996,EDUARDO TUMA
PL 500/2020,2,2152,RINALDI DIGILIO
PL 500/2020,3,2153,RODRIGO GOULART
PL 501/2020,1,1487,RICARDO TEIXEIRA
PL 502/2020,1,273,MILTON LEITE
PL 503/2020,1,155,ARSELINO TATTO
PL 503/2020,2,2001,JAIR TATTO
PL 504/2020,1,1932,MARIO COVAS NETO
PL 505/2020,1,1647,EDIR SALES
PL 506/2020,1,155,ARSELINO TATTO
PL 507/2020,1,776,ELISEU GABRIEL
PL 508/2020,1,2185,CELSO GIANNAZI
PL 509/2020,1,2142,ADRIANA RAMALHO
PL 510/2020,1,224,AURÉLIO NOMURA
PL 511/2020,1,2150,ANDRÉ SANTOS
PL 512/2020,1,2150,ANDRÉ SANTOS
PL 513/2020,1,1996,EDUARDO TUMA
PL 514/2020,1,268,DALTON SILVANO
PL 515/2020,1,2152,RINALDI DIGILIO
PL 516/2020,1,2152,RINALDI DIGILIO
PL 517/2020,1,187,GILSON BARRETO
PL 517/2020,2,1635,DRA. SANDRA TADEU
PL 518/2020,1,1311,ANTONIO DONATO
PL 518/2020,2,2219,MARCELO MESSIAS
PL 519/2020,1,1311,ANTONIO DONATO
PL 519/2020,2,2254,LUNA ZARATTINI
PL 521/2020,1,776,ELISEU GABRIEL
PL 521/2020,2,2149,DANIEL ANNENBERG
PL 522/2020,1,1319,SONINHA FRANCINE
PL 522/2020,2,2145,FERNANDO HOLIDAY
PL 522/2020,3,2149,DANIEL ANNENBERG
PL 522/2020,4,2153,RODRIGO GOULART
PL 522/2020,5,2155,JANAÍNA LIMA
PL 523/2020,1,1999,PROFESSOR TONINHO VESPOLI
PL 523/2020,2,2152,RINALDI DIGILIO
PL 523/2020,3,2159,RUTE COSTA
PL 523/2020,4,2213,FARIA DE SÁ
PL 523/2020,5,2218,THAMMY MIRANDA
PL 523/2020,6,2219,MARCELO MESSIAS
PL 523/2020,7,2224,SANDRA SANTANA
PL 524/2020,1,676,ATÍLIO FRANCISCO
PL 525/2020,1,1647,EDIR SALES
PL 526/2020,1,1647,EDIR SALES
PL 527/2020,1,224,AURÉLIO NOMURA
PL 528/2020,1,273,MILTON LEITE
PL 528/2020,2,1932,MARIO COVAS NETO
PL 529/2020,1,220,TONINHO PAIVA
PL 529/2020,2,2147,ISAC FÉLIX
PL 530/2020,1,224,AURÉLIO NOMURA
PL 530/2020,2,796,GILBERTO NATALINI
PL 530/2020,3,2222,CRIS MONTEIRO
PL 531/2020,1,1487,RICARDO TEIXEIRA
PL 531/2020,2,2144,FABIO RIVA
PL 532/2020,1,1634,JULIANA CARDOSO
PL 533/2020,1,155,ARSELINO TATTO
PL 533/2020,2,187,GILSON BARRETO
PL 533/2020,3,273,MILTON LEITE
PL 533/2020,4,676,ATÍLIO FRANCISCO
PL 533/2020,5,776,ELISEU GABRIEL
PL 533/2020,6,1296,ADILSON AMADEU
PL 533/2020,7,1311,ANTONIO DONATO
PL 533/2020,8,1447,ALFREDINHO
PL 533/2020,9,1487,RICARDO TEIXEIRA
PL 533/2020,10,1634,JULIANA CARDOSO
PL 533/2020,11,1635,DRA. SANDRA TADEU
PL 533/2020,12,1636,DR. MILTON FERREIRA
PL 533/2020,13,1647,EDIR SALES
PL 533/2020,14,1989,GEORGE HATO
PL 533/2020,15,1999,PROFESSOR TONINHO VESPOLI
PL 533/2020,16,2000,ALESSANDRO GUEDES
PL 533/2020,17,2001,JAIR TATTO
PL 533/2020,18,2144,FABIO RIVA
PL 533/2020,19,2147,ISAC FÉLIX
PL 533/2020,20,2153,RODRIGO GOULART
PL 533/2020,21,2209,DANILO DO POSTO DE SAÚDE
PL 533/2020,22,2211,SIDNEY CRUZ
PL 533/2020,23,2213,FARIA DE SÁ
PL 533/2020,24,2215,MARLON LUZ
PL 533/2020,25,2217,SANSÃO PEREIRA
PL 533/2020,26,2219,MARCELO MESSIAS
PL 533/2020,27,2221,ELI CORRÊA
PL 533/2020,28,2223,FELIPE BECARI
PL 534/2020,1,1633,SOUZA SANTOS
PL 535/2020,1,2146,GILBERTO NASCIMENTO
PL 536/2020,1,160,EDUARDO MATARAZZO SUPLICY
PL 536/2020,2,1999,PROFESSOR TONINHO VESPOLI
PL 536/2020,3,2149,DANIEL ANNENBERG
PL 537/2020,1,187,GILSON BARRETO
PL 537/2020,2,224,AURÉLIO NOMURA
PL 537/2020,3,1300,CLAUDINHO DE SOUZA
PL 537/2020,4,1319,SONINHA FRANCINE
PL 537/2020,5,1326,QUITO FORMIGA
PL 537/2020,6,1635,DRA. SANDRA TADEU
PL 537/2020,7,1996,EDUARDO TUMA
PL 537/2020,8,1998,PATRÍCIA BEZERRA
PL 537/2020,9,2142,ADRIANA RAMALHO
PL 537/2020,10,2147,ISAC FÉLIX
PL 537/2020,11,2149,DANIEL ANNENBERG
PL 537/2020,12,2156,CAIO MIRANDA CARNEIRO
PL 537/2020,13,2158,XEXÉU TRIPOLI
PL 537/2020,14,2159,RUTE COSTA
PL 537/2020,15,2224,SANDRA SANTANA
PL 538/2020,1,2146,GILBERTO NASCIMENTO
PL 539/2020,1,2146,GILBERTO NASCIMENTO
PL 540/2020,1,224,AURÉLIO NOMURA
PL 540/2020,2,2214,RUBINHO NUNES
PL 541/2020,1,1311,ANTONIO DONATO
PL 542/2020,1,1311,ANTONIO DONATO
PL 543/2020,1,1635,DRA. SANDRA TADEU
PL 543/2020,2,1647,EDIR SALES
PL 543/2020,3,2144,FABIO RIVA
PL 543/2020,4,2153,RODRIGO GOULART
PL 543/2020,5,2159,RUTE COSTA
PL 543/2020,6,2219,MARCELO MESSIAS
PL 543/2020,7,2250,CORONEL SALLES
PL 544/2020,1,2152,RINALDI DIGILIO
PL 545/2020,1,2159,RUTE COSTA
PL 546/2020,1,1487,RICARDO TEIXEIRA
PL 546/2020,2,1635,DRA. SANDRA TADEU
PL 546/2020,3,1647,EDIR SALES
PL 546/2020,4,2210,ELY TERUEL
PL 546/2020,5,2216,SONAIRA FERNANDES
PL 546/2020,6,2223,FELIPE BECARI
PL 547/2020,1,1633,SOUZA SANTOS
PL 548/2020,1,1634,JULIANA CARDOSO
PL 548/2020,2,2254,LUNA ZARATTINI
PL 549/2020,1,2146,GILBERTO NASCIMENTO
PL 550/2020,1,2147,ISAC FÉLIX
PL 551/2020,1,1634,JULIANA CARDOSO
PL 551/2020,2,2254,LUNA ZARATTINI
PL 552/2020,1,1633,SOUZA SANTOS
PL 553/2020,1,1296,ADILSON AMADEU
PL 554/2020,1,696,CARLOS BEZERRA JR.
PL 554/2020,2,2146,GILBERTO NASCIMENTO
PL 554/2020,3,2152,RINALDI DIGILIO
PL 554/2020,4,2213,FARIA DE SÁ
PL 555/2020,1,2152,RINALDI DIGILIO
PL 556/2020,1,2152,RINALDI DIGILIO
PL 557/2020,1,1296,ADILSON AMADEU
PL 557/2020,2,2154,CAMILO CRISTÓFARO
PL 558/2020,1,2145,FERNANDO HOLIDAY
PL 559/2020,1,1932,MARIO COVAS NETO
PL 560/2020,1,1932,MARIO COVAS NETO
PL 561/2020,1,1647,EDIR SALES
PL 562/2020,1,1932,MARIO COVAS NETO
PL 563/2020,1,220,TONINHO PAIVA
PL 564/2020,1,220,TONINHO PAIVA
PL 564/2020,2,676,ATÍLIO FRANCISCO
PL 564/2020,3,756,CELSO JATENE
PL 564/2020,4,896,CLAUDIO FONSECA
PL 564/2020,5,1296,ADILSON AMADEU
PL 564/2020,6,1305,POLICE
PL 564/2020,7,1349,SENIVAL MOURA
PL 564/2020,8,1447,ALFREDINHO
PL 564/2020,9,1634,JULIANA CARDOSO
PL 564/2020,10,1635,DRA. SANDRA TADEU
PL 564/2020,11,1996,EDUARDO TUMA
PL 564/2020,12,2000,ALESSANDRO GUEDES
PL 564/2020,13,2144,FABIO RIVA
PL 564/2020,14,2146,GILBERTO NASCIMENTO
PL 564/2020,15,2151,ZÉ TURIN
PL 564/2020,16,2152,RINALDI DIGILIO
PL 564/2020,17,2153,RODRIGO GOULART
PL 564/2020,18,2158,XEXÉU TRIPOLI
PL 564/2020,19,2160,JOÃO JORGE
PL 564/2020,20,2185,CELSO GIANNAZI
PL 565/2020,1,1647,EDIR SALES
PL 566/2020,1,1647,EDIR SALES
PL 567/2020,1,1296,ADILSON AMADEU
PL 567/2020,2,2131,RODOLFO DESPACHANTE
PL 568/2020,1,776,ELISEU GABRIEL
PL 569/2020,1,1487,RICARDO TEIXEIRA
PL 570/2020,1,1487,RICARDO TEIXEIRA
PL 570/2020,2,2214,RUBINHO NUNES
PL 570/2020,3,2268,AMANDA VETTORAZZO
PL 571/2020,1,1487,RICARDO TEIXEIRA
PL 571/2020,2,1647,EDIR SALES
PL 572/2020,1,1487,RICARDO TEIXEIRA
PL 573/2020,1,1349,SENIVAL MOURA
PL 573/2020,2,1447,ALFREDINHO
PL 574/2020,1,224,AURÉLIO NOMURA
PL 575/2020,1,1930,OTA
PL 576/2020,1,187,GILSON BARRETO
PL 576/2020,2,2146,GILBERTO NASCIMENTO
PL 576/2020,3,2219,MARCELO MESSIAS
PL 577/2020,1,776,ELISEU GABRIEL
PL 578/2020,1,2185,CELSO GIANNAZI
PL 579/2020,1,776,ELISEU GABRIEL
PL 580/2020,1,2147,ISAC FÉLIX
PL 580/2020,2,2278,KEIT LIMA
PL 581/2020,1,1296,ADILSON AMADEU
PL 581/2020,2,1996,EDUARDO TUMA
PL 581/2020,3,2152,RINALDI DIGILIO
PL 582/2020,1,1635,DRA. SANDRA TADEU
PL 583/2020,1,2169,BRUNO COVAS
PL 584/2020,1,2145,FERNANDO HOLIDAY
PL 585/2020,1,1633,SOUZA SANTOS
PL 586/2020,1,1316,NOEMI NONATO
PL 587/2020,1,1633,SOUZA SANTOS
PL 588/2020,1,1633,SOUZA SANTOS
PL 589/2020,1,1633,SOUZA SANTOS
PL 590/2020,1,1633,SOUZA SANTOS
PL 591/2020,1,1633,SOUZA SANTOS
PL 592/2020,1,2149,DANIEL ANNENBERG
PL 593/2020,1,1326,QUITO FORMIGA
PL 594/2020,1,2155,JANAÍNA LIMA
PL 595/2020,1,1311,ANTONIO DONATO
PL 596/2020,1,1635,DRA. SANDRA TADEU
PL 597/2020,1,57,COMISSÃO DE FINANÇAS E ORÇAMENTO
PL 598/2020,1,2185,CELSO GIANNAZI
PL 599/2020,1,2159,RUTE COSTA
PL 600/2020,1,2147,ISAC FÉLIX
PL 601/2020,1,2145,FERNANDO HOLIDAY
PL 602/2020,1,2145,FERNANDO HOLIDAY
PL 602/2020,2,2222,CRIS MONTEIRO
PL 603/2020,1,160,EDUARDO MATARAZZO SUPLICY
PL 603/2020,2,2146,GILBERTO NASCIMENTO
PL 603/2020,3,2149,DANIEL ANNENBERG
PL 604/2020,1,2146,GILBERTO NASCIMENTO
PL 606/2020,1,1487,RICARDO TEIXEIRA
PL 607/2020,1,1633,SOUZA SANTOS
PL 608/2020,1,776,ELISEU GABRIEL
PL 609/2020,1,1487,RICARDO TEIXEIRA
PL 610/2020,1,2159,RUTE COSTA
PL 611/2020,1,1633,SOUZA SANTOS
PL 612/2020,1,776,ELISEU GABRIEL
PL 613/2020,1,776,ELISEU GABRIEL
PL 614/2020,1,1947,REIS
PL 614/2020,2,2255,JOÃO ANANIAS
PL 615/2020,1,1947,REIS
PL 615/2020,2,2255,JOÃO ANANIAS
PL 616/2020,1,1647,EDIR SALES
PL 617/2020,1,1996,EDUARDO TUMA
PL 617/2020,2,2147,ISAC FÉLIX
PL 617/2020,3,2152,RINALDI DIGILIO
PL 618/2020,1,187,GILSON BARRETO
PL 618/2020,2,676,ATÍLIO FRANCISCO
PL 618/2020,3,2147,ISAC FÉLIX
PL 618/2020,4,2150,ANDRÉ SANTOS
PL 618/2020,5,2210,ELY TERUEL
PL 618/2020,6,2211,SIDNEY CRUZ
PL 618/2020,7,2213,FARIA DE SÁ
PL 618/2020,8,2216,SONAIRA FERNANDES
PL 618/2020,9,2218,THAMMY MIRANDA
PL 618/2020,10,2223,FELIPE BECARI
PL 618/2020,11,2228,RENATA FALZONI
PL 619/2020,1,1996,EDUARDO TUMA
PL 619/2020,2,2146,GILBERTO NASCIMENTO
PL 619/2020,3,2152,RINALDI DIGILIO
PL 620/2020,1,1996,EDUARDO TUMA
PL 620/2020,2,2152,RINALDI DIGILIO
PL 620/2020,3,2221,ELI CORRÊA
PL 621/2020,1,2145,FERNANDO HOLIDAY
PL 621/2020,2,2215,MARLON LUZ
PL 622/2020,1,2145,FERNANDO HOLIDAY
PL 623/2020,1,1996,EDUARDO TUMA
PL 624/2020,1,2154,CAMILO CRISTÓFARO
PL 625/2020,1,2154,CAMILO CRISTÓFARO
PL 626/2020,1,1326,QUITO FORMIGA
PL 627/2020,1,1316,NOEMI NONATO
PL 628/2020,1,776,ELISEU GABRIEL
PL 629/2020,1,2146,GILBERTO NASCIMENTO
PL 630/2020,1,1999,PROFESSOR TONINHO VESPOLI
PL 631/2020,1,1996,EDUARDO TUMA
PL 632/2020,1,1487,RICARDO TEIXEIRA
PL 633/2020,1,267,PAULO FRANGE
PL 634/2020,1,160,EDUARDO MATARAZZO SUPLICY
PL 634/2020,2,1999,PROFESSOR TONINHO VESPOLI
PL 634/2020,3,2149,DANIEL ANNENBERG
PL 635/2020,1,224,AURÉLIO NOMURA
PL 636/2020,1,1635,DRA. SANDRA TADEU
PL 636/2020,2,1996,EDUARDO TUMA
PL 636/2020,3,2153,RODRIGO GOULART
PL 636/2020,4,2215,MARLON LUZ
PL 636/2020,5,2220,DELEGADO PALUMBO
PL 637/2020,1,2160,JOÃO JORGE
PL 638/2020,1,1932,MARIO COVAS NETO
PL 639/2020,1,224,AURÉLIO NOMURA
PL 640/2020,1,224,AURÉLIO NOMURA
PL 641/2020,1,1636,DR. MILTON FERREIRA
PL 642/2020,1,224,AURÉLIO NOMURA
PL 642/2020,2,1319,SONINHA FRANCINE
PL 642/2020,3,2149,DANIEL ANNENBERG
PL 642/2020,4,2152,RINALDI DIGILIO
PL 642/2020,5,2153,RODRIGO GOULART
PL 642/2020,6,2156,CAIO MIRANDA CARNEIRO
PL 642/2020,7,2158,XEXÉU TRIPOLI
PL 642/2020,8,2208,ELAINE DO QUILOMBO PERIFÉRICO
PL 642/2020,9,2254,LUNA ZARATTINI
PL 643/2020,1,2169,BRUNO COVAS
PL 644/2020,1,1633,SOUZA SANTOS
PL 645/2020,1,776,ELISEU GABRIEL
PL 646/2020,1,776,ELISEU GABRIEL
PL 647/2020,1,1635,DRA. SANDRA TADEU
PL 647/2020,2,2000,ALESSANDRO GUEDES
PL 648/2020,1,2000,ALESSANDRO GUEDES
PL 649/2020,1,2154,CAMILO CRISTÓFARO
PL 650/2020,1,160,EDUARDO MATARAZZO SUPLICY
PL 650/2020,2,187,GILSON BARRETO
PL 650/2020,3,2000,ALESSANDRO GUEDES
PL 650/2020,4,2208,ELAINE DO QUILOMBO PERIFÉRICO
PL 650/2020,5,2254,LUNA ZARATTINI
PL 651/2020,1,187,GILSON BARRETO
PL 652/2020,1,1487,RICARDO TEIXEIRA
PL 653/2020,1,2149,DANIEL ANNENBERG
PL 654/2020,1,224,AURÉLIO NOMURA
PL 654/2020,2,796,GILBERTO NATALINI
PL 654/2020,3,1296,ADILSON AMADEU
PL 655/2020,1,187,GILSON BARRETO
PL 655/2020,2,1635,DRA. SANDRA TADEU
PL 655/2020,3,2210,ELY TERUEL
PL 655/2020,4,2219,MARCELO MESSIAS
PL 656/2020,1,1635,DRA. SANDRA TADEU
PL 656/2020,2,2219,MARCELO MESSIAS
PL 657/2020,1,2185,CELSO GIANNAZI
PL 658/2020,1,224,AURÉLIO NOMURA
PL 659/2020,1,155,ARSELINO TATTO
PL 660/2020,1,2145,FERNANDO HOLIDAY
PL 660/2020,2,2203,RODRIGO FONSECA
PL 660/2020,3,2214,RUBINHO NUNES
PL 660/2020,4,2222,CRIS MONTEIRO
PL 661/2020,1,2152,RINALDI DIGILIO
PL 662/2020,1,2147,ISAC FÉLIX
PL 662/2020,2,2150,ANDRÉ SANTOS
PL 663/2020,1,2147,ISAC FÉLIX
PL 664/2020,1,2147,ISAC FÉLIX
PL 664/2020,2,2153,RODRIGO GOULART
PL 664/2020,3,2224,SANDRA SANTANA
PL 665/2020,1,1999,PROFESSOR TONINHO VESPOLI
PL 665/2020,2,2152,RINALDI DIGILIO
PL 665/2020,3,2154,CAMILO CRISTÓFARO
PL 665/2020,4,2224,SANDRA SANTANA
PL 666/2020,1,1635,DRA. SANDRA TADEU
PL 667/2020,1,1996,EDUARDO TUMA
PL 667/2020,2,2152,RINALDI DIGILIO
PL 667/2020,3,2219,MARCELO MESSIAS
PL 667/2020,4,2273,DR. MURILLO LIMA
PL 668/2020,1,224,AURÉLIO NOMURA
PL 668/2020,2,1635,DRA. SANDRA TADEU
PL 668/2020,3,1996,EDUARDO TUMA
PL 668/2020,4,2159,RUTE COSTA
PL 668/2020,5,2219,MARCELO MESSIAS
PL 668/2020,6,2220,DELEGADO PALUMBO
PL 669/2020,1,1996,EDUARDO TUMA
PL 669/2020,2,2219,MARCELO MESSIAS
PL 670/2020,1,2159,RUTE COSTA
PL 671/2020,1,1326,QUITO FORMIGA
PL 672/2020,1,1326,QUITO FORMIGA
PL 673/2020,1,1326,QUITO FORMIGA
PL 674/2020,1,187,GILSON BARRETO
PL 674/2020,2,1647,EDIR SALES
PL 675/2020,1,1635,DRA. SANDRA TADEU
PL 676/2020,1,1635,DRA. SANDRA TADEU
PL 677/2020,1,1634,JULIANA CARDOSO
PL 678/2020,1,1635,DRA. SANDRA TADEU
PL 679/2020,1,2153,RODRIGO GOULART
PL 679/2020,2,2213,FARIA DE SÁ
PL 680/2020,1,2151,ZÉ TURIN
PL 680/2020,2,2152,RINALDI DIGILIO
PL 681/2020,1,896,CLAUDIO FONSECA
PL 682/2020,1,2169,BRUNO COVAS
PL 683/2020,1,2147,ISAC FÉLIX
PL 684/2020,1,776,ELISEU GABRIEL
PL 684/2020,2,2144,FABIO RIVA
PL 684/2020,3,2150,ANDRÉ SANTOS
PL 684/2020,4,2153,RODRIGO GOULART
PL 684/2020,5,2210,ELY TERUEL
PL 684/2020,6,2223,FELIPE BECARI
PL 685/2020,1,1999,PROFESSOR TONINHO VESPOLI
PL 685/2020,2,2146,GILBERTO NASCIMENTO
PL 685/2020,3,2154,CAMILO CRISTÓFARO
PL 686/2020,1,1326,QUITO FORMIGA
PL 687/2020,1,2145,FERNANDO HOLIDAY
PL 687/2020,2,2203,RODRIGO FONSECA
PL 688/2020,1,2151,ZÉ TURIN
PL 688/2020,2,2152,RINALDI DIGILIO
PL 688/2020,3,2153,RODRIGO GOULART
PL 688/2020,4,2219,MARCELO MESSIAS
PL 689/2020,1,1305,POLICE
PL 690/2020,1,187,GILSON BARRETO
PL 691/2020,1,1635,DRA. SANDRA TADEU
PL 691/2020,2,2147,ISAC FÉLIX
PL 691/2020,3,2153,RODRIGO GOULART
PL 691/2020,4,2219,MARCELO MESSIAS
PL 691/2020,5,2223,FELIPE BECARI
PL 692/2020,1,696,CARLOS BEZERRA JR.
PL 692/2020,2,1635,DRA. SANDRA TADEU
PL 692/2020,3,2150,ANDRÉ SANTOS
PL 692/2020,4,2218,THAMMY MIRANDA
PL 692/2020,5,2223,FELIPE BECARI
PL 692/2020,6,2271,ANA CAROLINA OLIVEIRA
PL 692/2020,7,2276,SILVÃO LEITE
PL 692/2020,8,2279,SILVINHO LEITE
PL 693/2020,1,2185,CELSO GIANNAZI
PL 694/2020,1,2185,CELSO GIANNAZI
PL 695/2020,1,155,ARSELINO TATTO
PL 696/2020,1,1999,PROFESSOR TONINHO VESPOLI
PL 697/2020,1,1930,OTA
PL 698/2020,1,1930,OTA
PL 700/2020,1,2152,RINALDI DIGILIO
PL 701/2020,1,2152,RINALDI DIGILIO
PL 702/2020,1,1316,NOEMI NONATO
PL 703/2020,1,224,AURÉLIO NOMURA
PL 703/2020,2,1989,GEORGE HATO
PL 703/2020,3,2149,DANIEL ANNENBERG
PL 703/2020,4,2180,MANOEL DEL RIO
PL 703/2020,5,2246,MAJOR PALUMBO
PL 703/2020,6,2256,HÉLIO RODRIGUES
PL 703/2020,7,2268,AMANDA VETTORAZZO
PL 704/2020,1,155,ARSELINO TATTO
PL 705/2020,1,187,GILSON BARRETO
PL 705/2020,2,224,AURÉLIO NOMURA
PL 705/2020,3,676,ATÍLIO FRANCISCO
PL 705/2020,4,1647,EDIR SALES
PL 705/2020,5,1999,PROFESSOR TONINHO VESPOLI
PL 705/2020,6,2001,JAIR TATTO
PL 705/2020,7,2153,RODRIGO GOULART
PL 705/2020,8,2205,LUANA ALVES
PL 705/2020,9,2210,ELY TERUEL
PL 705/2020,10,2214,RUBINHO NUNES
PL 705/2020,11,2219,MARCELO MESSIAS
PL 705/2020,12,2220,DELEGADO PALUMBO
PL 705/2020,13,2222,CRIS MONTEIRO
PL 706/2020,1,1300,CLAUDINHO DE SOUZA
PL 707/2020,1,220,TONINHO PAIVA
PL 707/2020,2,1296,ADILSON AMADEU
PL 708/2020,1,220,TONINHO PAIVA
PL 709/2020,1,2146,GILBERTO NASCIMENTO
PL 710/2020,1,155,ARSELINO TATTO
PL 711/2020,1,2185,CELSO GIANNAZI
PL 711/2020,2,2208,ELAINE DO QUILOMBO PERIFÉRICO
PL 712/2020,1,2169,BRUNO COVAS
PL 713/2020,1,1996,EDUARDO TUMA
PL 713/2020,2,2152,RINALDI DIGILIO
PL 714/2020,1,1996,EDUARDO TUMA
PL 715/2020,1,2149,DANIEL ANNENBERG
PL 716/2020,1,273,MILTON LEITE
PL 716/2020,2,2153,RODRIGO GOULART
PL 716/2020,3,2156,CAIO MIRANDA CARNEIRO
PL 717/2020,1,2185,CELSO GIANNAZI
PL 718/2020,1,1634,JULIANA CARDOSO
PL 718/2020,2,2256,HÉLIO RODRIGUES
PL 719/2020,1,187,GILSON BARRETO
PL 719/2020,2,224,AURÉLIO NOMURA
PL 719/2020,3,273,MILTON LEITE
PL 719/2020,4,1635,DRA. SANDRA TADEU
PL 719/2020,5,1647,EDIR SALES
PL 719/2020,6,1999,PROFESSOR TONINHO VESPOLI
PL 719/2020,7,2131,RODOLFO DESPACHANTE
PL 719/2020,8,2144,FABIO RIVA
PL 719/2020,9,2153,RODRIGO GOULART
PL 719/2020,10,2154,CAMILO CRISTÓFARO
PL 719/2020,11,2210,ELY TERUEL
PL 719/2020,12,2211,SIDNEY CRUZ
PL 719/2020,13,2217,SANSÃO PEREIRA
PL 719/2020,14,2219,MARCELO MESSIAS
PL 719/2020,15,2276,SILVÃO LEITE
PL 719/2020,16,2279,SILVINHO LEITE
PL 720/2020,1,187,GILSON BARRETO
PL 720/2020,2,1296,ADILSON AMADEU
PL 720/2020,3,1487,RICARDO TEIXEIRA
PL 720/2020,4,1647,EDIR SALES
PL 720/2020,5,2160,JOÃO JORGE
PL 721/2020,1,2145,FERNANDO HOLIDAY
PL 722/2020,1,224,AURÉLIO NOMURA
PL 722/2020,2,796,GILBERTO NATALINI
PL 723/2020,1,2152,RINALDI DIGILIO
PL 724/2020,1,1930,OTA
PL 725/2020,1,1996,EDUARDO TUMA
PL 725/2020,2,2152,RINALDI DIGILIO
PL 726/2020,1,2185,CELSO GIANNAZI
PL 727/2020,1,1487,RICARDO TEIXEIRA
PL 728/2020,1,1487,RICARDO TEIXEIRA
PL 729/2020,1,160,EDUARDO MATARAZZO SUPLICY
PL 729/2020,2,796,GILBERTO NATALINI
PL 729/2020,3,1635,DRA. SANDRA TADEU
PL 729/2020,4,1647,EDIR SALES
PL 729/2020,5,1999,PROFESSOR TONINHO VESPOLI
PL 729/2020,6,2146,GILBERTO NASCIMENTO
PL 729/2020,7,2153,RODRIGO GOULART
PL 729/2020,8,2223,FELIPE BECARI
PL 730/2020,1,220,TONINHO PAIVA
PL 731/2020,1,220,TONINHO PAIVA
PL 732/2020,1,676,ATÍLIO FRANCISCO
PL 732/2020,2,2153,RODRIGO GOULART
PL 732/2020,3,2210,ELY TERUEL
PL 732/2020,4,2214,RUBINHO NUNES
PL 732/2020,5,2219,MARCELO MESSIAS
PL 733/2020,1,1636,DR. MILTON FERREIRA
PL 734/2020,1,160,EDUARDO MATARAZZO SUPLICY
PL 734/2020,2,2206,SILVIA DA BANCADA FEMINISTA
PL 735/2020,1,220,TONINHO PAIVA
PL 736/2020,1,2199,MESA DA CAMARA MUNICIPAL DE SAO PAULO
PL 737/2020,1,2151,ZÉ TURIN
PL 737/2020,2,2152,RINALDI DIGILIO
PL 738/2020,1,1990,RICARDO NUNES
PL 738/2020,2,2208,ELAINE DO QUILOMBO PERIFÉRICO
PL 738/2020,3,2211,SIDNEY CRUZ
PL 738/2020,4,2213,FARIA DE SÁ
PL 738/2020,5,2219,MARCELO MESSIAS
PL 738/2020,6,2223,FELIPE BECARI
PL 739/2020,1,1634,JULIANA CARDOSO
PL 740/2020,1,1311,ANTONIO DONATO
PL 741/2020,1,2185,CELSO GIANNAZI
PL 742/2020,1,2155,JANAÍNA LIMA
PL 742/2020,2,2222,CRIS MONTEIRO
PL 743/2020,1,220,TONINHO PAIVA
PL 744/2020,1,155,ARSELINO TATTO
PL 744/2020,2,1635,DRA. SANDRA TADEU
PL 744/2020,3,1647,EDIR SALES
PL 744/2020,4,1999,PROFESSOR TONINHO VESPOLI
PL 744/2020,5,2145,FERNANDO HOLIDAY
PL 744/2020,6,2146,GILBERTO NASCIMENTO
PL 744/2020,7,2153,RODRIGO GOULART
PL 744/2020,8,2210,ELY TERUEL
PL 744/2020,9,2213,FARIA DE SÁ
PL 744/2020,10,2214,RUBINHO NUNES
PL 744/2020,11,2219,MARCELO MESSIAS
PL 744/2020,12,2223,FELIPE BECARI
PL 745/2020,1,1447,ALFREDINHO
PL 746/2020,1,776,ELISEU GABRIEL
PL 747/2020,1,1487,RICARDO TEIXEIRA
PL 748/2020,1,2185,CELSO GIANNAZI
PL 749/2020,1,1647,EDIR SALES
PL 751/2020,1,2155,JANAÍNA LIMA
PL 752/2020,1,2147,ISAC FÉLIX
PL 752/2020,2,2219,MARCELO MESSIAS
PL 752/2020,3,2220,DELEGADO PALUMBO
PL 753/2020,1,2152,RINALDI DIGILIO
PL 753/2020,2,2218,THAMMY MIRANDA
PL 754/2020,1,2152,RINALDI DIGILIO
PL 754/2020,2,2154,CAMILO CRISTÓFARO
PL 755/2020,1,2152,RINALDI DIGILIO
PL 755/2020,2,2154,CAMILO CRISTÓFARO
PL 755/2020,3,2210,ELY TERUEL
PL 755/2020,4,2216,SONAIRA FERNANDES
PL 755/2020,5,2221,ELI CORRÊA
PL 756/2020,1,2152,RINALDI DIGILIO
PL 757/2020,1,187,GILSON BARRETO
PL 757/2020,2,1635,DRA. SANDRA TADEU
PL 757/2020,3,1647,EDIR SALES
PL 757/2020,4,2144,FABIO RIVA
PL 757/2020,5,2145,FERNANDO HOLIDAY
PL 757/2020,6,2152,RINALDI DIGILIO
PL 757/2020,7,2153,RODRIGO GOULART
PL 757/2020,8,2155,JANAÍNA LIMA
PL 757/2020,9,2213,FARIA DE SÁ
PL 757/2020,10,2216,SONAIRA FERNANDES
PL 757/2020,11,2218,THAMMY MIRANDA
PL 757/2020,12,2219,MARCELO MESSIAS
PL 757/2020,13,2220,DELEGADO PALUMBO
PL 757/2020,14,2223,FELIPE BECARI
PL 758/2020,1,676,ATÍLIO FRANCISCO
PL 758/2020,2,2144,FABIO RIVA
PL 758/2020,3,2146,GILBERTO NASCIMENTO
PL 758/2020,4,2150,ANDRÉ SANTOS
PL 758/2020,5,2152,RINALDI DIGILIO
PL 758/2020,6,2153,RODRIGO GOULART
PL 758/2020,7,2206,SILVIA DA BANCADA FEMINISTA
PL 758/2020,8,2210,ELY TERUEL
PL 758/2020,9,2211,SIDNEY CRUZ
PL 758/2020,10,2213,FARIA DE SÁ
PL 758/2020,11,2216,SONAIRA FERNANDES
PL 758/2020,12,2220,DELEGADO PALUMBO
PL 758/2020,13,2221,ELI CORRÊA
PL 759/2020,1,1635,DRA. SANDRA TADEU
PL 759/2020,2,2155,JANAÍNA LIMA
PL 760/2020,1,155,ARSELINO TATTO
PL 760/2020,2,1296,ADILSON AMADEU
PL 760/2020,3,1635,DRA. SANDRA TADEU
PL 760/2020,4,1647,EDIR SALES
PL 760/2020,5,1999,PROFESSOR TONINHO VESPOLI
PL 760/2020,6,2001,JAIR TATTO
PL 760/2020,7,2144,FABIO RIVA
PL 760/2020,8,2146,GILBERTO NASCIMENTO
PL 760/2020,9,2152,RINALDI DIGILIO
PL 760/2020,10,2153,RODRIGO GOULART
PL 760/2020,11,2155,JANAÍNA LIMA
PL 760/2020,12,2210,ELY TERUEL
PL 760/2020,13,2211,SIDNEY CRUZ
PL 760/2020,14,2218,THAMMY MIRANDA
PL 760/2020,15,2219,MARCELO MESSIAS
PL 760/2020,16,2224,SANDRA SANTANA
PL 760/2020,17,2243,DR. ADRIANO SANTOS
PL 761/2020,1,2001,JAIR TATTO
PL 762/2020,1,896,CLAUDIO FONSECA
PL 762/2020,2,2144,FABIO RIVA
PL 762/2020,3,2152,RINALDI DIGILIO
PL 763/2020,1,1635,DRA. SANDRA TADEU
PL 763/2020,2,1647,EDIR SALES
PL 763/2020,3,2150,ANDRÉ SANTOS
PL 763/2020,4,2153,RODRIGO GOULART
PL 763/2020,5,2154,CAMILO CRISTÓFARO
PL 763/2020,6,2213,FARIA DE SÁ
PL 763/2020,7,2214,RUBINHO NUNES
PL 763/2020,8,2216,SONAIRA FERNANDES
PL 763/2020,9,2218,THAMMY MIRANDA
PL 764/2020,1,1990,RICARDO NUNES
PL 764/2020,2,2219,MARCELO MESSIAS
PL 765/2020,1,1487,RICARDO TEIXEIRA
PL 766/2020,1,1487,RICARDO TEIXEIRA
PL 767/2020,1,1990,RICARDO NUNES
PL 767/2020,2,2219,MARCELO MESSIAS
PL 1/2021,1,2205,LUANA ALVES
PL 2/2021,1,2206,SILVIA DA BANCADA FEMINISTA
PL 3/2021,1,2185,CELSO GIANNAZI
PL 4/2021,1,187,GILSON BARRETO
PL 4/2021,2,676,ATÍLIO FRANCISCO
PL 4/2021,3,2144,FABIO RIVA
PL 4/2021,4,2152,RINALDI DIGILIO
PL 4/2021,5,2210,ELY TERUEL
PL 4/2021,6,2211,SIDNEY CRUZ
PL 4/2021,7,2213,FARIA DE SÁ
PL 4/2021,8,2214,RUBINHO NUNES
PL 4/2021,9,2221,ELI CORRÊA
PL 5/2021,1,2214,RUBINHO NUNES
PL 6/2021,1,2214,RUBINHO NUNES
PL 7/2021,1,2185,CELSO GIANNAZI
PL 8/2021,1,1999,PROFESSOR TONINHO VESPOLI
PL 9/2021,1,1999,PROFESSOR TONINHO VESPOLI
PL 11/2021,1,696,CARLOS BEZERRA JR.
PL 11/2021,2,776,ELISEU GABRIEL
PL 11/2021,3,1635,DRA. SANDRA TADEU
PL 11/2021,4,1999,PROFESSOR TONINHO VESPOLI
PL 11/2021,5,2213,FARIA DE SÁ
PL 11/2021,6,2218,THAMMY MIRANDA
PL 12/2021,1,2216,SONAIRA FERNANDES
PL 12/2021,2,2217,SANSÃO PEREIRA
PL 13/2021,1,2185,CELSO GIANNAZI
PL 14/2021,1,1999,PROFESSOR TONINHO VESPOLI
PL 14/2021,2,2214,RUBINHO NUNES
PL 15/2021,1,2185,CELSO GIANNAZI
PL 16/2021,1,776,ELISEU GABRIEL
PL 17/2021,1,776,ELISEU GABRIEL
PL 19/2021,1,224,AURÉLIO NOMURA
PL 19/2021,2,1999,PROFESSOR TONINHO VESPOLI
PL 20/2021,1,224,AURÉLIO NOMURA
PL 20/2021,2,2146,GILBERTO NASCIMENTO
PL 21/2021,1,1999,PROFESSOR TONINHO VESPOLI
PL 22/2021,1,2207,ERIKA HILTON
PL 23/2021,1,1999,PROFESSOR TONINHO VESPOLI
PL 23/2021,2,2244,JORGE WILSON FILHO
PL 24/2021,1,1999,PROFESSOR TONINHO VESPOLI
PL 25/2021,1,314,MISSIONÁRIO JOSÉ OLÍMPIO
PL 25/2021,2,1634,JULIANA CARDOSO
PL 25/2021,3,1999,PROFESSOR TONINHO VESPOLI
PL 25/2021,4,2146,GILBERTO NASCIMENTO
PL 25/2021,5,2152,RINALDI DIGILIO
PL 25/2021,6,2208,ELAINE DO QUILOMBO PERIFÉRICO
PL 25/2021,7,2210,ELY TERUEL
PL 25/2021,8,2211,SIDNEY CRUZ
PL 25/2021,9,2213,FARIA DE SÁ
PL 25/2021,10,2222,CRIS MONTEIRO
PL 26/2021,1,1487,RICARDO TEIXEIRA
PL 26/2021,2,1647,EDIR SALES
PL 26/2021,3,1999,PROFESSOR TONINHO VESPOLI
PL 27/2021,1,1487,RICARDO TEIXEIRA
PL 28/2021,1,1999,PROFESSOR TONINHO VESPOLI
PL 30/2021,1,2185,CELSO GIANNAZI
PL 31/2021,1,1999,PROFESSOR TONINHO VESPOLI
PL 32/2021,1,1999,PROFESSOR TONINHO VESPOLI
PL 32/2021,2,2205,LUANA ALVES
PL 32/2021,3,2207,ERIKA HILTON
PL 32/2021,4,2213,FARIA DE SÁ
PL 32/2021,5,2243,DR. ADRIANO SANTOS
PL 32/2021,6,2267,AMANDA PASCHOAL
PL 33/2021,1,2185,CELSO GIANNAZI
PL 34/2021,1,2159,RUTE COSTA
PL 35/2021,1,676,ATÍLIO FRANCISCO
PL 35/2021,2,1647,EDIR SALES
PL 35/2021,3,2152,RINALDI DIGILIO
PL 35/2021,4,2153,RODRIGO GOULART
PL 35/2021,5,2154,CAMILO CRISTÓFARO
PL 35/2021,6,2213,FARIA DE SÁ
PL 35/2021,7,2214,RUBINHO NUNES
PL 35/2021,8,2216,SONAIRA FERNANDES
PL 35/2021,9,2217,SANSÃO PEREIRA
PL 35/2021,10,2221,ELI CORRÊA
PL 35/2021,11,2224,SANDRA SANTANA
PL 36/2021,1,2155,JANAÍNA LIMA
PL 36/2021,2,2218,THAMMY MIRANDA
PL 37/2021,1,2214,RUBINHO NUNES
PL 38/2021,1,2155,JANAÍNA LIMA
PL 38/2021,2,2205,LUANA ALVES
PL 39/2021,1,2145,FERNANDO HOLIDAY
PL 40/2021,1,2159,RUTE COSTA
PL 40/2021,2,2219,MARCELO MESSIAS
PL 41/2021,1,2145,FERNANDO HOLIDAY
PL 42/2021,1,1999,PROFESSOR TONINHO VESPOLI
PL 42/2021,2,2154,CAMILO CRISTÓFARO
PL 43/2021,1,1296,ADILSON AMADEU
PL 44/2021,1,2214,RUBINHO NUNES
PL 45/2021,1,1635,DRA. SANDRA TADEU
PL 45/2021,2,1999,PROFESSOR TONINHO VESPOLI
PL 45/2021,3,2160,JOÃO JORGE
PL 45/2021,4,2217,SANSÃO PEREIRA
PL 45/2021,5,2218,THAMMY MIRANDA
PL 45/2021,6,2219,MARCELO MESSIAS
PL 46/2021,1,2224,SANDRA SANTANA
PL 47/2021,1,160,EDUARDO MATARAZZO SUPLICY
PL 47/2021,2,273,MILTON LEITE
PL 47/2021,3,696,CARLOS BEZERRA JR.
PL 47/2021,4,1634,JULIANA CARDOSO
PL 47/2021,5,1999,PROFESSOR TONINHO VESPOLI
PL 47/2021,6,2205,LUANA ALVES
PL 47/2021,7,2206,SILVIA DA BANCADA FEMINISTA
PL 47/2021,8,2207,ERIKA HILTON
PL 47/2021,9,2254,LUNA ZARATTINI
PL 47/2021,10,2279,SILVINHO LEITE
PL 48/2021,1,155,ARSELINO TATTO
PL 48/2021,2,160,EDUARDO MATARAZZO SUPLICY
PL 48/2021,3,1311,ANTONIO DONATO
PL 48/2021,4,1349,SENIVAL MOURA
PL 48/2021,5,1447,ALFREDINHO
PL 48/2021,6,1634,JULIANA CARDOSO
PL 48/2021,7,1999,PROFESSOR TONINHO VESPOLI
PL 48/2021,8,2000,ALESSANDRO GUEDES
PL 48/2021,9,2001,JAIR TATTO
PL 48/2021,10,2185,CELSO GIANNAZI
PL 48/2021,11,2205,LUANA ALVES
PL 48/2021,12,2206,SILVIA DA BANCADA FEMINISTA
PL 48/2021,13,2207,ERIKA HILTON
PL 48/2021,14,2208,ELAINE DO QUILOMBO PERIFÉRICO
PL 48/2021,15,2218,THAMMY MIRANDA
PL 49/2021,1,160,EDUARDO MATARAZZO SUPLICY
PL 49/2021,2,936,NABIL BONDUKI
PL 49/2021,3,1999,PROFESSOR TONINHO VESPOLI
PL 49/2021,4,2207,ERIKA HILTON
PL 49/2021,5,2254,LUNA ZARATTINI
PL 49/2021,6,2267,AMANDA PASCHOAL
PL 49/2021,7,2269,MARINA BRAGANTE
PL 49/2021,8,2279,SILVINHO LEITE
PL 50/2021,1,2131,RODOLFO DESPACHANTE
PL 50/2021,2,2145,FERNANDO HOLIDAY
PL 50/2021,3,2155,JANAÍNA LIMA
PL 50/2021,4,2215,MARLON LUZ
PL 51/2021,1,1487,RICARDO TEIXEIRA
PL 52/2021,1,2145,FERNANDO HOLIDAY
PL 52/2021,2,2152,RINALDI DIGILIO
PL 52/2021,3,2214,RUBINHO NUNES
PL 52/2021,4,2217,SANSÃO PEREIRA
PL 52/2021,5,2220,DELEGADO PALUMBO
PL 53/2021,1,224,AURÉLIO NOMURA
PL 53/2021,2,1647,EDIR SALES
PL 53/2021,3,2150,ANDRÉ SANTOS
PL 53/2021,4,2214,RUBINHO NUNES
PL 54/2021,1,1311,ANTONIO DONATO
PL 54/2021,2,1487,RICARDO TEIXEIRA
PL 54/2021,3,2153,RODRIGO GOULART
PL 55/2021,1,2169,BRUNO COVAS
PL 56/2021,1,2001,JAIR TATTO
PL 57/2021,1,2001,JAIR TATTO
PL 58/2021,1,2001,JAIR TATTO
PL 59/2021,1,2001,JAIR TATTO
PL 59/2021,2,2146,GILBERTO NASCIMENTO
PL 59/2021,3,2219,MARCELO MESSIAS
PL 60/2021,1,2146,GILBERTO NASCIMENTO
PL 60/2021,2,2153,RODRIGO GOULART
PL 60/2021,3,2154,CAMILO CRISTÓFARO
PL 60/2021,4,2210,ELY TERUEL
PL 60/2021,5,2213,FARIA DE SÁ
PL 60/2021,6,2223,FELIPE BECARI
PL 60/2021,7,2224,SANDRA SANTANA
PL 61/2021,1,2206,SILVIA DA BANCADA FEMINISTA
PL 62/2021,1,1647,EDIR SALES
PL 63/2021,1,1647,EDIR SALES
PL 64/2021,1,1647,EDIR SALES
PL 65/2021,1,2215,MARLON LUZ
PL 66/2021,1,1634,JULIANA CARDOSO
PL 66/2021,2,2206,SILVIA DA BANCADA FEMINISTA
PL 67/2021,1,2147,ISAC FÉLIX
PL 68/2021,1,1635,DRA. SANDRA TADEU
PL 68/2021,2,1647,EDIR SALES
PL 68/2021,3,2131,RODOLFO DESPACHANTE
PL 68/2021,4,2153,RODRIGO GOULART
PL 68/2021,5,2210,ELY TERUEL
PL 68/2021,6,2223,FELIPE BECARI
PL 69/2021,1,2223,FELIPE BECARI
PL 70/2021,1,2145,FERNANDO HOLIDAY
PL 70/2021,2,2215,MARLON LUZ
PL 71/2021,1,2145,FERNANDO HOLIDAY
PL 72/2021,1,187,GILSON BARRETO
PL 72/2021,2,696,CARLOS BEZERRA JR.
PL 72/2021,3,1635,DRA. SANDRA TADEU
PL 72/2021,4,2145,FERNANDO HOLIDAY
PL 72/2021,5,2153,RODRIGO GOULART
PL 72/2021,6,2155,JANAÍNA LIMA
PL 72/2021,7,2213,FARIA DE SÁ
PL 72/2021,8,2220,DELEGADO PALUMBO
PL 72/2021,9,2222,CRIS MONTEIRO
PL 73/2021,1,1647,EDIR SALES
PL 73/2021,2,2145,FERNANDO HOLIDAY
PL 73/2021,3,2150,ANDRÉ SANTOS
PL 73/2021,4,2210,ELY TERUEL
PL 73/2021,5,2215,MARLON LUZ
PL 73/2021,6,2216,SONAIRA FERNANDES
PL 73/2021,7,2220,DELEGADO PALUMBO
PL 73/2021,8,2223,FELIPE BECARI
PL 74/2021,1,2145,FERNANDO HOLIDAY
PL 74/2021,2,2146,GILBERTO NASCIMENTO
PL 74/2021,3,2150,ANDRÉ SANTOS
PL 74/2021,4,2152,RINALDI DIGILIO
PL 74/2021,5,2154,CAMILO CRISTÓFARO
PL 74/2021,6,2155,JANAÍNA LIMA
PL 74/2021,7,2210,ELY TERUEL
PL 74/2021,8,2214,RUBINHO NUNES
PL 74/2021,9,2217,SANSÃO PEREIRA
PL 74/2021,10,2220,DELEGADO PALUMBO
PL 74/2021,11,2221,ELI CORRÊA
PL 75/2021,1,2145,FERNANDO HOLIDAY
PL 76/2021,1,2145,FERNANDO HOLIDAY
PL 76/2021,2,2152,RINALDI DIGILIO
PL 76/2021,3,2155,JANAÍNA LIMA
PL 76/2021,4,2222,CRIS MONTEIRO
PL 77/2021,1,2218,THAMMY MIRANDA
PL 77/2021,2,2222,CRIS MONTEIRO
PL 77/2021,3,2279,SILVINHO LEITE
PL 78/2021,1,1635,DRA. SANDRA TADEU
PL 78/2021,2,2218,THAMMY MIRANDA
PL 79/2021,1,224,AURÉLIO NOMURA
PL 80/2021,1,1999,PROFESSOR TONINHO VESPOLI
PL 80/2021,2,2213,FARIA DE SÁ
PL 80/2021,3,2219,MARCELO MESSIAS
PL 80/2021,4,2221,ELI CORRÊA
PL 81/2021,1,696,CARLOS BEZERRA JR.
PL 81/2021,2,1635,DRA. SANDRA TADEU
PL 81/2021,3,2154,CAMILO CRISTÓFARO
PL 81/2021,4,2213,FARIA DE SÁ
PL 81/2021,5,2218,THAMMY MIRANDA
PL 82/2021,1,1634,JULIANA CARDOSO
PL 82/2021,2,1989,GEORGE HATO
PL 82/2021,3,2153,RODRIGO GOULART
PL 82/2021,4,2155,JANAÍNA LIMA
PL 82/2021,5,2210,ELY TERUEL
PL 82/2021,6,2218,THAMMY MIRANDA
PL 82/2021,7,2222,CRIS MONTEIRO
PL 82/2021,8,2223,FELIPE BECARI
PL 83/2021,1,2185,CELSO GIANNAZI
PL 84/2021,1,1999,PROFESSOR TONINHO VESPOLI
PL 85/2021,1,2001,JAIR TATTO
PL 86/2021,1,1999,PROFESSOR TONINHO VESPOLI
PL 87/2021,1,2214,RUBINHO NUNES
PL 88/2021,1,2155,JANAÍNA LIMA
PL 89/2021,1,2155,JANAÍNA LIMA
PL 90/2021,1,160,EDUARDO MATARAZZO SUPLICY
PL 90/2021,2,1447,ALFREDINHO
PL 90/2021,3,1634,JULIANA CARDOSO
PL 90/2021,4,1999,PROFESSOR TONINHO VESPOLI
PL 90/2021,5,2146,GILBERTO NASCIMENTO
PL 90/2021,6,2205,LUANA ALVES
PL 90/2021,7,2207,ERIKA HILTON
PL 90/2021,8,2208,ELAINE DO QUILOMBO PERIFÉRICO
PL 90/2021,9,2213,FARIA DE SÁ
PL 90/2021,10,2221,ELI CORRÊA
PL 90/2021,11,2254,LUNA ZARATTINI
PL 90/2021,12,2256,HÉLIO RODRIGUES
PL 91/2021,1,2169,BRUNO COVAS
PL 92/2021,1,1634,JULIANA CARDOSO
PL 92/2021,2,1999,PROFESSOR TONINHO VESPOLI
PL 92/2021,3,2254,LUNA ZARATTINI
PL 93/2021,1,2185,CELSO GIANNAZI
PL 94/2021,1,2185,CELSO GIANNAZI
PL 95/2021,1,2159,RUTE COSTA
PL 95/2021,2,2218,THAMMY MIRANDA
PL 95/2021,3,2279,SILVINHO LEITE
PL 96/2021,1,2159,RUTE COSTA
PL 97/2021,1,2159,RUTE COSTA
PL 97/2021,2,2210,ELY TERUEL
PL 97/2021,3,2269,MARINA BRAGANTE
PL 98/2021,1,2216,SONAIRA FERNANDES
PL 100/2021,1,696,CARLOS BEZERRA JR.
PL 100/2021,2,2210,ELY TERUEL
PL 100/2021,3,2224,SANDRA SANTANA
PL 101/2021,1,1487,RICARDO TEIXEIRA
PL 102/2021,1,676,ATÍLIO FRANCISCO
PL 102/2021,2,2152,RINALDI DIGILIO
PL 103/2021,1,155,ARSELINO TATTO
PL 103/2021,2,160,EDUARDO MATARAZZO SUPLICY
PL 103/2021,3,176,ROBERTO TRÍPOLI
PL 103/2021,4,187,GILSON BARRETO
PL 103/2021,5,224,AURÉLIO NOMURA
PL 103/2021,6,267,PAULO FRANGE
PL 103/2021,7,273,MILTON LEITE
PL 103/2021,8,314,MISSIONÁRIO JOSÉ OLÍMPIO
PL 103/2021,9,676,ATÍLIO FRANCISCO
PL 103/2021,10,1296,ADILSON AMADEU
PL 103/2021,11,1311,ANTONIO DONATO
PL 103/2021,12,1349,SENIVAL MOURA
PL 103/2021,13,1447,ALFREDINHO
PL 103/2021,14,1634,JULIANA CARDOSO
PL 103/2021,15,1635,DRA. SANDRA TADEU
PL 103/2021,16,1636,DR. MILTON FERREIRA
PL 103/2021,17,1647,EDIR SALES
PL 103/2021,18,1989,GEORGE HATO
PL 103/2021,19,1999,PROFESSOR TONINHO VESPOLI
PL 103/2021,20,2000,ALESSANDRO GUEDES
PL 103/2021,21,2001,JAIR TATTO
PL 103/2021,22,2144,FABIO RIVA
PL 103/2021,23,2145,FERNANDO HOLIDAY
PL 103/2021,24,2146,GILBERTO NASCIMENTO
PL 103/2021,25,2147,ISAC FÉLIX
PL 103/2021,26,2149,DANIEL ANNENBERG
PL 103/2021,27,2150,ANDRÉ SANTOS
PL 103/2021,28,2152,RINALDI DIGILIO
PL 103/2021,29,2153,RODRIGO GOULART
PL 103/2021,30,2154,CAMILO CRISTÓFARO
PL 103/2021,31,2155,JANAÍNA LIMA
PL 103/2021,32,2158,XEXÉU TRIPOLI
PL 103/2021,33,2159,RUTE COSTA
PL 103/2021,34,2160,JOÃO JORGE
PL 103/2021,35,2185,CELSO GIANNAZI
PL 103/2021,36,2205,LUANA ALVES
PL 103/2021,37,2206,SILVIA DA BANCADA FEMINISTA
PL 103/2021,38,2207,ERIKA HILTON
PL 103/2021,39,2208,ELAINE DO QUILOMBO PERIFÉRICO
PL 103/2021,40,2209,DANILO DO POSTO DE SAÚDE
PL 103/2021,41,2210,ELY TERUEL
PL 103/2021,42,2211,SIDNEY CRUZ
PL 103/2021,43,2213,FARIA DE SÁ
PL 103/2021,44,2214,RUBINHO NUNES
PL 103/2021,45,2215,MARLON LUZ
PL 103/2021,46,2217,SANSÃO PEREIRA
PL 103/2021,47,2218,THAMMY MIRANDA
PL 103/2021,48,2219,MARCELO MESSIAS
PL 103/2021,49,2220,DELEGADO PALUMBO
PL 103/2021,50,2221,ELI CORRÊA
PL 103/2021,51,2222,CRIS MONTEIRO
PL 103/2021,52,2223,FELIPE BECARI
PL 103/2021,53,2224,SANDRA SANTANA
PL 103/2021,54,2243,DR. ADRIANO SANTOS
PL 103/2021,55,2244,JORGE WILSON FILHO
PL 104/2021,1,676,ATÍLIO FRANCISCO
PL 104/2021,2,2150,ANDRÉ SANTOS
PL 104/2021,3,2244,JORGE WILSON FILHO
PL 105/2021,1,1447,ALFREDINHO
PL 106/2021,1,2185,CELSO GIANNAZI
PL 107/2021,1,2000,ALESSANDRO GUEDES
PL 108/2021,1,2000,ALESSANDRO GUEDES
PL 109/2021,1,2205,LUANA ALVES
PL 110/2021,1,2216,SONAIRA FERNANDES
PL 110/2021,2,2219,MARCELO MESSIAS
PL 110/2021,3,2220,DELEGADO PALUMBO
PL 110/2021,4,2223,FELIPE BECARI
PL 110/2021,5,2268,AMANDA VETTORAZZO
PL 110/2021,6,2280,KENJI ITO
PL 111/2021,1,224,AURÉLIO NOMURA
PL 112/2021,1,224,AURÉLIO NOMURA
PL 112/2021,2,2131,RODOLFO DESPACHANTE
PL 112/2021,3,2249,NUNES PEIXEIRO
PL 113/2021,1,2205,LUANA ALVES
PL 114/2021,1,1487,RICARDO TEIXEIRA
PL 114/2021,2,2216,SONAIRA FERNANDES
PL 115/2021,1,2207,ERIKA HILTON
PL 116/2021,1,2155,JANAÍNA LIMA
PL 116/2021,2,2207,ERIKA HILTON
PL 117/2021,1,160,EDUARDO MATARAZZO SUPLICY
PL 117/2021,2,696,CARLOS BEZERRA JR.
PL 117/2021,3,1311,ANTONIO DONATO
PL 117/2021,4,1349,SENIVAL MOURA
PL 117/2021,5,1487,RICARDO TEIXEIRA
PL 117/2021,6,1635,DRA. SANDRA TADEU
PL 117/2021,7,1989,GEORGE HATO
PL 117/2021,8,1999,PROFESSOR TONINHO VESPOLI
PL 117/2021,9,2001,JAIR TATTO
PL 117/2021,10,2154,CAMILO CRISTÓFARO
PL 117/2021,11,2185,CELSO GIANNAZI
PL 117/2021,12,2205,LUANA ALVES
PL 117/2021,13,2207,ERIKA HILTON
PL 117/2021,14,2211,SIDNEY CRUZ
PL 117/2021,15,2221,ELI CORRÊA
PL 117/2021,16,2222,CRIS MONTEIRO
PL 117/2021,17,2223,FELIPE BECARI
PL 117/2021,18,2224,SANDRA SANTANA
PL 117/2021,19,2228,RENATA FALZONI
PL 117/2021,20,2254,LUNA ZARATTINI
PL 117/2021,21,2267,AMANDA PASCHOAL
PL 118/2021,1,160,EDUARDO MATARAZZO SUPLICY
PL 118/2021,2,1634,JULIANA CARDOSO
PL 118/2021,3,2206,SILVIA DA BANCADA FEMINISTA
PL 118/2021,4,2248,JUSSARA BASSO
PL 119/2021,1,160,EDUARDO MATARAZZO SUPLICY
PL 119/2021,2,1999,PROFESSOR TONINHO VESPOLI
PL 119/2021,3,2207,ERIKA HILTON
PL 120/2021,1,2213,FARIA DE SÁ
PL 121/2021,1,187,GILSON BARRETO
PL 122/2021,1,696,CARLOS BEZERRA JR.
PL 122/2021,2,2206,SILVIA DA BANCADA FEMINISTA
PL 122/2021,3,2208,ELAINE DO QUILOMBO PERIFÉRICO
PL 122/2021,4,2221,ELI CORRÊA
PL 123/2021,1,2169,BRUNO COVAS
PL 124/2021,1,2211,SIDNEY CRUZ
PL 125/2021,1,2211,SIDNEY CRUZ
PL 126/2021,1,2214,RUBINHO NUNES
PL 126/2021,2,2219,MARCELO MESSIAS
PL 126/2021,3,2220,DELEGADO PALUMBO
PL 126/2021,4,2222,CRIS MONTEIRO
PL 127/2021,1,1487,RICARDO TEIXEIRA
PL 127/2021,2,2279,SILVINHO LEITE
PL 128/2021,1,2146,GILBERTO NASCIMENTO
PL 129/2021,1,155,ARSELINO TATTO
PL 129/2021,2,160,EDUARDO MATARAZZO SUPLICY
PL 129/2021,3,176,ROBERTO TRÍPOLI
PL 129/2021,4,187,GILSON BARRETO
PL 129/2021,5,224,AURÉLIO NOMURA
PL 129/2021,6,267,PAULO FRANGE
PL 129/2021,7,273,MILTON LEITE
PL 129/2021,8,696,CARLOS BEZERRA JR.
PL 129/2021,9,776,ELISEU GABRIEL
PL 129/2021,10,1296,ADILSON AMADEU
PL 129/2021,11,1311,ANTONIO DONATO
PL 129/2021,12,1349,SENIVAL MOURA
PL 129/2021,13,1447,ALFREDINHO
PL 129/2021,14,1634,JULIANA CARDOSO
PL 129/2021,15,1635,DRA. SANDRA TADEU
PL 129/2021,16,1636,DR. MILTON FERREIRA
PL 129/2021,17,1989,GEORGE HATO
PL 129/2021,18,1999,PROFESSOR TONINHO VESPOLI
PL 129/2021,19,2000,ALESSANDRO GUEDES
PL 129/2021,20,2001,JAIR TATTO
PL 129/2021,21,2144,FABIO RIVA
PL 129/2021,22,2145,FERNANDO HOLIDAY
PL 129/2021,23,2147,ISAC FÉLIX
PL 129/2021,24,2152,RINALDI DIGILIO
PL 129/2021,25,2153,RODRIGO GOULART
PL 129/2021,26,2154,CAMILO CRISTÓFARO
PL 129/2021,27,2155,JANAÍNA LIMA
PL 129/2021,28,2158,XEXÉU TRIPOLI
PL 129/2021,29,2159,RUTE COSTA
PL 129/2021,30,2160,JOÃO JORGE
PL 129/2021,31,2210,ELY TERUEL
PL 129/2021,32,2211,SIDNEY CRUZ
PL 129/2021,33,2213,FARIA DE SÁ
PL 129/2021,34,2214,RUBINHO NUNES
PL 129/2021,35,2215,MARLON LUZ
PL 129/2021,36,2217,SANSÃO PEREIRA
PL 129/2021,37,2219,MARCELO MESSIAS
PL 129/2021,38,2220,DELEGADO PALUMBO
PL 129/2021,39,2221,ELI CORRÊA
PL 129/2021,40,2222,CRIS MONTEIRO
PL 129/2021,41,2224,SANDRA SANTANA
PL 130/2021,1,2206,SILVIA DA BANCADA FEMINISTA
PL 131/2021,1,2206,SILVIA DA BANCADA FEMINISTA
PL 132/2021,1,2221,ELI CORRÊA
PL 133/2021,1,2154,CAMILO CRISTÓFARO
PL 134/2021,1,2206,SILVIA DA BANCADA FEMINISTA
PL 135/2021,1,1647,EDIR SALES
PL 135/2021,2,2153,RODRIGO GOULART
PL 135/2021,3,2279,SILVINHO LEITE
PL 136/2021,1,160,EDUARDO MATARAZZO SUPLICY
PL 136/2021,2,267,PAULO FRANGE
PL 136/2021,3,776,ELISEU GABRIEL
PL 136/2021,4,1311,ANTONIO DONATO
PL 136/2021,5,1349,SENIVAL MOURA
PL 136/2021,6,1634,JULIANA CARDOSO
PL 136/2021,7,1999,PROFESSOR TONINHO VESPOLI
PL 136/2021,8,2000,ALESSANDRO GUEDES
PL 136/2021,9,2001,JAIR TATTO
PL 136/2021,10,2185,CELSO GIANNAZI
PL 136/2021,11,2205,LUANA ALVES
PL 136/2021,12,2206,SILVIA DA BANCADA FEMINISTA
PL 136/2021,13,2207,ERIKA HILTON
PL 136/2021,14,2219,MARCELO MESSIAS
PL 136/2021,15,2221,ELI CORRÊA
PL 136/2021,16,2228,RENATA FALZONI
PL 137/2021,1,2155,JANAÍNA LIMA
PL 138/2021,1,2185,CELSO GIANNAZI
PL 139/2021,1,2169,BRUNO COVAS
PL 140/2021,1,1634,JULIANA CARDOSO
PL 140/2021,2,1999,PROFESSOR TONINHO VESPOLI
PL 140/2021,3,2185,CELSO GIANNAZI
PL 140/2021,4,2205,LUANA ALVES
PL 140/2021,5,2206,SILVIA DA BANCADA FEMINISTA
PL 140/2021,6,2207,ERIKA HILTON
PL 140/2021,7,2208,ELAINE DO QUILOMBO PERIFÉRICO
PL 141/2021,1,155,ARSELINO TATTO
PL 142/2021,1,2214,RUBINHO NUNES
PL 143/2021,1,2214,RUBINHO NUNES
PL 144/2021,1,2214,RUBINHO NUNES
PL 145/2021,1,2214,RUBINHO NUNES
PL 146/2021,1,2214,RUBINHO NUNES
PL 147/2021,1,1999,PROFESSOR TONINHO VESPOLI
PL 147/2021,2,2185,CELSO GIANNAZI
PL 147/2021,3,2205,LUANA ALVES
PL 147/2021,4,2206,SILVIA DA BANCADA FEMINISTA
PL 147/2021,5,2207,ERIKA HILTON
PL 147/2021,6,2208,ELAINE DO QUILOMBO PERIFÉRICO
PL 148/2021,1,1999,PROFESSOR TONINHO VESPOLI
PL 148/2021,2,2185,CELSO GIANNAZI
PL 148/2021,3,2205,LUANA ALVES
PL 148/2021,4,2206,SILVIA DA BANCADA FEMINISTA
PL 148/2021,5,2207,ERIKA HILTON
PL 148/2021,6,2208,ELAINE DO QUILOMBO PERIFÉRICO
PL 149/2021,1,1999,PROFESSOR TONINHO VESPOLI
PL 149/2021,2,2185,CELSO GIANNAZI
PL 149/2021,3,2205,LUANA ALVES
PL 149/2021,4,2206,SILVIA DA BANCADA FEMINISTA
PL 149/2021,5,2207,ERIKA HILTON
PL 149/2021,6,2208,ELAINE DO QUILOMBO PERIFÉRICO
PL 150/2021,1,2185,CELSO GIANNAZI
PL 151/2021,1,696,CARLOS BEZERRA JR.
PL 151/2021,2,1989,GEORGE HATO
PL 152/2021,1,2213,FARIA DE SÁ
PL 153/2021,1,2217,SANSÃO PEREIRA
PL 154/2021,1,1635,DRA. SANDRA TADEU
PL 154/2021,2,2144,FABIO RIVA
PL 154/2021,3,2145,FERNANDO HOLIDAY
PL 154/2021,4,2146,GILBERTO NASCIMENTO
PL 154/2021,5,2153,RODRIGO GOULART
PL 154/2021,6,2159,RUTE COSTA
PL 154/2021,7,2209,DANILO DO POSTO DE SAÚDE
PL 154/2021,8,2210,ELY TERUEL
PL 154/2021,9,2213,FARIA DE SÁ
PL 154/2021,10,2217,SANSÃO PEREIRA
PL 154/2021,11,2219,MARCELO MESSIAS
PL 154/2021,12,2220,DELEGADO PALUMBO
PL 154/2021,13,2221,ELI CORRÊA
PL 155/2021,1,1999,PROFESSOR TONINHO VESPOLI
PL 155/2021,2,2185,CELSO GIANNAZI
PL 155/2021,3,2205,LUANA ALVES
PL 155/2021,4,2206,SILVIA DA BANCADA FEMINISTA
PL 155/2021,5,2207,ERIKA HILTON
PL 155/2021,6,2208,ELAINE DO QUILOMBO PERIFÉRICO
PL 156/2021,1,1635,DRA. SANDRA TADEU
PL 156/2021,2,1647,EDIR SALES
PL 156/2021,3,2218,THAMMY MIRANDA
PL 156/2021,4,2222,CRIS MONTEIRO
PL 156/2021,5,2223,FELIPE BECARI
PL 157/2021,1,2215,MARLON LUZ
PL 158/2021,1,2215,MARLON LUZ
PL 158/2021,2,2220,DELEGADO PALUMBO
PL 159/2021,1,2145,FERNANDO HOLIDAY
PL 159/2021,2,2215,MARLON LUZ
PL 160/2021,1,2169,BRUNO COVAS
PL 161/2021,1,1999,PROFESSOR TONINHO VESPOLI
PL 161/2021,2,2185,CELSO GIANNAZI
PL 161/2021,3,2205,LUANA ALVES
PL 161/2021,4,2206,SILVIA DA BANCADA FEMINISTA
PL 161/2021,5,2207,ERIKA HILTON
PL 161/2021,6,2208,ELAINE DO QUILOMBO PERIFÉRICO
PL 162/2021,1,1999,PROFESSOR TONINHO VESPOLI
PL 162/2021,2,2185,CELSO GIANNAZI
PL 162/2021,3,2205,LUANA ALVES
PL 162/2021,4,2206,SILVIA DA BANCADA FEMINISTA
PL 162/2021,5,2207,ERIKA HILTON
PL 162/2021,6,2208,ELAINE DO QUILOMBO PERIFÉRICO
PL 163/2021,1,1634,JULIANA CARDOSO
PL 163/2021,2,2207,ERIKA HILTON
PL 163/2021,3,2254,LUNA ZARATTINI
PL 164/2021,1,1634,JULIANA CARDOSO
PL 164/2021,2,2208,ELAINE DO QUILOMBO PERIFÉRICO
PL 165/2021,1,155,ARSELINO TATTO
PL 165/2021,2,160,EDUARDO MATARAZZO SUPLICY
PL 165/2021,3,1311,ANTONIO DONATO
PL 165/2021,4,1349,SENIVAL MOURA
PL 165/2021,5,1447,ALFREDINHO
PL 165/2021,6,1634,JULIANA CARDOSO
PL 165/2021,7,2000,ALESSANDRO GUEDES
PL 165/2021,8,2001,JAIR TATTO
PL 166/2021,1,155,ARSELINO TATTO
PL 166/2021,2,160,EDUARDO MATARAZZO SUPLICY
PL 166/2021,3,1311,ANTONIO DONATO
PL 166/2021,4,1349,SENIVAL MOURA
PL 166/2021,5,1447,ALFREDINHO
PL 166/2021,6,1634,JULIANA CARDOSO
PL 166/2021,7,2000,ALESSANDRO GUEDES
PL 166/2021,8,2001,JAIR TATTO
PL 167/2021,1,1999,PROFESSOR TONINHO VESPOLI
PL 167/2021,2,2185,CELSO GIANNAZI
PL 167/2021,3,2205,LUANA ALVES
PL 167/2021,4,2206,SILVIA DA BANCADA FEMINISTA
PL 167/2021,5,2207,ERIKA HILTON
PL 167/2021,6,2208,ELAINE DO QUILOMBO PERIFÉRICO
PL 168/2021,1,1999,PROFESSOR TONINHO VESPOLI
PL 168/2021,2,2185,CELSO GIANNAZI
PL 168/2021,3,2205,LUANA ALVES
PL 168/2021,4,2206,SILVIA DA BANCADA FEMINISTA
PL 168/2021,5,2207,ERIKA HILTON
PL 168/2021,6,2208,ELAINE DO QUILOMBO PERIFÉRICO
PL 169/2021,1,2220,DELEGADO PALUMBO
PL 170/2021,1,2205,LUANA ALVES
PL 171/2021,1,160,EDUARDO MATARAZZO SUPLICY
PL 171/2021,2,187,GILSON BARRETO
PL 171/2021,3,696,CARLOS BEZERRA JR.
PL 171/2021,4,1634,JULIANA CARDOSO
PL 171/2021,5,1999,PROFESSOR TONINHO VESPOLI
PL 171/2021,6,2144,FABIO RIVA
PL 171/2021,7,2146,GILBERTO NASCIMENTO
PL 171/2021,8,2185,CELSO GIANNAZI
PL 171/2021,9,2205,LUANA ALVES
PL 171/2021,10,2206,SILVIA DA BANCADA FEMINISTA
PL 171/2021,11,2207,ERIKA HILTON
PL 171/2021,12,2208,ELAINE DO QUILOMBO PERIFÉRICO
PL 171/2021,13,2213,FARIA DE SÁ
PL 171/2021,14,2217,SANSÃO PEREIRA
PL 171/2021,15,2254,LUNA ZARATTINI
PL 171/2021,16,2256,HÉLIO RODRIGUES
PL 171/2021,17,2278,KEIT LIMA
PL 172/2021,1,1647,EDIR SALES
PL 172/2021,2,2153,RODRIGO GOULART
PL 172/2021,3,2155,JANAÍNA LIMA
PL 172/2021,4,2214,RUBINHO NUNES
PL 172/2021,5,2218,THAMMY MIRANDA
PL 172/2021,6,2219,MARCELO MESSIAS
PL 172/2021,7,2224,SANDRA SANTANA
PL 173/2021,1,2185,CELSO GIANNAZI
PL 174/2021,1,187,GILSON BARRETO
PL 174/2021,2,2214,RUBINHO NUNES
PL 174/2021,3,2219,MARCELO MESSIAS
PL 174/2021,4,2220,DELEGADO PALUMBO
PL 175/2021,1,187,GILSON BARRETO
PL 176/2021,1,187,GILSON BARRETO
PL 177/2021,1,2169,BRUNO COVAS
PL 178/2021,1,2210,ELY TERUEL
PL 179/2021,1,2153,RODRIGO GOULART
PL 180/2021,1,1999,PROFESSOR TONINHO VESPOLI
PL 180/2021,2,2185,CELSO GIANNAZI
PL 180/2021,3,2205,LUANA ALVES
PL 180/2021,4,2206,SILVIA DA BANCADA FEMINISTA
PL 180/2021,5,2207,ERIKA HILTON
PL 180/2021,6,2208,ELAINE DO QUILOMBO PERIFÉRICO
PL 180/2021,7,2278,KEIT LIMA
PL 181/2021,1,224,AURÉLIO NOMURA
PL 182/2021,1,1634,JULIANA CARDOSO
PL 182/2021,2,2149,DANIEL ANNENBERG
PL 182/2021,3,2155,JANAÍNA LIMA
PL 182/2021,4,2256,HÉLIO RODRIGUES
PL 183/2021,1,1634,JULIANA CARDOSO
PL 184/2021,1,2155,JANAÍNA LIMA
PL 185/2021,1,176,ROBERTO TRÍPOLI
PL 185/2021,2,2223,FELIPE BECARI
PL 186/2021,1,2149,DANIEL ANNENBERG
PL 186/2021,2,2205,LUANA ALVES
PL 186/2021,3,2209,DANILO DO POSTO DE SAÚDE
PL 186/2021,4,2211,SIDNEY CRUZ
PL 186/2021,5,2215,MARLON LUZ
PL 186/2021,6,2218,THAMMY MIRANDA
PL 186/2021,7,2221,ELI CORRÊA
PL 186/2021,8,2243,DR. ADRIANO SANTOS
PL 187/2021,1,160,EDUARDO MATARAZZO SUPLICY
PL 187/2021,2,936,NABIL BONDUKI
PL 188/2021,1,1636,DR. MILTON FERREIRA
PL 189/2021,1,2214,RUBINHO NUNES
PL 190/2021,1,155,ARSELINO TATTO
PL 191/2021,1,155,ARSELINO TATTO
PL 191/2021,2,160,EDUARDO MATARAZZO SUPLICY
PL 192/2021,1,1487,RICARDO TEIXEIRA
PL 193/2021,1,776,ELISEU GABRIEL
PL 194/2021,1,776,ELISEU GABRIEL
PL 195/2021,1,2214,RUBINHO NUNES
PL 196/2021,1,1999,PROFESSOR TONINHO VESPOLI
PL 196/2021,2,2185,CELSO GIANNAZI
PL 196/2021,3,2205,LUANA ALVES
PL 196/2021,4,2206,SILVIA DA BANCADA FEMINISTA
PL 196/2021,5,2207,ERIKA HILTON
PL 196/2021,6,2208,ELAINE DO QUILOMBO PERIFÉRICO
PL 197/2021,1,2146,GILBERTO NASCIMENTO
PL 197/2021,2,2214,RUBINHO NUNES
PL 197/2021,3,2215,MARLON LUZ
PL 197/2021,4,2218,THAMMY MIRANDA
PL 197/2021,5,2219,MARCELO MESSIAS
PL 197/2021,6,2221,ELI CORRÊA
PL 197/2021,7,2223,FELIPE BECARI
PL 198/2021,1,2209,DANILO DO POSTO DE SAÚDE
PL 198/2021,2,2215,MARLON LUZ
PL 199/2021,1,2223,FELIPE BECARI
PL 200/2021,1,155,ARSELINO TATTO
PL 200/2021,2,160,EDUARDO MATARAZZO SUPLICY
PL 200/2021,3,1311,ANTONIO DONATO
PL 200/2021,4,1349,SENIVAL MOURA
PL 200/2021,5,1447,ALFREDINHO
PL 200/2021,6,1634,JULIANA CARDOSO
PL 200/2021,7,1999,PROFESSOR TONINHO VESPOLI
PL 200/2021,8,2000,ALESSANDRO GUEDES
PL 200/2021,9,2001,JAIR TATTO
PL 200/2021,10,2146,GILBERTO NASCIMENTO
PL 200/2021,11,2208,ELAINE DO QUILOMBO PERIFÉRICO
PL 200/2021,12,2221,ELI CORRÊA
PL 200/2021,13,2256,HÉLIO RODRIGUES
PL 201/2021,1,155,ARSELINO TATTO
PL 201/2021,2,160,EDUARDO MATARAZZO SUPLICY
PL 201/2021,3,1311,ANTONIO DONATO
PL 201/2021,4,1349,SENIVAL MOURA
PL 201/2021,5,1447,ALFREDINHO
PL 201/2021,6,1634,JULIANA CARDOSO
PL 201/2021,7,1999,PROFESSOR TONINHO VESPOLI
PL 201/2021,8,2000,ALESSANDRO GUEDES
PL 201/2021,9,2001,JAIR TATTO
PL 201/2021,10,2185,CELSO GIANNAZI
PL 201/2021,11,2205,LUANA ALVES
PL 201/2021,12,2206,SILVIA DA BANCADA FEMINISTA
PL 201/2021,13,2207,ERIKA HILTON
PL 201/2021,14,2208,ELAINE DO QUILOMBO PERIFÉRICO
PL 202/2021,1,2152,RINALDI DIGILIO
PL 203/2021,1,1635,DRA. SANDRA TADEU
PL 203/2021,2,1999,PROFESSOR TONINHO VESPOLI
PL 203/2021,3,2219,MARCELO MESSIAS
PL 203/2021,4,2272,DHEISON SILVA
PL 203/2021,5,2278,KEIT LIMA
PL 204/2021,1,1635,DRA. SANDRA TADEU
PL 205/2021,1,2223,FELIPE BECARI
PL 206/2021,1,2223,FELIPE BECARI
PL 207/2021,1,2223,FELIPE BECARI
PL 208/2021,1,2205,LUANA ALVES
PL 209/2021,1,1999,PROFESSOR TONINHO VESPOLI
PL 209/2021,2,2205,LUANA ALVES
PL 210/2021,1,1311,ANTONIO DONATO
PL 210/2021,2,2254,LUNA ZARATTINI
PL 211/2021,1,2153,RODRIGO GOULART
PL 211/2021,2,2223,FELIPE BECARI
PL 211/2021,3,2279,SILVINHO LEITE
PL 212/2021,1,187,GILSON BARRETO
PL 212/2021,2,1647,EDIR SALES
PL 212/2021,3,2210,ELY TERUEL
PL 212/2021,4,2218,THAMMY MIRANDA
PL 212/2021,5,2223,FELIPE BECARI
PL 213/2021,1,2206,SILVIA DA BANCADA FEMINISTA
PL 214/2021,1,2158,XEXÉU TRIPOLI
PL 215/2021,1,2213,FARIA DE SÁ
PL 216/2021,1,2214,RUBINHO NUNES
PL 217/2021,1,2147,ISAC FÉLIX
PL 218/2021,1,1635,DRA. SANDRA TADEU
PL 218/2021,2,2001,JAIR TATTO
PL 218/2021,3,2155,JANAÍNA LIMA
PL 219/2021,1,2001,JAIR TATTO
PL 220/2021,1,2001,JAIR TATTO
PL 221/2021,1,1635,DRA. SANDRA TADEU
PL 221/2021,2,2001,JAIR TATTO
PL 221/2021,3,2221,ELI CORRÊA
PL 222/2021,1,2001,JAIR TATTO
PL 223/2021,1,2153,RODRIGO GOULART
PL 224/2021,1,1635,DRA. SANDRA TADEU
PL 224/2021,2,2152,RINALDI DIGILIO
PL 224/2021,3,2154,CAMILO CRISTÓFARO
PL 224/2021,4,2205,LUANA ALVES
PL 224/2021,5,2207,ERIKA HILTON
PL 224/2021,6,2210,ELY TERUEL
PL 224/2021,7,2219,MARCELO MESSIAS
PL 224/2021,8,2220,DELEGADO PALUMBO
PL 224/2021,9,2221,ELI CORRÊA
PL 225/2021,1,1311,ANTONIO DONATO
PL 226/2021,1,1487,RICARDO TEIXEIRA
PL 227/2021,1,1635,DRA. SANDRA TADEU
PL 229/2021,1,2224,SANDRA SANTANA
PL 230/2021,1,2219,MARCELO MESSIAS
PL 231/2021,1,1635,DRA. SANDRA TADEU
PL 232/2021,1,1635,DRA. SANDRA TADEU
PL 233/2021,1,2220,DELEGADO PALUMBO
PL 234/2021,1,2220,DELEGADO PALUMBO
PL 235/2021,1,1447,ALFREDINHO
PL 235/2021,2,2213,FARIA DE SÁ
PL 236/2021,1,2169,BRUNO COVAS
PL 237/2021,1,1647,EDIR SALES
PL 238/2021,1,2217,SANSÃO PEREIRA
PL 239/2021,1,2185,CELSO GIANNAZI
PL 240/2021,1,1635,DRA. SANDRA TADEU
PL 241/2021,1,2152,RINALDI DIGILIO
PL 241/2021,2,2210,ELY TERUEL
PL 241/2021,3,2219,MARCELO MESSIAS
PL 241/2021,4,2221,ELI CORRÊA
PL 242/2021,1,676,ATÍLIO FRANCISCO
PL 242/2021,2,1349,SENIVAL MOURA
PL 242/2021,3,1647,EDIR SALES
PL 242/2021,4,1999,PROFESSOR TONINHO VESPOLI
PL 242/2021,5,2153,RODRIGO GOULART
PL 242/2021,6,2205,LUANA ALVES
PL 242/2021,7,2210,ELY TERUEL
PL 242/2021,8,2211,SIDNEY CRUZ
PL 242/2021,9,2213,FARIA DE SÁ
PL 242/2021,10,2217,SANSÃO PEREIRA
PL 242/2021,11,2218,THAMMY MIRANDA
PL 242/2021,12,2219,MARCELO MESSIAS
PL 243/2021,1,224,AURÉLIO NOMURA
PL 243/2021,2,267,PAULO FRANGE
PL 243/2021,3,2150,ANDRÉ SANTOS
PL 243/2021,4,2153,RODRIGO GOULART
PL 243/2021,5,2154,CAMILO CRISTÓFARO
PL 243/2021,6,2213,FARIA DE SÁ
PL 244/2021,1,1999,PROFESSOR TONINHO VESPOLI
PL 244/2021,2,2185,CELSO GIANNAZI
PL 244/2021,3,2205,LUANA ALVES
PL 244/2021,4,2206,SILVIA DA BANCADA FEMINISTA
PL 244/2021,5,2207,ERIKA HILTON
PL 244/2021,6,2208,ELAINE DO QUILOMBO PERIFÉRICO
PL 244/2021,7,2278,KEIT LIMA
PL 245/2021,1,1999,PROFESSOR TONINHO VESPOLI
PL 245/2021,2,2185,CELSO GIANNAZI
PL 245/2021,3,2205,LUANA ALVES
PL 245/2021,4,2206,SILVIA DA BANCADA FEMINISTA
PL 245/2021,5,2207,ERIKA HILTON
PL 245/2021,6,2208,ELAINE DO QUILOMBO PERIFÉRICO
PL 246/2021,1,2144,FABIO RIVA
PL 246/2021,2,2145,FERNANDO HOLIDAY
PL 246/2021,3,2146,GILBERTO NASCIMENTO
PL 246/2021,4,2147,ISAC FÉLIX
PL 246/2021,5,2150,ANDRÉ SANTOS
PL 246/2021,6,2211,SIDNEY CRUZ
PL 246/2021,7,2213,FARIA DE SÁ
PL 246/2021,8,2219,MARCELO MESSIAS
PL 246/2021,9,2220,DELEGADO PALUMBO
PL 247/2021,1,2209,DANILO DO POSTO DE SAÚDE
PL 248/2021,1,2153,RODRIGO GOULART
PL 248/2021,2,2206,SILVIA DA BANCADA FEMINISTA
PL 248/2021,3,2210,ELY TERUEL
PL 248/2021,4,2276,SILVÃO LEITE
PL 248/2021,5,2279,SILVINHO LEITE
PL 249/2021,1,2158,XEXÉU TRIPOLI
PL 249/2021,2,2160,JOÃO JORGE
PL 249/2021,3,2224,SANDRA SANTANA
PL 250/2021,1,1635,DRA. SANDRA TADEU
PL 251/2021,1,2224,SANDRA SANTANA
PL 252/2021,1,2224,SANDRA SANTANA
PL 253/2021,1,160,EDUARDO MATARAZZO SUPLICY
PL 253/2021,2,696,CARLOS BEZERRA JR.
PL 253/2021,3,1349,SENIVAL MOURA
PL 253/2021,4,1634,JULIANA CARDOSO
PL 253/2021,5,1999,PROFESSOR TONINHO VESPOLI
PL 253/2021,6,2144,FABIO RIVA
PL 253/2021,7,2149,DANIEL ANNENBERG
PL 253/2021,8,2205,LUANA ALVES
PL 253/2021,9,2208,ELAINE DO QUILOMBO PERIFÉRICO
PL 254/2021,1,2145,FERNANDO HOLIDAY
PL 255/2021,1,2145,FERNANDO HOLIDAY
PL 256/2021,1,273,MILTON LEITE
PL 256/2021,2,776,ELISEU GABRIEL
PL 256/2021,3,2209,DANILO DO POSTO DE SAÚDE
PL 256/2021,4,2213,FARIA DE SÁ
PL 257/2021,1,1999,PROFESSOR TONINHO VESPOLI
PL 257/2021,2,2217,SANSÃO PEREIRA
PL 258/2021,1,1311,ANTONIO DONATO
PL 258/2021,2,2254,LUNA ZARATTINI
PL 259/2021,1,1635,DRA. SANDRA TADEU
PL 260/2021,1,1296,ADILSON AMADEU
PL 261/2021,1,1635,DRA. SANDRA TADEU
PL 261/2021,2,2150,ANDRÉ SANTOS
PL 261/2021,3,2219,MARCELO MESSIAS
PL 261/2021,4,2220,DELEGADO PALUMBO
PL 261/2021,5,2223,FELIPE BECARI
PL 262/2021,1,676,ATÍLIO FRANCISCO
PL 262/2021,2,1647,EDIR SALES
PL 262/2021,3,2144,FABIO RIVA
PL 262/2021,4,2146,GILBERTO NASCIMENTO
PL 262/2021,5,2150,ANDRÉ SANTOS
PL 262/2021,6,2152,RINALDI DIGILIO
PL 262/2021,7,2153,RODRIGO GOULART
PL 262/2021,8,2159,RUTE COSTA
PL 262/2021,9,2210,ELY TERUEL
PL 262/2021,10,2224,SANDRA SANTANA
PL 262/2021,11,2244,JORGE WILSON FILHO
PL 263/2021,1,2150,ANDRÉ SANTOS
PL 264/2021,1,776,ELISEU GABRIEL
PL 265/2021,1,1487,RICARDO TEIXEIRA
PL 266/2021,1,1487,RICARDO TEIXEIRA
PL 267/2021,1,2152,RINALDI DIGILIO
PL 267/2021,2,2154,CAMILO CRISTÓFARO
PL 268/2021,1,2152,RINALDI DIGILIO
PL 268/2021,2,2154,CAMILO CRISTÓFARO
PL 268/2021,3,2155,JANAÍNA LIMA
PL 269/2021,1,2001,JAIR TATTO
PL 270/2021,1,2213,FARIA DE SÁ
PL 271/2021,1,2213,FARIA DE SÁ
PL 272/2021,1,2213,FARIA DE SÁ
PL 273/2021,1,1999,PROFESSOR TONINHO VESPOLI
PL 274/2021,1,696,CARLOS BEZERRA JR.
PL 274/2021,2,2224,SANDRA SANTANA
PL 275/2021,1,224,AURÉLIO NOMURA
PL 276/2021,1,314,MISSIONÁRIO JOSÉ OLÍMPIO
PL 276/2021,2,676,ATÍLIO FRANCISCO
PL 276/2021,3,2144,FABIO RIVA
PL 276/2021,4,2150,ANDRÉ SANTOS
PL 276/2021,5,2153,RODRIGO GOULART
PL 276/2021,6,2154,CAMILO CRISTÓFARO
PL 276/2021,7,2210,ELY TERUEL
PL 276/2021,8,2213,FARIA DE SÁ
PL 276/2021,9,2217,SANSÃO PEREIRA
PL 276/2021,10,2221,ELI CORRÊA
PL 276/2021,11,2224,SANDRA SANTANA
PL 277/2021,1,1634,JULIANA CARDOSO
PL 277/2021,2,2256,HÉLIO RODRIGUES
PL 278/2021,1,1635,DRA. SANDRA TADEU
PL 279/2021,1,1635,DRA. SANDRA TADEU
PL 279/2021,2,2219,MARCELO MESSIAS
PL 280/2021,1,1999,PROFESSOR TONINHO VESPOLI
PL 280/2021,2,2185,CELSO GIANNAZI
PL 280/2021,3,2205,LUANA ALVES
PL 280/2021,4,2206,SILVIA DA BANCADA FEMINISTA
PL 280/2021,5,2207,ERIKA HILTON
PL 280/2021,6,2208,ELAINE DO QUILOMBO PERIFÉRICO
PL 281/2021,1,314,MISSIONÁRIO JOSÉ OLÍMPIO
PL 281/2021,2,1635,DRA. SANDRA TADEU
PL 281/2021,3,2159,RUTE COSTA
PL 281/2021,4,2213,FARIA DE SÁ
PL 281/2021,5,2228,RENATA FALZONI
PL 282/2021,1,2229,RICARDO NUNES
PL 283/2021,1,1487,RICARDO TEIXEIRA
PL 283/2021,2,2150,ANDRÉ SANTOS
PL 283/2021,3,2217,SANSÃO PEREIRA
PL 284/2021,1,1487,RICARDO TEIXEIRA
PL 285/2021,1,224,AURÉLIO NOMURA
PL 286/2021,1,1447,ALFREDINHO
PL 286/2021,2,2153,RODRIGO GOULART
PL 287/2021,1,1999,PROFESSOR TONINHO VESPOLI
PL 288/2021,1,1635,DRA. SANDRA TADEU
PL 288/2021,2,1989,GEORGE HATO
PL 288/2021,3,1999,PROFESSOR TONINHO VESPOLI
PL 288/2021,4,2147,ISAC FÉLIX
PL 288/2021,5,2153,RODRIGO GOULART
PL 288/2021,6,2210,ELY TERUEL
PL 288/2021,7,2215,MARLON LUZ
PL 288/2021,8,2220,DELEGADO PALUMBO
PL 288/2021,9,2222,CRIS MONTEIRO
PL 289/2021,1,1487,RICARDO TEIXEIRA
PL 289/2021,2,2218,THAMMY MIRANDA
PL 289/2021,3,2224,SANDRA SANTANA
PL 290/2021,1,2223,FELIPE BECARI
PL 292/2021,1,1634,JULIANA CARDOSO
PL 293/2021,1,1999,PROFESSOR TONINHO VESPOLI
PL 294/2021,1,1634,JULIANA CARDOSO
PL 295/2021,1,1635,DRA. SANDRA TADEU
PL 296/2021,1,2228,RENATA FALZONI
PL 297/2021,1,2155,JANAÍNA LIMA
PL 298/2021,1,1487,RICARDO TEIXEIRA
PL 299/2021,1,155,ARSELINO TATTO
PL 299/2021,2,187,GILSON BARRETO
PL 299/2021,3,224,AURÉLIO NOMURA
PL 299/2021,4,267,PAULO FRANGE
PL 299/2021,5,676,ATÍLIO FRANCISCO
PL 299/2021,6,696,CARLOS BEZERRA JR.
PL 299/2021,7,1296,ADILSON AMADEU
PL 299/2021,8,1311,ANTONIO DONATO
PL 299/2021,9,1349,SENIVAL MOURA
PL 299/2021,10,1447,ALFREDINHO
PL 299/2021,11,1487,RICARDO TEIXEIRA
PL 299/2021,12,1635,DRA. SANDRA TADEU
PL 299/2021,13,1636,DR. MILTON FERREIRA
PL 299/2021,14,1647,EDIR SALES
PL 299/2021,15,1989,GEORGE HATO
PL 299/2021,16,2000,ALESSANDRO GUEDES
PL 299/2021,17,2001,JAIR TATTO
PL 299/2021,18,2144,FABIO RIVA
PL 299/2021,19,2145,FERNANDO HOLIDAY
PL 299/2021,20,2146,GILBERTO NASCIMENTO
PL 299/2021,21,2147,ISAC FÉLIX
PL 299/2021,22,2152,RINALDI DIGILIO
PL 299/2021,23,2153,RODRIGO GOULART
PL 299/2021,24,2154,CAMILO CRISTÓFARO
PL 299/2021,25,2158,XEXÉU TRIPOLI
PL 299/2021,26,2159,RUTE COSTA
PL 299/2021,27,2209,DANILO DO POSTO DE SAÚDE
PL 299/2021,28,2210,ELY TERUEL
PL 299/2021,29,2211,SIDNEY CRUZ
PL 299/2021,30,2213,FARIA DE SÁ
PL 299/2021,31,2217,SANSÃO PEREIRA
PL 299/2021,32,2218,THAMMY MIRANDA
PL 299/2021,33,2219,MARCELO MESSIAS
PL 299/2021,34,2220,DELEGADO PALUMBO
PL 299/2021,35,2222,CRIS MONTEIRO
PL 299/2021,36,2223,FELIPE BECARI
PL 299/2021,37,2224,SANDRA SANTANA
PL 299/2021,38,2228,RENATA FALZONI
PL 300/2021,1,2154,CAMILO CRISTÓFARO
PL 300/2021,2,2224,SANDRA SANTANA
PL 301/2021,1,1634,JULIANA CARDOSO
PL 301/2021,2,2254,LUNA ZARATTINI
PL 302/2021,1,1999,PROFESSOR TONINHO VESPOLI
PL 303/2021,1,1296,ADILSON AMADEU
PL 303/2021,2,2215,MARLON LUZ
PL 304/2021,1,1647,EDIR SALES
PL 304/2021,2,2153,RODRIGO GOULART
PL 304/2021,3,2215,MARLON LUZ
PL 304/2021,4,2219,MARCELO MESSIAS
PL 305/2021,1,267,PAULO FRANGE
PL 305/2021,2,273,MILTON LEITE
PL 305/2021,3,1296,ADILSON AMADEU
PL 305/2021,4,2152,RINALDI DIGILIO
PL 305/2021,5,2153,RODRIGO GOULART
PL 305/2021,6,2210,ELY TERUEL
PL 305/2021,7,2246,MAJOR PALUMBO
PL 305/2021,8,2276,SILVÃO LEITE
PL 305/2021,9,2279,SILVINHO LEITE
PL 306/2021,1,187,GILSON BARRETO
PL 306/2021,2,224,AURÉLIO NOMURA
PL 306/2021,3,696,CARLOS BEZERRA JR.
PL 306/2021,4,2144,FABIO RIVA
PL 306/2021,5,2158,XEXÉU TRIPOLI
PL 306/2021,6,2159,RUTE COSTA
PL 306/2021,7,2213,FARIA DE SÁ
PL 306/2021,8,2219,MARCELO MESSIAS
PL 306/2021,9,2224,SANDRA SANTANA
PL 307/2021,1,1647,EDIR SALES
PL 308/2021,1,1647,EDIR SALES
PL 309/2021,1,2205,LUANA ALVES
PL 309/2021,2,2207,ERIKA HILTON
PL 310/2021,1,2154,CAMILO CRISTÓFARO
PL 310/2021,2,2220,DELEGADO PALUMBO
PL 311/2021,1,224,AURÉLIO NOMURA
PL 311/2021,2,2154,CAMILO CRISTÓFARO
PL 311/2021,3,2155,JANAÍNA LIMA
PL 311/2021,4,2210,ELY TERUEL
PL 311/2021,5,2219,MARCELO MESSIAS
PL 311/2021,6,2221,ELI CORRÊA
PL 311/2021,7,2224,SANDRA SANTANA
PL 312/2021,1,1635,DRA. SANDRA TADEU
PL 313/2021,1,2214,RUBINHO NUNES
PL 314/2021,1,187,GILSON BARRETO
PL 314/2021,2,2218,THAMMY MIRANDA
PL 315/2021,1,2214,RUBINHO NUNES
PL 318/2021,1,224,AURÉLIO NOMURA
PL 319/2021,1,1487,RICARDO TEIXEIRA
PL 319/2021,2,2153,RODRIGO GOULART
PL 319/2021,3,2210,ELY TERUEL
PL 319/2021,4,2214,RUBINHO NUNES
PL 319/2021,5,2223,FELIPE BECARI
PL 319/2021,6,2244,JORGE WILSON FILHO
PL 320/2021,1,2224,SANDRA SANTANA
PL 321/2021,1,696,CARLOS BEZERRA JR.
PL 321/2021,2,2153,RODRIGO GOULART
PL 322/2021,1,2145,FERNANDO HOLIDAY
PL 322/2021,2,2153,RODRIGO GOULART
PL 323/2021,1,2205,LUANA ALVES
PL 324/2021,1,224,AURÉLIO NOMURA
PL 325/2021,1,696,CARLOS BEZERRA JR.
PL 326/2021,1,1634,JULIANA CARDOSO
PL 327/2021,1,2149,DANIEL ANNENBERG
PL 327/2021,2,2222,CRIS MONTEIRO
PL 328/2021,1,2150,ANDRÉ SANTOS
PL 328/2021,2,2221,ELI CORRÊA
PL 329/2021,1,155,ARSELINO TATTO
PL 329/2021,2,187,GILSON BARRETO
PL 329/2021,3,1647,EDIR SALES
PL 329/2021,4,2153,RODRIGO GOULART
PL 329/2021,5,2210,ELY TERUEL
PL 329/2021,6,2213,FARIA DE SÁ
PL 329/2021,7,2218,THAMMY MIRANDA
PL 329/2021,8,2222,CRIS MONTEIRO
PL 329/2021,9,2223,FELIPE BECARI
PL 330/2021,1,2153,RODRIGO GOULART
PL 330/2021,2,2218,THAMMY MIRANDA
PL 330/2021,3,2219,MARCELO MESSIAS
PL 331/2021,1,1634,JULIANA CARDOSO
PL 331/2021,2,2144,FABIO RIVA
PL 331/2021,3,2223,FELIPE BECARI
PL 331/2021,4,2224,SANDRA SANTANA
PL 331/2021,5,2254,LUNA ZARATTINI
PL 331/2021,6,2256,HÉLIO RODRIGUES
PL 332/2021,1,2153,RODRIGO GOULART
PL 333/2021,1,1311,ANTONIO DONATO
PL 333/2021,2,1349,SENIVAL MOURA
PL 333/2021,3,2000,ALESSANDRO GUEDES
PL 333/2021,4,2205,LUANA ALVES
PL 333/2021,5,2207,ERIKA HILTON
PL 333/2021,6,2208,ELAINE DO QUILOMBO PERIFÉRICO
PL 333/2021,7,2218,THAMMY MIRANDA
PL 334/2021,1,1634,JULIANA CARDOSO
PL 335/2021,1,224,AURÉLIO NOMURA
PL 336/2021,1,1487,RICARDO TEIXEIRA
PL 337/2021,1,776,ELISEU GABRIEL
PL 338/2021,1,2147,ISAC FÉLIX
PL 339/2021,1,1635,DRA. SANDRA TADEU
PL 340/2021,1,2146,GILBERTO NASCIMENTO
PL 341/2021,1,1487,RICARDO TEIXEIRA
PL 341/2021,2,2153,RODRIGO GOULART
PL 341/2021,3,2213,FARIA DE SÁ
PL 342/2021,1,1635,DRA. SANDRA TADEU
PL 342/2021,2,2213,FARIA DE SÁ
PL 343/2021,1,2147,ISAC FÉLIX
PL 344/2021,1,267,PAULO FRANGE
PL 344/2021,2,2159,RUTE COSTA
PL 345/2021,1,267,PAULO FRANGE
PL 345/2021,2,2224,SANDRA SANTANA
PL 346/2021,1,696,CARLOS BEZERRA JR.
PL 347/2021,1,2229,RICARDO NUNES
PL 348/2021,1,1636,DR. MILTON FERREIRA
PL 349/2021,1,2185,CELSO GIANNAZI
PL 350/2021,1,2185,CELSO GIANNAZI
PL 351/2021,1,1634,JULIANA CARDOSO
PL 352/2021,1,1999,PROFESSOR TONINHO VESPOLI
PL 352/2021,2,2228,RENATA FALZONI
PL 353/2021,1,2147,ISAC FÉLIX
PL 354/2021,1,314,MISSIONÁRIO JOSÉ OLÍMPIO
PL 354/2021,2,1487,RICARDO TEIXEIRA
PL 354/2021,3,2228,RENATA FALZONI
PL 354/2021,4,2275,GABRIEL ABREU
PL 355/2021,1,2209,DANILO DO POSTO DE SAÚDE
PL 356/2021,1,2209,DANILO DO POSTO DE SAÚDE
PL 358/2021,1,160,EDUARDO MATARAZZO SUPLICY
PL 358/2021,2,1447,ALFREDINHO
PL 358/2021,3,2205,LUANA ALVES
PL 358/2021,4,2207,ERIKA HILTON
PL 359/2021,1,776,ELISEU GABRIEL
PL 360/2021,1,1636,DR. MILTON FERREIRA
PL 360/2021,2,2246,MAJOR PALUMBO
PL 361/2021,1,2185,CELSO GIANNAZI
PL 363/2021,1,273,MILTON LEITE
PL 363/2021,2,1635,DRA. SANDRA TADEU
PL 363/2021,3,2215,MARLON LUZ
PL 363/2021,4,2219,MARCELO MESSIAS
PL 363/2021,5,2220,DELEGADO PALUMBO
PL 364/2021,1,273,MILTON LEITE
PL 364/2021,2,2144,FABIO RIVA
PL 364/2021,3,2146,GILBERTO NASCIMENTO
PL 364/2021,4,2220,DELEGADO PALUMBO
PL 365/2021,1,1487,RICARDO TEIXEIRA
PL 366/2021,1,1487,RICARDO TEIXEIRA
PL 367/2021,1,2152,RINALDI DIGILIO
PL 368/2021,1,224,AURÉLIO NOMURA
PL 369/2021,1,2214,RUBINHO NUNES
PL 370/2021,1,2154,CAMILO CRISTÓFARO
PL 371/2021,1,1999,PROFESSOR TONINHO VESPOLI
PL 372/2021,1,1999,PROFESSOR TONINHO VESPOLI
PL 373/2021,1,1999,PROFESSOR TONINHO VESPOLI
PL 374/2021,1,1999,PROFESSOR TONINHO VESPOLI
PL 375/2021,1,1999,PROFESSOR TONINHO VESPOLI
PL 376/2021,1,2147,ISAC FÉLIX
PL 377/2021,1,2185,CELSO GIANNAZI
PL 378/2021,1,696,CARLOS BEZERRA JR.
PL 378/2021,2,1635,DRA. SANDRA TADEU
PL 378/2021,3,1647,EDIR SALES
PL 378/2021,4,2152,RINALDI DIGILIO
PL 378/2021,5,2154,CAMILO CRISTÓFARO
PL 378/2021,6,2210,ELY TERUEL
PL 378/2021,7,2213,FARIA DE SÁ
PL 378/2021,8,2214,RUBINHO NUNES
PL 379/2021,1,2001,JAIR TATTO
PL 379/2021,2,2213,FARIA DE SÁ
PL 381/2021,1,696,CARLOS BEZERRA JR.
PL 382/2021,1,1487,RICARDO TEIXEIRA
PL 383/2021,1,2147,ISAC FÉLIX
PL 384/2021,1,2147,ISAC FÉLIX
PL 385/2021,1,2147,ISAC FÉLIX
PL 385/2021,2,2154,CAMILO CRISTÓFARO
PL 385/2021,3,2217,SANSÃO PEREIRA
PL 386/2021,1,2147,ISAC FÉLIX
PL 386/2021,2,2219,MARCELO MESSIAS
PL 387/2021,1,2229,RICARDO NUNES
PL 389/2021,1,2229,RICARDO NUNES
PL 390/2021,1,2229,RICARDO NUNES
PL 391/2021,1,2229,RICARDO NUNES
PL 392/2021,1,2175,EXTRA. RELAÇÕES INTERNACIONAIS
PL 393/2021,1,2185,CELSO GIANNAZI
PL 394/2021,1,2185,CELSO GIANNAZI
PL 395/2021,1,1487,RICARDO TEIXEIRA
PL 396/2021,1,2147,ISAC FÉLIX
PL 397/2021,1,57,COMISSÃO DE FINANÇAS E ORÇAMENTO
PL 398/2021,1,2220,DELEGADO PALUMBO
PL 400/2021,1,2224,SANDRA SANTANA
PL 401/2021,1,2224,SANDRA SANTANA
PL 402/2021,1,2150,ANDRÉ SANTOS
PL 402/2021,2,2153,RODRIGO GOULART
PL 402/2021,3,2154,CAMILO CRISTÓFARO
PL 402/2021,4,2210,ELY TERUEL
PL 402/2021,5,2215,MARLON LUZ
PL 402/2021,6,2220,DELEGADO PALUMBO
PL 403/2021,1,2185,CELSO GIANNAZI
PL 404/2021,1,160,EDUARDO MATARAZZO SUPLICY
PL 404/2021,2,1349,SENIVAL MOURA
PL 404/2021,3,1447,ALFREDINHO
PL 404/2021,4,1999,PROFESSOR TONINHO VESPOLI
PL 404/2021,5,2155,JANAÍNA LIMA
PL 404/2021,6,2205,LUANA ALVES
PL 404/2021,7,2206,SILVIA DA BANCADA FEMINISTA
PL 404/2021,8,2207,ERIKA HILTON
PL 404/2021,9,2210,ELY TERUEL
PL 404/2021,10,2217,SANSÃO PEREIRA
PL 404/2021,11,2221,ELI CORRÊA
PL 404/2021,12,2254,LUNA ZARATTINI
PL 404/2021,13,2267,AMANDA PASCHOAL
PL 404/2021,14,2278,KEIT LIMA
PL 404/2021,15,2279,SILVINHO LEITE
PL 405/2021,1,1999,PROFESSOR TONINHO VESPOLI
PL 405/2021,2,2185,CELSO GIANNAZI
PL 405/2021,3,2205,LUANA ALVES
PL 405/2021,4,2206,SILVIA DA BANCADA FEMINISTA
PL 405/2021,5,2207,ERIKA HILTON
PL 405/2021,6,2208,ELAINE DO QUILOMBO PERIFÉRICO
PL 406/2021,1,2154,CAMILO CRISTÓFARO
PL 407/2021,1,1447,ALFREDINHO
PL 407/2021,2,2154,CAMILO CRISTÓFARO
PL 408/2021,1,2144,FABIO RIVA
PL 409/2021,1,2214,RUBINHO NUNES
PL 409/2021,2,2219,MARCELO MESSIAS
PL 409/2021,3,2224,SANDRA SANTANA
PL 410/2021,1,2224,SANDRA SANTANA
PL 411/2021,1,2215,MARLON LUZ
PL 412/2021,1,1311,ANTONIO DONATO
PL 413/2021,1,2144,FABIO RIVA
PL 413/2021,2,2219,MARCELO MESSIAS
PL 414/2021,1,2213,FARIA DE SÁ
PL 414/2021,2,2214,RUBINHO NUNES
PL 415/2021,1,2214,RUBINHO NUNES
PL 416/2021,1,155,ARSELINO TATTO
PL 416/2021,2,160,EDUARDO MATARAZZO SUPLICY
PL 416/2021,3,267,PAULO FRANGE
PL 416/2021,4,676,ATÍLIO FRANCISCO
PL 416/2021,5,696,CARLOS BEZERRA JR.
PL 416/2021,6,776,ELISEU GABRIEL
PL 416/2021,7,936,NABIL BONDUKI
PL 416/2021,8,1296,ADILSON AMADEU
PL 416/2021,9,1311,ANTONIO DONATO
PL 416/2021,10,1349,SENIVAL MOURA
PL 416/2021,11,1447,ALFREDINHO
PL 416/2021,12,1999,PROFESSOR TONINHO VESPOLI
PL 416/2021,13,2000,ALESSANDRO GUEDES
PL 416/2021,14,2001,JAIR TATTO
PL 416/2021,15,2147,ISAC FÉLIX
PL 416/2021,16,2185,CELSO GIANNAZI
PL 416/2021,17,2205,LUANA ALVES
PL 416/2021,18,2207,ERIKA HILTON
PL 416/2021,19,2208,ELAINE DO QUILOMBO PERIFÉRICO
PL 416/2021,20,2209,DANILO DO POSTO DE SAÚDE
PL 416/2021,21,2211,SIDNEY CRUZ
PL 416/2021,22,2217,SANSÃO PEREIRA
PL 416/2021,23,2219,MARCELO MESSIAS
PL 416/2021,24,2254,LUNA ZARATTINI
PL 417/2021,1,1487,RICARDO TEIXEIRA
PL 419/2021,1,2213,FARIA DE SÁ
PL 420/2021,1,1634,JULIANA CARDOSO
PL 421/2021,1,160,EDUARDO MATARAZZO SUPLICY
PL 421/2021,2,2207,ERIKA HILTON
PL 421/2021,3,2208,ELAINE DO QUILOMBO PERIFÉRICO
PL 421/2021,4,2254,LUNA ZARATTINI
PL 422/2021,1,2207,ERIKA HILTON
PL 422/2021,2,2208,ELAINE DO QUILOMBO PERIFÉRICO
PL 423/2021,1,2152,RINALDI DIGILIO
PL 423/2021,2,2217,SANSÃO PEREIRA
PL 424/2021,1,160,EDUARDO MATARAZZO SUPLICY
PL 424/2021,2,1311,ANTONIO DONATO
PL 424/2021,3,1634,JULIANA CARDOSO
PL 424/2021,4,1999,PROFESSOR TONINHO VESPOLI
PL 424/2021,5,2185,CELSO GIANNAZI
PL 424/2021,6,2205,LUANA ALVES
PL 424/2021,7,2206,SILVIA DA BANCADA FEMINISTA
PL 424/2021,8,2207,ERIKA HILTON
PL 424/2021,9,2208,ELAINE DO QUILOMBO PERIFÉRICO
PL 425/2021,1,155,ARSELINO TATTO
PL 425/2021,2,160,EDUARDO MATARAZZO SUPLICY
PL 425/2021,3,696,CARLOS BEZERRA JR.
PL 425/2021,4,1311,ANTONIO DONATO
PL 425/2021,5,1349,SENIVAL MOURA
PL 425/2021,6,1999,PROFESSOR TONINHO VESPOLI
PL 425/2021,7,2000,ALESSANDRO GUEDES
PL 425/2021,8,2001,JAIR TATTO
PL 425/2021,9,2185,CELSO GIANNAZI
PL 425/2021,10,2205,LUANA ALVES
PL 425/2021,11,2206,SILVIA DA BANCADA FEMINISTA
PL 425/2021,12,2207,ERIKA HILTON
PL 425/2021,13,2208,ELAINE DO QUILOMBO PERIFÉRICO
PL 425/2021,14,2217,SANSÃO PEREIRA
PL 426/2021,1,1635,DRA. SANDRA TADEU
PL 427/2021,1,1635,DRA. SANDRA TADEU
PL 428/2021,1,1647,EDIR SALES
PL 428/2021,2,2145,FERNANDO HOLIDAY
PL 428/2021,3,2146,GILBERTO NASCIMENTO
PL 428/2021,4,2152,RINALDI DIGILIO
PL 428/2021,5,2153,RODRIGO GOULART
PL 428/2021,6,2214,RUBINHO NUNES
PL 428/2021,7,2215,MARLON LUZ
PL 428/2021,8,2222,CRIS MONTEIRO
PL 429/2021,1,2208,ELAINE DO QUILOMBO PERIFÉRICO
PL 430/2021,1,2159,RUTE COSTA
PL 431/2021,1,2159,RUTE COSTA
PL 431/2021,2,2224,SANDRA SANTANA
PL 432/2021,1,2223,FELIPE BECARI
PL 433/2021,1,2159,RUTE COSTA
PL 434/2021,1,314,MISSIONÁRIO JOSÉ OLÍMPIO
PL 434/2021,2,2146,GILBERTO NASCIMENTO
PL 434/2021,3,2152,RINALDI DIGILIO
PL 434/2021,4,2210,ELY TERUEL
PL 434/2021,5,2213,FARIA DE SÁ
PL 434/2021,6,2214,RUBINHO NUNES
PL 435/2021,1,2229,RICARDO NUNES
PL 436/2021,1,2229,RICARDO NUNES
PL 437/2021,1,2229,RICARDO NUNES
PL 438/2021,1,2159,RUTE COSTA
PL 439/2021,1,2213,FARIA DE SÁ
PL 440/2021,1,2213,FARIA DE SÁ
PL 441/2021,1,187,GILSON BARRETO
PL 441/2021,2,224,AURÉLIO NOMURA
PL 441/2021,3,696,CARLOS BEZERRA JR.
PL 441/2021,4,1296,ADILSON AMADEU
PL 441/2021,5,1635,DRA. SANDRA TADEU
PL 441/2021,6,1999,PROFESSOR TONINHO VESPOLI
PL 441/2021,7,2144,FABIO RIVA
PL 441/2021,8,2147,ISAC FÉLIX
PL 441/2021,9,2153,RODRIGO GOULART
PL 441/2021,10,2207,ERIKA HILTON
PL 441/2021,11,2211,SIDNEY CRUZ
PL 441/2021,12,2219,MARCELO MESSIAS
PL 441/2021,13,2223,FELIPE BECARI
PL 442/2021,1,2206,SILVIA DA BANCADA FEMINISTA
PL 443/2021,1,696,CARLOS BEZERRA JR.
PL 443/2021,2,2206,SILVIA DA BANCADA FEMINISTA
PL 444/2021,1,2229,RICARDO NUNES
PL 445/2021,1,2229,RICARDO NUNES
PL 446/2021,1,2229,RICARDO NUNES
PL 447/2021,1,2229,RICARDO NUNES
PL 448/2021,1,2185,CELSO GIANNAZI
PL 449/2021,1,1999,PROFESSOR TONINHO VESPOLI
PL 449/2021,2,2214,RUBINHO NUNES
PL 450/2021,1,2146,GILBERTO NASCIMENTO
PL 450/2021,2,2219,MARCELO MESSIAS
PL 450/2021,3,2221,ELI CORRÊA
PL 451/2021,1,224,AURÉLIO NOMURA
PL 452/2021,1,2216,SONAIRA FERNANDES
PL 453/2021,1,2209,DANILO DO POSTO DE SAÚDE
PL 454/2021,1,1487,RICARDO TEIXEIRA
PL 454/2021,2,2158,XEXÉU TRIPOLI
PL 455/2021,1,2211,SIDNEY CRUZ
PL 456/2021,1,187,GILSON BARRETO
PL 456/2021,2,1634,JULIANA CARDOSO
PL 456/2021,3,1647,EDIR SALES
PL 456/2021,4,1989,GEORGE HATO
PL 456/2021,5,2152,RINALDI DIGILIO
PL 456/2021,6,2155,JANAÍNA LIMA
PL 456/2021,7,2159,RUTE COSTA
PL 456/2021,8,2213,FARIA DE SÁ
PL 456/2021,9,2215,MARLON LUZ
PL 456/2021,10,2221,ELI CORRÊA
PL 456/2021,11,2224,SANDRA SANTANA
PL 457/2021,1,1447,ALFREDINHO
PL 458/2021,1,1999,PROFESSOR TONINHO VESPOLI
PL 458/2021,2,2185,CELSO GIANNAZI
PL 458/2021,3,2205,LUANA ALVES
PL 458/2021,4,2206,SILVIA DA BANCADA FEMINISTA
PL 458/2021,5,2207,ERIKA HILTON
PL 458/2021,6,2208,ELAINE DO QUILOMBO PERIFÉRICO
PL 460/2021,1,1635,DRA. SANDRA TADEU
PL 460/2021,2,2144,FABIO RIVA
PL 460/2021,3,2145,FERNANDO HOLIDAY
PL 460/2021,4,2153,RODRIGO GOULART
PL 460/2021,5,2155,JANAÍNA LIMA
PL 460/2021,6,2159,RUTE COSTA
PL 460/2021,7,2210,ELY TERUEL
PL 460/2021,8,2213,FARIA DE SÁ
PL 460/2021,9,2214,RUBINHO NUNES
PL 460/2021,10,2217,SANSÃO PEREIRA
PL 460/2021,11,2218,THAMMY MIRANDA
PL 460/2021,12,2219,MARCELO MESSIAS
PL 460/2021,13,2220,DELEGADO PALUMBO
PL 460/2021,14,2221,ELI CORRÊA
PL 461/2021,1,1635,DRA. SANDRA TADEU
PL 462/2021,1,187,GILSON BARRETO
PL 462/2021,2,1999,PROFESSOR TONINHO VESPOLI
PL 462/2021,3,2159,RUTE COSTA
PL 463/2021,1,2000,ALESSANDRO GUEDES
PL 464/2021,1,224,AURÉLIO NOMURA
PL 465/2021,1,160,EDUARDO MATARAZZO SUPLICY
PL 465/2021,2,1349,SENIVAL MOURA
PL 465/2021,3,1447,ALFREDINHO
PL 465/2021,4,1999,PROFESSOR TONINHO VESPOLI
PL 465/2021,5,2205,LUANA ALVES
PL 465/2021,6,2206,SILVIA DA BANCADA FEMINISTA
PL 465/2021,7,2207,ERIKA HILTON
PL 465/2021,8,2223,FELIPE BECARI
PL 466/2021,1,2207,ERIKA HILTON
PL 467/2021,1,2220,DELEGADO PALUMBO
PL 468/2021,1,2214,RUBINHO NUNES
PL 469/2021,1,2214,RUBINHO NUNES
PL 469/2021,2,2219,MARCELO MESSIAS
PL 470/2021,1,1634,JULIANA CARDOSO
PL 470/2021,2,2205,LUANA ALVES
PL 470/2021,3,2206,SILVIA DA BANCADA FEMINISTA
PL 470/2021,4,2207,ERIKA HILTON
PL 470/2021,5,2208,ELAINE DO QUILOMBO PERIFÉRICO
PL 471/2021,1,1349,SENIVAL MOURA
PL 471/2021,2,2273,DR. MURILLO LIMA
PL 471/2021,3,2281,SIMONE GANEM
PL 472/2021,1,1349,SENIVAL MOURA
PL 472/2021,2,2155,JANAÍNA LIMA
PL 472/2021,3,2159,RUTE COSTA
PL 473/2021,1,1647,EDIR SALES
PL 473/2021,2,2152,RINALDI DIGILIO
PL 473/2021,3,2153,RODRIGO GOULART
PL 473/2021,4,2210,ELY TERUEL
PL 473/2021,5,2213,FARIA DE SÁ
PL 473/2021,6,2222,CRIS MONTEIRO
PL 473/2021,7,2223,FELIPE BECARI
PL 474/2021,1,1647,EDIR SALES
PL 474/2021,2,2152,RINALDI DIGILIO
PL 474/2021,3,2153,RODRIGO GOULART
PL 474/2021,4,2209,DANILO DO POSTO DE SAÚDE
PL 474/2021,5,2210,ELY TERUEL
PL 474/2021,6,2213,FARIA DE SÁ
PL 474/2021,7,2218,THAMMY MIRANDA
PL 474/2021,8,2222,CRIS MONTEIRO
PL 474/2021,9,2223,FELIPE BECARI
PL 474/2021,10,2244,JORGE WILSON FILHO
PL 475/2021,1,2205,LUANA ALVES
PL 475/2021,2,2206,SILVIA DA BANCADA FEMINISTA
PL 475/2021,3,2207,ERIKA HILTON
PL 476/2021,1,2218,THAMMY MIRANDA
PL 476/2021,2,2219,MARCELO MESSIAS
PL 476/2021,3,2224,SANDRA SANTANA
PL 477/2021,1,1634,JULIANA CARDOSO
PL 478/2021,1,2213,FARIA DE SÁ
PL 479/2021,1,2213,FARIA DE SÁ
PL 480/2021,1,1989,GEORGE HATO
PL 481/2021,1,155,ARSELINO TATTO
PL 481/2021,2,187,GILSON BARRETO
PL 481/2021,3,1349,SENIVAL MOURA
PL 481/2021,4,1635,DRA. SANDRA TADEU
PL 481/2021,5,2153,RODRIGO GOULART
PL 481/2021,6,2154,CAMILO CRISTÓFARO
PL 481/2021,7,2211,SIDNEY CRUZ
PL 481/2021,8,2213,FARIA DE SÁ
PL 481/2021,9,2218,THAMMY MIRANDA
PL 483/2021,1,776,ELISEU GABRIEL
PL 484/2021,1,2185,CELSO GIANNAZI
PL 485/2021,1,2145,FERNANDO HOLIDAY
PL 486/2021,1,2145,FERNANDO HOLIDAY
PL 487/2021,1,1487,RICARDO TEIXEIRA
PL 488/2021,1,1487,RICARDO TEIXEIRA
PL 489/2021,1,1487,RICARDO TEIXEIRA
PL 489/2021,2,2214,RUBINHO NUNES
PL 490/2021,1,1487,RICARDO TEIXEIRA
PL 491/2021,1,1999,PROFESSOR TONINHO VESPOLI
PL 491/2021,2,2207,ERIKA HILTON
PL 491/2021,3,2248,JUSSARA BASSO
PL 492/2021,1,2220,DELEGADO PALUMBO
PL 493/2021,1,1349,SENIVAL MOURA
PL 493/2021,2,1447,ALFREDINHO
PL 493/2021,3,1634,JULIANA CARDOSO
PL 493/2021,4,1999,PROFESSOR TONINHO VESPOLI
PL 493/2021,5,2205,LUANA ALVES
PL 493/2021,6,2206,SILVIA DA BANCADA FEMINISTA
PL 493/2021,7,2207,ERIKA HILTON
PL 493/2021,8,2254,LUNA ZARATTINI
PL 494/2021,1,2185,CELSO GIANNAZI
PL 495/2021,1,2185,CELSO GIANNAZI
PL 496/2021,1,2229,RICARDO NUNES
PL 497/2021,1,2229,RICARDO NUNES
PL 498/2021,1,224,AURÉLIO NOMURA
PL 499/2021,1,1999,PROFESSOR TONINHO VESPOLI
PL 500/2021,1,2153,RODRIGO GOULART
PL 501/2021,1,2224,SANDRA SANTANA
PL 503/2021,1,2220,DELEGADO PALUMBO
PL 504/2021,1,2145,FERNANDO HOLIDAY
PL 505/2021,1,273,MILTON LEITE
PL 505/2021,2,1635,DRA. SANDRA TADEU
PL 505/2021,3,1647,EDIR SALES
PL 505/2021,4,2147,ISAC FÉLIX
PL 505/2021,5,2155,JANAÍNA LIMA
PL 505/2021,6,2210,ELY TERUEL
PL 505/2021,7,2213,FARIA DE SÁ
PL 505/2021,8,2218,THAMMY MIRANDA
PL 505/2021,9,2219,MARCELO MESSIAS
PL 505/2021,10,2220,DELEGADO PALUMBO
PL 506/2021,1,2205,LUANA ALVES
PL 507/2021,1,2224,SANDRA SANTANA
PL 508/2021,1,2213,FARIA DE SÁ
PL 508/2021,2,2224,SANDRA SANTANA
PL 509/2021,1,2145,FERNANDO HOLIDAY
PL 509/2021,2,2224,SANDRA SANTANA
PL 510/2021,1,1647,EDIR SALES
PL 510/2021,2,2154,CAMILO CRISTÓFARO
PL 510/2021,3,2155,JANAÍNA LIMA
PL 510/2021,4,2159,RUTE COSTA
PL 510/2021,5,2213,FARIA DE SÁ
PL 510/2021,6,2214,RUBINHO NUNES
PL 510/2021,7,2218,THAMMY MIRANDA
PL 510/2021,8,2219,MARCELO MESSIAS
PL 510/2021,9,2220,DELEGADO PALUMBO
PL 510/2021,10,2224,SANDRA SANTANA
PL 510/2021,11,2246,MAJOR PALUMBO
PL 511/2021,1,2153,RODRIGO GOULART
PL 512/2021,1,224,AURÉLIO NOMURA
PL 513/2021,1,155,ARSELINO TATTO
PL 513/2021,2,160,EDUARDO MATARAZZO SUPLICY
PL 513/2021,3,1349,SENIVAL MOURA
PL 513/2021,4,1447,ALFREDINHO
PL 513/2021,5,1634,JULIANA CARDOSO
PL 513/2021,6,2000,ALESSANDRO GUEDES
PL 513/2021,7,2001,JAIR TATTO
PL 514/2021,1,2152,RINALDI DIGILIO
PL 515/2021,1,676,ATÍLIO FRANCISCO
PL 515/2021,2,2150,ANDRÉ SANTOS
PL 515/2021,3,2152,RINALDI DIGILIO
PL 515/2021,4,2153,RODRIGO GOULART
PL 515/2021,5,2216,SONAIRA FERNANDES
PL 515/2021,6,2219,MARCELO MESSIAS
PL 515/2021,7,2221,ELI CORRÊA
PL 516/2021,1,676,ATÍLIO FRANCISCO
PL 516/2021,2,2209,DANILO DO POSTO DE SAÚDE
PL 516/2021,3,2244,JORGE WILSON FILHO
PL 517/2021,1,2217,SANSÃO PEREIRA
PL 518/2021,1,2155,JANAÍNA LIMA
PL 518/2021,2,2217,SANSÃO PEREIRA
PL 518/2021,3,2282,LUCAS PAVANATO
PL 519/2021,1,1989,GEORGE HATO
PL 519/2021,2,2217,SANSÃO PEREIRA
PL 519/2021,3,2219,MARCELO MESSIAS
PL 519/2021,4,2268,AMANDA VETTORAZZO
PL 520/2021,1,2217,SANSÃO PEREIRA
PL 521/2021,1,2131,RODOLFO DESPACHANTE
PL 521/2021,2,2217,SANSÃO PEREIRA
PL 522/2021,1,2217,SANSÃO PEREIRA
PL 522/2021,2,2224,SANDRA SANTANA
PL 522/2021,3,2228,RENATA FALZONI
PL 522/2021,4,2269,MARINA BRAGANTE
PL 522/2021,5,2279,SILVINHO LEITE
PL 523/2021,1,1635,DRA. SANDRA TADEU
PL 523/2021,2,2153,RODRIGO GOULART
PL 523/2021,3,2155,JANAÍNA LIMA
PL 523/2021,4,2217,SANSÃO PEREIRA
PL 523/2021,5,2224,SANDRA SANTANA
PL 523/2021,6,2246,MAJOR PALUMBO
PL 524/2021,1,2217,SANSÃO PEREIRA
PL 525/2021,1,2154,CAMILO CRISTÓFARO
PL 525/2021,2,2217,SANSÃO PEREIRA
PL 525/2021,3,2218,THAMMY MIRANDA
PL 526/2021,1,2217,SANSÃO PEREIRA
PL 527/2021,1,1647,EDIR SALES
PL 527/2021,2,2146,GILBERTO NASCIMENTO
PL 527/2021,3,2217,SANSÃO PEREIRA
PL 527/2021,4,2274,SARGENTO NANTES
PL 528/2021,1,176,ROBERTO TRÍPOLI
PL 528/2021,2,187,GILSON BARRETO
PL 528/2021,3,224,AURÉLIO NOMURA
PL 528/2021,4,267,PAULO FRANGE
PL 528/2021,5,314,MISSIONÁRIO JOSÉ OLÍMPIO
PL 528/2021,6,676,ATÍLIO FRANCISCO
PL 528/2021,7,776,ELISEU GABRIEL
PL 528/2021,8,1296,ADILSON AMADEU
PL 528/2021,9,1635,DRA. SANDRA TADEU
PL 528/2021,10,1636,DR. MILTON FERREIRA
PL 528/2021,11,1647,EDIR SALES
PL 528/2021,12,1989,GEORGE HATO
PL 528/2021,13,2000,ALESSANDRO GUEDES
PL 528/2021,14,2144,FABIO RIVA
PL 528/2021,15,2145,FERNANDO HOLIDAY
PL 528/2021,16,2146,GILBERTO NASCIMENTO
PL 528/2021,17,2147,ISAC FÉLIX
PL 528/2021,18,2149,DANIEL ANNENBERG
PL 528/2021,19,2150,ANDRÉ SANTOS
PL 528/2021,20,2152,RINALDI DIGILIO
PL 528/2021,21,2153,RODRIGO GOULART
PL 528/2021,22,2154,CAMILO CRISTÓFARO
PL 528/2021,23,2155,JANAÍNA LIMA
PL 528/2021,24,2158,XEXÉU TRIPOLI
PL 528/2021,25,2159,RUTE COSTA
PL 528/2021,26,2160,JOÃO JORGE
PL 528/2021,27,2209,DANILO DO POSTO DE SAÚDE
PL 528/2021,28,2210,ELY TERUEL
PL 528/2021,29,2211,SIDNEY CRUZ
PL 528/2021,30,2214,RUBINHO NUNES
PL 528/2021,31,2215,MARLON LUZ
PL 528/2021,32,2217,SANSÃO PEREIRA
PL 528/2021,33,2218,THAMMY MIRANDA
PL 528/2021,34,2219,MARCELO MESSIAS
PL 528/2021,35,2220,DELEGADO PALUMBO
PL 528/2021,36,2221,ELI CORRÊA
PL 528/2021,37,2222,CRIS MONTEIRO
PL 528/2021,38,2223,FELIPE BECARI
PL 528/2021,39,2224,SANDRA SANTANA
PL 528/2021,40,2246,MAJOR PALUMBO
PL 529/2021,1,2217,SANSÃO PEREIRA
PL 530/2021,1,1635,DRA. SANDRA TADEU
PL 531/2021,1,2206,SILVIA DA BANCADA FEMINISTA
PL 532/2021,1,224,AURÉLIO NOMURA
PL 533/2021,1,224,AURÉLIO NOMURA
PL 534/2021,1,2185,CELSO GIANNAZI
PL 535/2021,1,2218,THAMMY MIRANDA
PL 536/2021,1,224,AURÉLIO NOMURA
PL 537/2021,1,1999,PROFESSOR TONINHO VESPOLI
PL 537/2021,2,2208,ELAINE DO QUILOMBO PERIFÉRICO
PL 538/2021,1,2159,RUTE COSTA
PL 539/2021,1,2207,ERIKA HILTON
PL 540/2021,1,2147,ISAC FÉLIX
PL 540/2021,2,2152,RINALDI DIGILIO
PL 540/2021,3,2159,RUTE COSTA
PL 540/2021,4,2213,FARIA DE SÁ
PL 540/2021,5,2224,SANDRA SANTANA
PL 541/2021,1,160,EDUARDO MATARAZZO SUPLICY
PL 541/2021,2,696,CARLOS BEZERRA JR.
PL 541/2021,3,1487,RICARDO TEIXEIRA
PL 541/2021,4,1999,PROFESSOR TONINHO VESPOLI
PL 541/2021,5,2154,CAMILO CRISTÓFARO
PL 541/2021,6,2207,ERIKA HILTON
PL 541/2021,7,2228,RENATA FALZONI
PL 541/2021,8,2254,LUNA ZARATTINI
PL 541/2021,9,2278,KEIT LIMA
PL 541/2021,10,2279,SILVINHO LEITE
PL 542/2021,1,2211,SIDNEY CRUZ
PL 542/2021,2,2213,FARIA DE SÁ
PL 542/2021,3,2214,RUBINHO NUNES
PL 542/2021,4,2219,MARCELO MESSIAS
PL 542/2021,5,2220,DELEGADO PALUMBO
PL 542/2021,6,2222,CRIS MONTEIRO
PL 543/2021,1,2153,RODRIGO GOULART
PL 543/2021,2,2155,JANAÍNA LIMA
PL 543/2021,3,2214,RUBINHO NUNES
PL 544/2021,1,2206,SILVIA DA BANCADA FEMINISTA
PL 545/2021,1,2146,GILBERTO NASCIMENTO
PL 546/2021,1,2159,RUTE COSTA
PL 547/2021,1,2215,MARLON LUZ
PL 548/2021,1,1635,DRA. SANDRA TADEU
PL 548/2021,2,2215,MARLON LUZ
PL 548/2021,3,2220,DELEGADO PALUMBO
PL 549/2021,1,2154,CAMILO CRISTÓFARO
PL 550/2021,1,2154,CAMILO CRISTÓFARO
PL 551/2021,1,2154,CAMILO CRISTÓFARO
PL 552/2021,1,160,EDUARDO MATARAZZO SUPLICY
PL 552/2021,2,2207,ERIKA HILTON
PL 553/2021,1,1635,DRA. SANDRA TADEU
PL 554/2021,1,2150,ANDRÉ SANTOS
PL 554/2021,2,2223,FELIPE BECARI
PL 555/2021,1,267,PAULO FRANGE
PL 555/2021,2,2153,RODRIGO GOULART
PL 555/2021,3,2210,ELY TERUEL
PL 556/2021,1,2153,RODRIGO GOULART
PL 556/2021,2,2155,JANAÍNA LIMA
PL 556/2021,3,2219,MARCELO MESSIAS
PL 556/2021,4,2224,SANDRA SANTANA
PL 557/2021,1,2219,MARCELO MESSIAS
PL 558/2021,1,2219,MARCELO MESSIAS
PL 559/2021,1,267,PAULO FRANGE
PL 559/2021,2,2153,RODRIGO GOULART
PL 559/2021,3,2214,RUBINHO NUNES
PL 560/2021,1,267,PAULO FRANGE
PL 561/2021,1,2155,JANAÍNA LIMA
PL 561/2021,2,2215,MARLON LUZ
PL 562/2021,1,2155,JANAÍNA LIMA
PL 563/2021,1,2155,JANAÍNA LIMA
PL 564/2021,1,2155,JANAÍNA LIMA
PL 565/2021,1,2207,ERIKA HILTON
PL 566/2021,1,2205,LUANA ALVES
PL 566/2021,2,2207,ERIKA HILTON
PL 566/2021,3,2208,ELAINE DO QUILOMBO PERIFÉRICO
PL 568/2021,1,1989,GEORGE HATO
PL 569/2021,1,1999,PROFESSOR TONINHO VESPOLI
PL 569/2021,2,2149,DANIEL ANNENBERG
PL 569/2021,3,2155,JANAÍNA LIMA
PL 569/2021,4,2219,MARCELO MESSIAS
PL 569/2021,5,2243,DR. ADRIANO SANTOS
PL 570/2021,1,2217,SANSÃO PEREIRA
PL 571/2021,1,1999,PROFESSOR TONINHO VESPOLI
PL 571/2021,2,2155,JANAÍNA LIMA
PL 572/2021,1,2145,FERNANDO HOLIDAY
PL 572/2021,2,2155,JANAÍNA LIMA
PL 572/2021,3,2222,CRIS MONTEIRO
PL 573/2021,1,2145,FERNANDO HOLIDAY
PL 573/2021,2,2214,RUBINHO NUNES
PL 573/2021,3,2222,CRIS MONTEIRO
PL 574/2021,1,187,GILSON BARRETO
PL 574/2021,2,2219,MARCELO MESSIAS
PL 575/2021,1,2206,SILVIA DA BANCADA FEMINISTA
PL 576/2021,1,1647,EDIR SALES
PL 577/2021,1,176,ROBERTO TRÍPOLI
PL 577/2021,2,1635,DRA. SANDRA TADEU
PL 577/2021,3,2131,RODOLFO DESPACHANTE
PL 577/2021,4,2145,FERNANDO HOLIDAY
PL 577/2021,5,2210,ELY TERUEL
PL 577/2021,6,2223,FELIPE BECARI
PL 578/2021,1,2145,FERNANDO HOLIDAY
PL 579/2021,1,2160,JOÃO JORGE
PL 580/2021,1,314,MISSIONÁRIO JOSÉ OLÍMPIO
PL 580/2021,2,696,CARLOS BEZERRA JR.
PL 580/2021,3,1999,PROFESSOR TONINHO VESPOLI
PL 580/2021,4,2205,LUANA ALVES
PL 580/2021,5,2207,ERIKA HILTON
PL 580/2021,6,2211,SIDNEY CRUZ
PL 580/2021,7,2217,SANSÃO PEREIRA
PL 580/2021,8,2221,ELI CORRÊA
PL 580/2021,9,2267,AMANDA PASCHOAL
PL 580/2021,10,2269,MARINA BRAGANTE
PL 580/2021,11,2276,SILVÃO LEITE
PL 580/2021,12,2278,KEIT LIMA
PL 580/2021,13,2279,SILVINHO LEITE
PL 581/2021,1,1989,GEORGE HATO
PL 581/2021,2,2150,ANDRÉ SANTOS
PL 581/2021,3,2256,HÉLIO RODRIGUES
PL 582/2021,1,2150,ANDRÉ SANTOS
PL 583/2021,1,2150,ANDRÉ SANTOS
PL 584/2021,1,187,GILSON BARRETO
PL 584/2021,2,1635,DRA. SANDRA TADEU
PL 585/2021,1,2213,FARIA DE SÁ
PL 586/2021,1,2215,MARLON LUZ
PL 587/2021,1,2213,FARIA DE SÁ
PL 588/2021,1,2216,SONAIRA FERNANDES
PL 589/2021,1,224,AURÉLIO NOMURA
PL 590/2021,1,2205,LUANA ALVES
PL 591/2021,1,2205,LUANA ALVES
PL 591/2021,2,2278,KEIT LIMA
PL 592/2021,1,1999,PROFESSOR TONINHO VESPOLI
PL 592/2021,2,2218,THAMMY MIRANDA
PL 593/2021,1,224,AURÉLIO NOMURA
PL 594/2021,1,2213,FARIA DE SÁ
PL 595/2021,1,155,ARSELINO TATTO
PL 595/2021,2,2153,RODRIGO GOULART
PL 595/2021,3,2219,MARCELO MESSIAS
PL 595/2021,4,2279,SILVINHO LEITE
PL 596/2021,1,224,AURÉLIO NOMURA
PL 596/2021,2,2145,FERNANDO HOLIDAY
PL 596/2021,3,2152,RINALDI DIGILIO
PL 596/2021,4,2153,RODRIGO GOULART
PL 596/2021,5,2211,SIDNEY CRUZ
PL 596/2021,6,2214,RUBINHO NUNES
PL 596/2021,7,2218,THAMMY MIRANDA
PL 596/2021,8,2219,MARCELO MESSIAS
PL 596/2021,9,2221,ELI CORRÊA
PL 596/2021,10,2224,SANDRA SANTANA
PL 597/2021,1,1989,GEORGE HATO
PL 598/2021,1,224,AURÉLIO NOMURA
PL 598/2021,2,2223,FELIPE BECARI
PL 599/2021,1,224,AURÉLIO NOMURA
PL 599/2021,2,2153,RODRIGO GOULART
PL 599/2021,3,2213,FARIA DE SÁ
PL 601/2021,1,1999,PROFESSOR TONINHO VESPOLI
PL 602/2021,1,2220,DELEGADO PALUMBO
PL 603/2021,1,1635,DRA. SANDRA TADEU
PL 604/2021,1,2211,SIDNEY CRUZ
PL 605/2021,1,2211,SIDNEY CRUZ
PL 605/2021,2,2219,MARCELO MESSIAS
PL 606/2021,1,2185,CELSO GIANNAZI
PL 607/2021,1,2000,ALESSANDRO GUEDES
PL 608/2021,1,155,ARSELINO TATTO
PL 608/2021,2,2256,HÉLIO RODRIGUES
PL 609/2021,1,1635,DRA. SANDRA TADEU
PL 610/2021,1,1635,DRA. SANDRA TADEU
PL 611/2021,1,2211,SIDNEY CRUZ
PL 612/2021,1,2211,SIDNEY CRUZ
PL 613/2021,1,2211,SIDNEY CRUZ
PL 614/2021,1,2211,SIDNEY CRUZ
PL 614/2021,2,2213,FARIA DE SÁ
PL 614/2021,3,2219,MARCELO MESSIAS
PL 615/2021,1,2154,CAMILO CRISTÓFARO
PL 616/2021,1,2154,CAMILO CRISTÓFARO
PL 617/2021,1,2159,RUTE COSTA
PL 618/2021,1,776,ELISEU GABRIEL
PL 619/2021,1,2150,ANDRÉ SANTOS
PL 620/2021,1,676,ATÍLIO FRANCISCO
PL 620/2021,2,2150,ANDRÉ SANTOS
PL 621/2021,1,776,ELISEU GABRIEL
PL 622/2021,1,2213,FARIA DE SÁ
PL 623/2021,1,2213,FARIA DE SÁ
PL 624/2021,1,2155,JANAÍNA LIMA
PL 625/2021,1,155,ARSELINO TATTO
PL 625/2021,2,1634,JULIANA CARDOSO
PL 625/2021,3,2149,DANIEL ANNENBERG
PL 625/2021,4,2153,RODRIGO GOULART
PL 625/2021,5,2154,CAMILO CRISTÓFARO
PL 625/2021,6,2155,JANAÍNA LIMA
PL 625/2021,7,2185,CELSO GIANNAZI
PL 625/2021,8,2205,LUANA ALVES
PL 625/2021,9,2206,SILVIA DA BANCADA FEMINISTA
PL 625/2021,10,2207,ERIKA HILTON
PL 625/2021,11,2218,THAMMY MIRANDA
PL 625/2021,12,2219,MARCELO MESSIAS
PL 625/2021,13,2221,ELI CORRÊA
PL 625/2021,14,2223,FELIPE BECARI
PL 625/2021,15,2254,LUNA ZARATTINI
PL 626/2021,1,676,ATÍLIO FRANCISCO
PL 626/2021,2,2144,FABIO RIVA
PL 626/2021,3,2145,FERNANDO HOLIDAY
PL 626/2021,4,2152,RINALDI DIGILIO
PL 626/2021,5,2153,RODRIGO GOULART
PL 626/2021,6,2154,CAMILO CRISTÓFARO
PL 626/2021,7,2159,RUTE COSTA
PL 626/2021,8,2210,ELY TERUEL
PL 626/2021,9,2211,SIDNEY CRUZ
PL 626/2021,10,2213,FARIA DE SÁ
PL 626/2021,11,2218,THAMMY MIRANDA
PL 626/2021,12,2220,DELEGADO PALUMBO
PL 626/2021,13,2221,ELI CORRÊA
PL 626/2021,14,2222,CRIS MONTEIRO
PL 626/2021,15,2223,FELIPE BECARI
PL 627/2021,1,2220,DELEGADO PALUMBO
PL 628/2021,1,2229,RICARDO NUNES
PL 629/2021,1,224,AURÉLIO NOMURA
PL 629/2021,2,1999,PROFESSOR TONINHO VESPOLI
PL 629/2021,3,2153,RODRIGO GOULART
PL 629/2021,4,2219,MARCELO MESSIAS
PL 630/2021,1,2145,FERNANDO HOLIDAY
PL 631/2021,1,2214,RUBINHO NUNES
PL 632/2021,1,1635,DRA. SANDRA TADEU
PL 633/2021,1,1635,DRA. SANDRA TADEU
PL 633/2021,2,2278,KEIT LIMA
PL 633/2021,3,2279,SILVINHO LEITE
PL 634/2021,1,1635,DRA. SANDRA TADEU
PL 635/2021,1,1999,PROFESSOR TONINHO VESPOLI
PL 636/2021,1,2185,CELSO GIANNAZI
PL 637/2021,1,1635,DRA. SANDRA TADEU
PL 637/2021,2,2218,THAMMY MIRANDA
PL 638/2021,1,2152,RINALDI DIGILIO
PL 638/2021,2,2213,FARIA DE SÁ
PL 638/2021,3,2217,SANSÃO PEREIRA
PL 638/2021,4,2221,ELI CORRÊA
PL 638/2021,5,2222,CRIS MONTEIRO
PL 638/2021,6,2246,MAJOR PALUMBO
PL 639/2021,1,2155,JANAÍNA LIMA
PL 640/2021,1,2146,GILBERTO NASCIMENTO
PL 640/2021,2,2152,RINALDI DIGILIO
PL 641/2021,1,2223,FELIPE BECARI
PL 642/2021,1,2145,FERNANDO HOLIDAY
PL 643/2021,1,2145,FERNANDO HOLIDAY
PL 644/2021,1,2145,FERNANDO HOLIDAY
PL 645/2021,1,187,GILSON BARRETO
PL 646/2021,1,2211,SIDNEY CRUZ
PL 646/2021,2,2213,FARIA DE SÁ
PL 647/2021,1,1999,PROFESSOR TONINHO VESPOLI
PL 648/2021,1,187,GILSON BARRETO
PL 648/2021,2,2146,GILBERTO NASCIMENTO
PL 648/2021,3,2213,FARIA DE SÁ
PL 649/2021,1,776,ELISEU GABRIEL
PL 650/2021,1,2229,RICARDO NUNES
PL 651/2021,1,2229,RICARDO NUNES
PL 652/2021,1,2229,RICARDO NUNES
PL 653/2021,1,224,AURÉLIO NOMURA
PL 654/2021,1,2150,ANDRÉ SANTOS
PL 654/2021,2,2219,MARCELO MESSIAS
PL 655/2021,1,2159,RUTE COSTA
PL 656/2021,1,2159,RUTE COSTA
PL 657/2021,1,1447,ALFREDINHO
PL 657/2021,2,2153,RODRIGO GOULART
PL 657/2021,3,2211,SIDNEY CRUZ
PL 657/2021,4,2219,MARCELO MESSIAS
PL 657/2021,5,2223,FELIPE BECARI
PL 657/2021,6,2248,JUSSARA BASSO
PL 657/2021,7,2272,DHEISON SILVA
PL 657/2021,8,2276,SILVÃO LEITE
PL 658/2021,1,2185,CELSO GIANNAZI
PL 659/2021,1,2229,RICARDO NUNES
PL 660/2021,1,1647,EDIR SALES
PL 661/2021,1,1647,EDIR SALES
PL 662/2021,1,1999,PROFESSOR TONINHO VESPOLI
PL 663/2021,1,2224,SANDRA SANTANA
PL 664/2021,1,2155,JANAÍNA LIMA
PL 664/2021,2,2224,SANDRA SANTANA
PL 665/2021,1,155,ARSELINO TATTO
PL 665/2021,2,2001,JAIR TATTO
PL 666/2021,1,2219,MARCELO MESSIAS
PL 667/2021,1,224,AURÉLIO NOMURA
PL 668/2021,1,187,GILSON BARRETO
PL 669/2021,1,2229,RICARDO NUNES
PL 670/2021,1,2131,RODOLFO DESPACHANTE
PL 671/2021,1,1311,ANTONIO DONATO
PL 671/2021,2,2180,MANOEL DEL RIO
PL 671/2021,3,2254,LUNA ZARATTINI
PL 672/2021,1,155,ARSELINO TATTO
PL 672/2021,2,160,EDUARDO MATARAZZO SUPLICY
PL 672/2021,3,187,GILSON BARRETO
PL 672/2021,4,224,AURÉLIO NOMURA
PL 672/2021,5,267,PAULO FRANGE
PL 672/2021,6,273,MILTON LEITE
PL 672/2021,7,314,MISSIONÁRIO JOSÉ OLÍMPIO
PL 672/2021,8,676,ATÍLIO FRANCISCO
PL 672/2021,9,696,CARLOS BEZERRA JR.
PL 672/2021,10,776,ELISEU GABRIEL
PL 672/2021,11,1296,ADILSON AMADEU
PL 672/2021,12,1311,ANTONIO DONATO
PL 672/2021,13,1349,SENIVAL MOURA
PL 672/2021,14,1447,ALFREDINHO
PL 672/2021,15,1634,JULIANA CARDOSO
PL 672/2021,16,1635,DRA. SANDRA TADEU
PL 672/2021,17,1636,DR. MILTON FERREIRA
PL 672/2021,18,1647,EDIR SALES
PL 672/2021,19,1989,GEORGE HATO
PL 672/2021,20,1999,PROFESSOR TONINHO VESPOLI
PL 672/2021,21,2000,ALESSANDRO GUEDES
PL 672/2021,22,2001,JAIR TATTO
PL 672/2021,23,2131,RODOLFO DESPACHANTE
PL 672/2021,24,2144,FABIO RIVA
PL 672/2021,25,2145,FERNANDO HOLIDAY
PL 672/2021,26,2147,ISAC FÉLIX
PL 672/2021,27,2149,DANIEL ANNENBERG
PL 672/2021,28,2150,ANDRÉ SANTOS
PL 672/2021,29,2152,RINALDI DIGILIO
PL 672/2021,30,2153,RODRIGO GOULART
PL 672/2021,31,2154,CAMILO CRISTÓFARO
PL 672/2021,32,2155,JANAÍNA LIMA
PL 672/2021,33,2158,XEXÉU TRIPOLI
PL 672/2021,34,2159,RUTE COSTA
PL 672/2021,35,2160,JOÃO JORGE
PL 672/2021,36,2185,CELSO GIANNAZI
PL 672/2021,37,2205,LUANA ALVES
PL 672/2021,38,2206,SILVIA DA BANCADA FEMINISTA
PL 672/2021,39,2207,ERIKA HILTON
PL 672/2021,40,2208,ELAINE DO QUILOMBO PERIFÉRICO
PL 672/2021,41,2209,DANILO DO POSTO DE SAÚDE
PL 672/2021,42,2210,ELY TERUEL
PL 672/2021,43,2211,SIDNEY CRUZ
PL 672/2021,44,2213,FARIA DE SÁ
PL 672/2021,45,2214,RUBINHO NUNES
PL 672/2021,46,2215,MARLON LUZ
PL 672/2021,47,2217,SANSÃO PEREIRA
PL 672/2021,48,2218,THAMMY MIRANDA
PL 672/2021,49,2219,MARCELO MESSIAS
PL 672/2021,50,2220,DELEGADO PALUMBO
PL 672/2021,51,2221,ELI CORRÊA
PL 672/2021,52,2222,CRIS MONTEIRO
PL 672/2021,53,2223,FELIPE BECARI
PL 672/2021,54,2224,SANDRA SANTANA
PL 673/2021,1,1647,EDIR SALES
PL 674/2021,1,267,PAULO FRANGE
PL 675/2021,1,1311,ANTONIO DONATO
PL 675/2021,2,1999,PROFESSOR TONINHO VESPOLI
PL 675/2021,3,2149,DANIEL ANNENBERG
PL 676/2021,1,2229,RICARDO NUNES
PL 677/2021,1,2147,ISAC FÉLIX
PL 678/2021,1,2153,RODRIGO GOULART
PL 679/2021,1,2153,RODRIGO GOULART
PL 680/2021,1,2215,MARLON LUZ
PL 681/2021,1,1635,DRA. SANDRA TADEU
PL 682/2021,1,2206,SILVIA DA BANCADA FEMINISTA
PL 683/2021,1,2131,RODOLFO DESPACHANTE
PL 684/2021,1,2210,ELY TERUEL
PL 684/2021,2,2213,FARIA DE SÁ
PL 684/2021,3,2222,CRIS MONTEIRO
PL 685/2021,1,2229,RICARDO NUNES
PL 686/2021,1,1311,ANTONIO DONATO
PL 687/2021,1,776,ELISEU GABRIEL
PL 687/2021,2,1487,RICARDO TEIXEIRA
PL 688/2021,1,1296,ADILSON AMADEU
PL 688/2021,2,1635,DRA. SANDRA TADEU
PL 688/2021,3,1647,EDIR SALES
PL 688/2021,4,2144,FABIO RIVA
PL 688/2021,5,2153,RODRIGO GOULART
PL 688/2021,6,2213,FARIA DE SÁ
PL 688/2021,7,2218,THAMMY MIRANDA
PL 688/2021,8,2219,MARCELO MESSIAS
PL 689/2021,1,2144,FABIO RIVA
PL 689/2021,2,2219,MARCELO MESSIAS
PL 690/2021,1,2144,FABIO RIVA
PL 691/2021,1,1636,DR. MILTON FERREIRA
PL 692/2021,1,160,EDUARDO MATARAZZO SUPLICY
PL 692/2021,2,1311,ANTONIO DONATO
PL 692/2021,3,1447,ALFREDINHO
PL 692/2021,4,1634,JULIANA CARDOSO
PL 692/2021,5,1999,PROFESSOR TONINHO VESPOLI
PL 692/2021,6,2000,ALESSANDRO GUEDES
PL 692/2021,7,2205,LUANA ALVES
PL 692/2021,8,2206,SILVIA DA BANCADA FEMINISTA
PL 692/2021,9,2208,ELAINE DO QUILOMBO PERIFÉRICO
PL 693/2021,1,1296,ADILSON AMADEU
PL 693/2021,2,1647,EDIR SALES
PL 693/2021,3,2131,RODOLFO DESPACHANTE
PL 693/2021,4,2153,RODRIGO GOULART
PL 694/2021,1,160,EDUARDO MATARAZZO SUPLICY
PL 694/2021,2,2207,ERIKA HILTON
PL 694/2021,3,2208,ELAINE DO QUILOMBO PERIFÉRICO
PL 694/2021,4,2254,LUNA ZARATTINI
PL 695/2021,1,2131,RODOLFO DESPACHANTE
PL 696/2021,1,696,CARLOS BEZERRA JR.
PL 697/2021,1,2224,SANDRA SANTANA
PL 698/2021,1,2152,RINALDI DIGILIO
PL 699/2021,1,1296,ADILSON AMADEU
PL 699/2021,2,1647,EDIR SALES
PL 699/2021,3,2153,RODRIGO GOULART
PL 699/2021,4,2213,FARIA DE SÁ
PL 699/2021,5,2214,RUBINHO NUNES
PL 699/2021,6,2222,CRIS MONTEIRO
PL 700/2021,1,187,GILSON BARRETO
PL 700/2021,2,1647,EDIR SALES
PL 700/2021,3,2001,JAIR TATTO
PL 700/2021,4,2144,FABIO RIVA
PL 700/2021,5,2146,GILBERTO NASCIMENTO
PL 700/2021,6,2152,RINALDI DIGILIO
PL 700/2021,7,2153,RODRIGO GOULART
PL 700/2021,8,2154,CAMILO CRISTÓFARO
PL 700/2021,9,2210,ELY TERUEL
PL 700/2021,10,2211,SIDNEY CRUZ
PL 700/2021,11,2213,FARIA DE SÁ
PL 700/2021,12,2214,RUBINHO NUNES
PL 700/2021,13,2215,MARLON LUZ
PL 700/2021,14,2218,THAMMY MIRANDA
PL 700/2021,15,2222,CRIS MONTEIRO
PL 700/2021,16,2223,FELIPE BECARI
PL 700/2021,17,2224,SANDRA SANTANA
PL 701/2021,1,2147,ISAC FÉLIX
PL 702/2021,1,1635,DRA. SANDRA TADEU
PL 702/2021,2,1999,PROFESSOR TONINHO VESPOLI
PL 702/2021,3,2153,RODRIGO GOULART
PL 702/2021,4,2224,SANDRA SANTANA
PL 703/2021,1,2213,FARIA DE SÁ
PL 704/2021,1,1647,EDIR SALES
PL 705/2021,1,1635,DRA. SANDRA TADEU
PL 706/2021,1,2154,CAMILO CRISTÓFARO
PL 707/2021,1,2213,FARIA DE SÁ
PL 708/2021,1,776,ELISEU GABRIEL
PL 709/2021,1,1647,EDIR SALES
PL 709/2021,2,2147,ISAC FÉLIX
PL 709/2021,3,2155,JANAÍNA LIMA
PL 709/2021,4,2218,THAMMY MIRANDA
PL 709/2021,5,2221,ELI CORRÊA
PL 709/2021,6,2223,FELIPE BECARI
PL 709/2021,7,2224,SANDRA SANTANA
PL 709/2021,8,2246,MAJOR PALUMBO
PL 710/2021,1,2223,FELIPE BECARI
PL 711/2021,1,2152,RINALDI DIGILIO
PL 712/2021,1,187,GILSON BARRETO
PL 712/2021,2,2145,FERNANDO HOLIDAY
PL 712/2021,3,2152,RINALDI DIGILIO
PL 712/2021,4,2210,ELY TERUEL
PL 712/2021,5,2213,FARIA DE SÁ
PL 712/2021,6,2214,RUBINHO NUNES
PL 712/2021,7,2216,SONAIRA FERNANDES
PL 712/2021,8,2220,DELEGADO PALUMBO
PL 712/2021,9,2221,ELI CORRÊA
PL 713/2021,1,1349,SENIVAL MOURA
PL 714/2021,1,2146,GILBERTO NASCIMENTO
PL 715/2021,1,1634,JULIANA CARDOSO
PL 716/2021,1,224,AURÉLIO NOMURA
PL 717/2021,1,2229,RICARDO NUNES
PL 718/2021,1,2185,CELSO GIANNAZI
PL 719/2021,1,160,EDUARDO MATARAZZO SUPLICY
PL 719/2021,2,187,GILSON BARRETO
PL 719/2021,3,1999,PROFESSOR TONINHO VESPOLI
PL 719/2021,4,2147,ISAC FÉLIX
PL 719/2021,5,2149,DANIEL ANNENBERG
PL 719/2021,6,2205,LUANA ALVES
PL 719/2021,7,2206,SILVIA DA BANCADA FEMINISTA
PL 719/2021,8,2210,ELY TERUEL
PL 719/2021,9,2213,FARIA DE SÁ
PL 719/2021,10,2219,MARCELO MESSIAS
PL 719/2021,11,2221,ELI CORRÊA
PL 719/2021,12,2228,RENATA FALZONI
PL 719/2021,13,2254,LUNA ZARATTINI
PL 719/2021,14,2269,MARINA BRAGANTE
PL 720/2021,1,2213,FARIA DE SÁ
PL 721/2021,1,1999,PROFESSOR TONINHO VESPOLI
PL 721/2021,2,2207,ERIKA HILTON
PL 721/2021,3,2208,ELAINE DO QUILOMBO PERIFÉRICO
PL 721/2021,4,2221,ELI CORRÊA
PL 722/2021,1,176,ROBERTO TRÍPOLI
PL 723/2021,1,2001,JAIR TATTO
PL 724/2021,1,2216,SONAIRA FERNANDES
PL 726/2021,1,1999,PROFESSOR TONINHO VESPOLI
PL 727/2021,1,2207,ERIKA HILTON
PL 728/2021,1,2001,JAIR TATTO
PL 728/2021,2,2254,LUNA ZARATTINI
PL 729/2021,1,1311,ANTONIO DONATO
PL 729/2021,2,2254,LUNA ZARATTINI
PL 730/2021,1,2207,ERIKA HILTON
PL 731/2021,1,273,MILTON LEITE
PL 731/2021,2,676,ATÍLIO FRANCISCO
PL 731/2021,3,1349,SENIVAL MOURA
PL 731/2021,4,1634,JULIANA CARDOSO
PL 731/2021,5,1635,DRA. SANDRA TADEU
PL 731/2021,6,2144,FABIO RIVA
PL 731/2021,7,2150,ANDRÉ SANTOS
PL 731/2021,8,2152,RINALDI DIGILIO
PL 731/2021,9,2153,RODRIGO GOULART
PL 731/2021,10,2155,JANAÍNA LIMA
PL 731/2021,11,2159,RUTE COSTA
PL 731/2021,12,2217,SANSÃO PEREIRA
PL 731/2021,13,2219,MARCELO MESSIAS
PL 731/2021,14,2221,ELI CORRÊA
PL 732/2021,1,2150,ANDRÉ SANTOS
PL 733/2021,1,2185,CELSO GIANNAZI
PL 734/2021,1,2185,CELSO GIANNAZI
PL 736/2021,1,160,EDUARDO MATARAZZO SUPLICY
PL 736/2021,2,1634,JULIANA CARDOSO
PL 736/2021,3,2158,XEXÉU TRIPOLI
PL 736/2021,4,2206,SILVIA DA BANCADA FEMINISTA
PL 736/2021,5,2207,ERIKA HILTON
PL 736/2021,6,2208,ELAINE DO QUILOMBO PERIFÉRICO
PL 736/2021,7,2254,LUNA ZARATTINI
PL 737/2021,1,2207,ERIKA HILTON
PL 738/2021,1,776,ELISEU GABRIEL
PL 739/2021,1,776,ELISEU GABRIEL
PL 740/2021,1,2154,CAMILO CRISTÓFARO
PL 740/2021,2,2159,RUTE COSTA
PL 740/2021,3,2210,ELY TERUEL
PL 740/2021,4,2213,FARIA DE SÁ
PL 740/2021,5,2218,THAMMY MIRANDA
PL 740/2021,6,2219,MARCELO MESSIAS
PL 741/2021,1,2207,ERIKA HILTON
PL 742/2021,1,2229,RICARDO NUNES
PL 743/2021,1,2207,ERIKA HILTON
PL 744/2021,1,2213,FARIA DE SÁ
PL 745/2021,1,2145,FERNANDO HOLIDAY
PL 746/2021,1,2000,ALESSANDRO GUEDES
PL 746/2021,2,2218,THAMMY MIRANDA
PL 746/2021,3,2219,MARCELO MESSIAS
PL 746/2021,4,2278,KEIT LIMA
PL 747/2021,1,2000,ALESSANDRO GUEDES
PL 748/2021,1,2000,ALESSANDRO GUEDES
PL 749/2021,1,160,EDUARDO MATARAZZO SUPLICY
PL 749/2021,2,187,GILSON BARRETO
PL 749/2021,3,676,ATÍLIO FRANCISCO
PL 749/2021,4,1296,ADILSON AMADEU
PL 749/2021,5,1311,ANTONIO DONATO
PL 749/2021,6,1349,SENIVAL MOURA
PL 749/2021,7,1447,ALFREDINHO
PL 749/2021,8,1635,DRA. SANDRA TADEU
PL 749/2021,9,1647,EDIR SALES
PL 749/2021,10,1999,PROFESSOR TONINHO VESPOLI
PL 749/2021,11,2000,ALESSANDRO GUEDES
PL 749/2021,12,2001,JAIR TATTO
PL 749/2021,13,2144,FABIO RIVA
PL 749/2021,14,2152,RINALDI DIGILIO
PL 749/2021,15,2207,ERIKA HILTON
PL 749/2021,16,2213,FARIA DE SÁ
PL 749/2021,17,2218,THAMMY MIRANDA
PL 750/2021,1,2000,ALESSANDRO GUEDES
PL 751/2021,1,2152,RINALDI DIGILIO
PL 751/2021,2,2216,SONAIRA FERNANDES
PL 751/2021,3,2217,SANSÃO PEREIRA
PL 751/2021,4,2219,MARCELO MESSIAS
PL 752/2021,1,2223,FELIPE BECARI
PL 753/2021,1,160,EDUARDO MATARAZZO SUPLICY
PL 753/2021,2,1349,SENIVAL MOURA
PL 753/2021,3,1447,ALFREDINHO
PL 753/2021,4,1999,PROFESSOR TONINHO VESPOLI
PL 753/2021,5,2000,ALESSANDRO GUEDES
PL 753/2021,6,2205,LUANA ALVES
PL 753/2021,7,2206,SILVIA DA BANCADA FEMINISTA
PL 753/2021,8,2207,ERIKA HILTON
PL 754/2021,1,1999,PROFESSOR TONINHO VESPOLI
PL 755/2021,1,1999,PROFESSOR TONINHO VESPOLI
PL 755/2021,2,2210,ELY TERUEL
PL 756/2021,1,2229,RICARDO NUNES
PL 757/2021,1,2207,ERIKA HILTON
PL 758/2021,1,2147,ISAC FÉLIX
PL 759/2021,1,2147,ISAC FÉLIX
PL 759/2021,2,2218,THAMMY MIRANDA
PL 759/2021,3,2219,MARCELO MESSIAS
PL 759/2021,4,2279,SILVINHO LEITE
PL 760/2021,1,2158,XEXÉU TRIPOLI
PL 760/2021,2,2207,ERIKA HILTON
PL 760/2021,3,2219,MARCELO MESSIAS
PL 761/2021,1,2223,FELIPE BECARI
PL 762/2021,1,2214,RUBINHO NUNES
PL 763/2021,1,1487,RICARDO TEIXEIRA
PL 763/2021,2,2158,XEXÉU TRIPOLI
PL 764/2021,1,2205,LUANA ALVES
PL 765/2021,1,2205,LUANA ALVES
PL 766/2021,1,2205,LUANA ALVES
PL 767/2021,1,2205,LUANA ALVES
PL 768/2021,1,2205,LUANA ALVES
PL 769/2021,1,1989,GEORGE HATO
PL 769/2021,2,2205,LUANA ALVES
PL 769/2021,3,2206,SILVIA DA BANCADA FEMINISTA
PL 769/2021,4,2278,KEIT LIMA
PL 770/2021,1,2205,LUANA ALVES
PL 771/2021,1,160,EDUARDO MATARAZZO SUPLICY
PL 771/2021,2,1999,PROFESSOR TONINHO VESPOLI
PL 771/2021,3,2205,LUANA ALVES
PL 771/2021,4,2208,ELAINE DO QUILOMBO PERIFÉRICO
PL 771/2021,5,2248,JUSSARA BASSO
PL 772/2021,1,2205,LUANA ALVES
PL 773/2021,1,2205,LUANA ALVES
PL 774/2021,1,2215,MARLON LUZ
PL 775/2021,1,1647,EDIR SALES
PL 775/2021,2,2153,RODRIGO GOULART
PL 775/2021,3,2214,RUBINHO NUNES
PL 775/2021,4,2218,THAMMY MIRANDA
PL 775/2021,5,2246,MAJOR PALUMBO
PL 776/2021,1,2213,FARIA DE SÁ
PL 777/2021,1,2213,FARIA DE SÁ
PL 778/2021,1,2213,FARIA DE SÁ
PL 779/2021,1,2235,FELIPE FRANCO
PL 780/2021,1,1999,PROFESSOR TONINHO VESPOLI
PL 781/2021,1,2213,FARIA DE SÁ
PL 782/2021,1,2153,RODRIGO GOULART
PL 782/2021,2,2213,FARIA DE SÁ
PL 783/2021,1,1634,JULIANA CARDOSO
PL 783/2021,2,1999,PROFESSOR TONINHO VESPOLI
PL 783/2021,3,2205,LUANA ALVES
PL 783/2021,4,2208,ELAINE DO QUILOMBO PERIFÉRICO
PL 783/2021,5,2254,LUNA ZARATTINI
PL 783/2021,6,2256,HÉLIO RODRIGUES
PL 784/2021,1,267,PAULO FRANGE
PL 784/2021,2,2210,ELY TERUEL
PL 785/2021,1,2220,DELEGADO PALUMBO
PL 786/2021,1,2154,CAMILO CRISTÓFARO
PL 787/2021,1,1999,PROFESSOR TONINHO VESPOLI
PL 787/2021,2,2000,ALESSANDRO GUEDES
PL 787/2021,3,2207,ERIKA HILTON
PL 787/2021,4,2211,SIDNEY CRUZ
PL 787/2021,5,2213,FARIA DE SÁ
PL 787/2021,6,2221,ELI CORRÊA
PL 788/2021,1,155,ARSELINO TATTO
PL 788/2021,2,2206,SILVIA DA BANCADA FEMINISTA
PL 788/2021,3,2207,ERIKA HILTON
PL 788/2021,4,2224,SANDRA SANTANA
PL 789/2021,1,2001,JAIR TATTO
PL 789/2021,2,2207,ERIKA HILTON
PL 790/2021,1,2207,ERIKA HILTON
PL 791/2021,1,1999,PROFESSOR TONINHO VESPOLI
PL 791/2021,2,2207,ERIKA HILTON
PL 791/2021,3,2267,AMANDA PASCHOAL
PL 792/2021,1,2205,LUANA ALVES
PL 792/2021,2,2207,ERIKA HILTON
PL 792/2021,3,2248,JUSSARA BASSO
PL 793/2021,1,2207,ERIKA HILTON
PL 794/2021,1,2207,ERIKA HILTON
PL 795/2021,1,2207,ERIKA HILTON
PL 796/2021,1,2207,ERIKA HILTON
PL 797/2021,1,2207,ERIKA HILTON
PL 798/2021,1,2207,ERIKA HILTON
PL 799/2021,1,2207,ERIKA HILTON
PL 800/2021,1,160,EDUARDO MATARAZZO SUPLICY
PL 800/2021,2,2205,LUANA ALVES
PL 800/2021,3,2207,ERIKA HILTON
PL 800/2021,4,2208,ELAINE DO QUILOMBO PERIFÉRICO
PL 801/2021,1,2207,ERIKA HILTON
PL 802/2021,1,2207,ERIKA HILTON
PL 803/2021,1,2207,ERIKA HILTON
PL 804/2021,1,2207,ERIKA HILTON
PL 805/2021,1,2206,SILVIA DA BANCADA FEMINISTA
PL 805/2021,2,2207,ERIKA HILTON
PL 805/2021,3,2267,AMANDA PASCHOAL
PL 806/2021,1,2207,ERIKA HILTON
PL 807/2021,1,2159,RUTE COSTA
PL 808/2021,1,2185,CELSO GIANNAZI
PL 809/2021,1,2207,ERIKA HILTON
PL 810/2021,1,2159,RUTE COSTA
PL 811/2021,1,2000,ALESSANDRO GUEDES
PL 812/2021,1,2224,SANDRA SANTANA
PL 813/2021,1,2150,ANDRÉ SANTOS
PL 813/2021,2,2153,RODRIGO GOULART
PL 813/2021,3,2210,ELY TERUEL
PL 813/2021,4,2213,FARIA DE SÁ
PL 813/2021,5,2219,MARCELO MESSIAS
PL 814/2021,1,2229,RICARDO NUNES
PL 815/2021,1,2207,ERIKA HILTON
PL 816/2021,1,2208,ELAINE DO QUILOMBO PERIFÉRICO
PL 817/2021,1,2144,FABIO RIVA
PL 820/2021,1,2207,ERIKA HILTON
PL 821/2021,1,2147,ISAC FÉLIX
PL 822/2021,1,2147,ISAC FÉLIX
PL 823/2021,1,2185,CELSO GIANNAZI
PL 824/2021,1,2206,SILVIA DA BANCADA FEMINISTA
PL 825/2021,1,2214,RUBINHO NUNES
PL 826/2021,1,2214,RUBINHO NUNES
PL 827/2021,1,2205,LUANA ALVES
PL 827/2021,2,2248,JUSSARA BASSO
PL 828/2021,1,2224,SANDRA SANTANA
PL 829/2021,1,2207,ERIKA HILTON
PL 829/2021,2,2208,ELAINE DO QUILOMBO PERIFÉRICO
PL 831/2021,1,2144,FABIO RIVA
PL 832/2021,1,160,EDUARDO MATARAZZO SUPLICY
PL 832/2021,2,2207,ERIKA HILTON
PL 832/2021,3,2254,LUNA ZARATTINI
PL 833/2021,1,2155,JANAÍNA LIMA
PL 835/2021,1,676,ATÍLIO FRANCISCO
PL 835/2021,2,2153,RODRIGO GOULART
PL 835/2021,3,2210,ELY TERUEL
PL 835/2021,4,2211,SIDNEY CRUZ
PL 835/2021,5,2213,FARIA DE SÁ
PL 835/2021,6,2217,SANSÃO PEREIRA
PL 836/2021,1,2147,ISAC FÉLIX
PL 836/2021,2,2207,ERIKA HILTON
PL 837/2021,1,187,GILSON BARRETO
PL 838/2021,1,2211,SIDNEY CRUZ
PL 838/2021,2,2217,SANSÃO PEREIRA
PL 838/2021,3,2219,MARCELO MESSIAS
PL 839/2021,1,2207,ERIKA HILTON
PL 840/2021,1,1634,JULIANA CARDOSO
PL 840/2021,2,2205,LUANA ALVES
PL 840/2021,3,2206,SILVIA DA BANCADA FEMINISTA
PL 841/2021,1,2215,MARLON LUZ
PL 841/2021,2,2219,MARCELO MESSIAS
PL 842/2021,1,2218,THAMMY MIRANDA
PL 842/2021,2,2221,ELI CORRÊA
PL 843/2021,1,676,ATÍLIO FRANCISCO
PL 843/2021,2,2150,ANDRÉ SANTOS
PL 843/2021,3,2152,RINALDI DIGILIO
PL 843/2021,4,2220,DELEGADO PALUMBO
PL 844/2021,1,2153,RODRIGO GOULART
PL 844/2021,2,2217,SANSÃO PEREIRA
PL 844/2021,3,2219,MARCELO MESSIAS
PL 844/2021,4,2224,SANDRA SANTANA
PL 845/2021,1,2218,THAMMY MIRANDA
PL 846/2021,1,2207,ERIKA HILTON
PL 847/2021,1,2000,ALESSANDRO GUEDES
PL 847/2021,2,2219,MARCELO MESSIAS
PL 848/2021,1,224,AURÉLIO NOMURA
PL 849/2021,1,2205,LUANA ALVES
PL 850/2021,1,2223,FELIPE BECARI
PL 851/2021,1,2225,MESA DA CAMARA MUNICIPAL DE SAO PAULO
PL 852/2021,1,2224,SANDRA SANTANA
PL 853/2021,1,2149,DANIEL ANNENBERG
PL 853/2021,2,2207,ERIKA HILTON
PL 854/2021,1,2154,CAMILO CRISTÓFARO
PL 854/2021,2,2219,MARCELO MESSIAS
PL 855/2021,1,2154,CAMILO CRISTÓFARO
PL 857/2021,1,2229,RICARDO NUNES
PL 858/2021,1,2229,RICARDO NUNES
PL 860/2021,1,1999,PROFESSOR TONINHO VESPOLI
PL 861/2021,1,1634,JULIANA CARDOSO
PL 861/2021,2,1999,PROFESSOR TONINHO VESPOLI
PL 861/2021,3,2206,SILVIA DA BANCADA FEMINISTA
PL 861/2021,4,2210,ELY TERUEL
PL 861/2021,5,2221,ELI CORRÊA
PL 861/2021,6,2272,DHEISON SILVA
PL 862/2021,1,1635,DRA. SANDRA TADEU
PL 863/2021,1,1635,DRA. SANDRA TADEU
PL 863/2021,2,2219,MARCELO MESSIAS
PL 864/2021,1,187,GILSON BARRETO
PL 865/2021,1,2160,JOÃO JORGE
PL 866/2021,1,2131,RODOLFO DESPACHANTE
PL 866/2021,2,2210,ELY TERUEL
PL 867/2021,1,2229,RICARDO NUNES
PL 868/2021,1,2153,RODRIGO GOULART
PL 868/2021,2,2219,MARCELO MESSIAS
PL 868/2021,3,2222,CRIS MONTEIRO
PL 869/2021,1,2218,THAMMY MIRANDA
PL 869/2021,2,2219,MARCELO MESSIAS
PL 870/2021,1,1635,DRA. SANDRA TADEU
PL 870/2021,2,2153,RODRIGO GOULART
PL 871/2021,1,1634,JULIANA CARDOSO
PL 871/2021,2,2256,HÉLIO RODRIGUES
PL 872/2021,1,155,ARSELINO TATTO
PL 872/2021,2,160,EDUARDO MATARAZZO SUPLICY
PL 872/2021,3,1311,ANTONIO DONATO
PL 872/2021,4,1349,SENIVAL MOURA
PL 872/2021,5,1447,ALFREDINHO
PL 872/2021,6,1634,JULIANA CARDOSO
PL 872/2021,7,1999,PROFESSOR TONINHO VESPOLI
PL 872/2021,8,2000,ALESSANDRO GUEDES
PL 872/2021,9,2001,JAIR TATTO
PL 872/2021,10,2208,ELAINE DO QUILOMBO PERIFÉRICO
PL 872/2021,11,2213,FARIA DE SÁ
PL 873/2021,1,2152,RINALDI DIGILIO
PL 873/2021,2,2219,MARCELO MESSIAS
PL 874/2021,1,2214,RUBINHO NUNES
PL 874/2021,2,2219,MARCELO MESSIAS
PL 875/2021,1,224,AURÉLIO NOMURA
PL 875/2021,2,2145,FERNANDO HOLIDAY
PL 875/2021,3,2214,RUBINHO NUNES
PL 875/2021,4,2219,MARCELO MESSIAS
PL 875/2021,5,2246,MAJOR PALUMBO
PL 876/2021,1,2207,ERIKA HILTON
PL 877/2021,1,160,EDUARDO MATARAZZO SUPLICY
PL 877/2021,2,1311,ANTONIO DONATO
PL 877/2021,3,1349,SENIVAL MOURA
PL 877/2021,4,1635,DRA. SANDRA TADEU
PL 877/2021,5,1647,EDIR SALES
PL 877/2021,6,1999,PROFESSOR TONINHO VESPOLI
PL 877/2021,7,2000,ALESSANDRO GUEDES
PL 877/2021,8,2180,MANOEL DEL RIO
PL 877/2021,9,2185,CELSO GIANNAZI
PL 877/2021,10,2206,SILVIA DA BANCADA FEMINISTA
PL 877/2021,11,2207,ERIKA HILTON
PL 877/2021,12,2213,FARIA DE SÁ
PL 877/2021,13,2223,FELIPE BECARI
PL 877/2021,14,2254,LUNA ZARATTINI
PL 877/2021,15,2256,HÉLIO RODRIGUES
PL 1/2022,1,2238,MILTON LEITE
PL 2/2022,1,2153,RODRIGO GOULART
PL 3/2022,1,2220,DELEGADO PALUMBO
PL 4/2022,1,1999,PROFESSOR TONINHO VESPOLI
PL 5/2022,1,2185,CELSO GIANNAZI
PL 6/2022,1,1634,JULIANA CARDOSO
PL 6/2022,2,1635,DRA. SANDRA TADEU
PL 6/2022,3,1647,EDIR SALES
PL 6/2022,4,2144,FABIO RIVA
PL 6/2022,5,2146,GILBERTO NASCIMENTO
PL 6/2022,6,2150,ANDRÉ SANTOS
PL 6/2022,7,2152,RINALDI DIGILIO
PL 6/2022,8,2153,RODRIGO GOULART
PL 6/2022,9,2155,JANAÍNA LIMA
PL 6/2022,10,2210,ELY TERUEL
PL 6/2022,11,2211,SIDNEY CRUZ
PL 6/2022,12,2218,THAMMY MIRANDA
PL 6/2022,13,2219,MARCELO MESSIAS
PL 6/2022,14,2221,ELI CORRÊA
PL 6/2022,15,2224,SANDRA SANTANA
PL 6/2022,16,2244,JORGE WILSON FILHO
PL 7/2022,1,2207,ERIKA HILTON
PL 8/2022,1,1635,DRA. SANDRA TADEU
PL 8/2022,2,2152,RINALDI DIGILIO
PL 8/2022,3,2159,RUTE COSTA
PL 9/2022,1,2219,MARCELO MESSIAS
PL 9/2022,2,2255,JOÃO ANANIAS
PL 9/2022,3,2278,KEIT LIMA
PL 10/2022,1,1296,ADILSON AMADEU
PL 10/2022,2,2144,FABIO RIVA
PL 10/2022,3,2210,ELY TERUEL
PL 10/2022,4,2219,MARCELO MESSIAS
PL 10/2022,5,2246,MAJOR PALUMBO
PL 10/2022,6,2268,AMANDA VETTORAZZO
PL 10/2022,7,2273,DR. MURILLO LIMA
PL 10/2022,8,2275,GABRIEL ABREU
PL 10/2022,9,2279,SILVINHO LEITE
PL 10/2022,10,2281,SIMONE GANEM
PL 11/2022,1,1447,ALFREDINHO
PL 11/2022,2,2219,MARCELO MESSIAS
PL 11/2022,3,2246,MAJOR PALUMBO
PL 12/2022,1,273,MILTON LEITE
PL 12/2022,2,1311,ANTONIO DONATO
PL 12/2022,3,2254,LUNA ZARATTINI
PL 13/2022,1,2145,FERNANDO HOLIDAY
PL 13/2022,2,2152,RINALDI DIGILIO
PL 13/2022,3,2210,ELY TERUEL
PL 13/2022,4,2216,SONAIRA FERNANDES
PL 13/2022,5,2246,MAJOR PALUMBO
PL 14/2022,1,1634,JULIANA CARDOSO
PL 14/2022,2,2255,JOÃO ANANIAS
PL 14/2022,3,2256,HÉLIO RODRIGUES
PL 15/2022,1,1447,ALFREDINHO
PL 18/2022,1,2153,RODRIGO GOULART
PL 19/2022,1,2185,CELSO GIANNAZI
PL 20/2022,1,2219,MARCELO MESSIAS
PL 21/2022,1,2159,RUTE COSTA
PL 21/2022,2,2219,MARCELO MESSIAS
PL 22/2022,1,224,AURÉLIO NOMURA
PL 22/2022,2,2219,MARCELO MESSIAS
PL 23/2022,1,2150,ANDRÉ SANTOS
PL 23/2022,2,2152,RINALDI DIGILIO
PL 23/2022,3,2154,CAMILO CRISTÓFARO
PL 23/2022,4,2159,RUTE COSTA
PL 23/2022,5,2210,ELY TERUEL
PL 23/2022,6,2213,FARIA DE SÁ
PL 23/2022,7,2216,SONAIRA FERNANDES
PL 23/2022,8,2222,CRIS MONTEIRO
PL 23/2022,9,2224,SANDRA SANTANA
PL 23/2022,10,2244,JORGE WILSON FILHO
PL 24/2022,1,1647,EDIR SALES
PL 24/2022,2,2219,MARCELO MESSIAS
PL 25/2022,1,2210,ELY TERUEL
PL 25/2022,2,2219,MARCELO MESSIAS
PL 26/2022,1,2206,SILVIA DA BANCADA FEMINISTA
PL 27/2022,1,2219,MARCELO MESSIAS
PL 28/2022,1,2229,RICARDO NUNES
PL 29/2022,1,2213,FARIA DE SÁ
PL 29/2022,2,2219,MARCELO MESSIAS
PL 29/2022,3,2221,ELI CORRÊA
PL 30/2022,1,2154,CAMILO CRISTÓFARO
PL 31/2022,1,2219,MARCELO MESSIAS
PL 32/2022,1,2154,CAMILO CRISTÓFARO
PL 33/2022,1,187,GILSON BARRETO
PL 33/2022,2,676,ATÍLIO FRANCISCO
PL 33/2022,3,1349,SENIVAL MOURA
PL 33/2022,4,1634,JULIANA CARDOSO
PL 33/2022,5,1635,DRA. SANDRA TADEU
PL 33/2022,6,2144,FABIO RIVA
PL 33/2022,7,2146,GILBERTO NASCIMENTO
PL 33/2022,8,2147,ISAC FÉLIX
PL 33/2022,9,2152,RINALDI DIGILIO
PL 33/2022,10,2153,RODRIGO GOULART
PL 33/2022,11,2154,CAMILO CRISTÓFARO
PL 33/2022,12,2159,RUTE COSTA
PL 33/2022,13,2210,ELY TERUEL
PL 34/2022,1,2206,SILVIA DA BANCADA FEMINISTA
PL 35/2022,1,2229,RICARDO NUNES
PL 36/2022,1,2207,ERIKA HILTON
PL 37/2022,1,2147,ISAC FÉLIX
PL 37/2022,2,2278,KEIT LIMA
PL 38/2022,1,1635,DRA. SANDRA TADEU
PL 38/2022,2,1647,EDIR SALES
PL 38/2022,3,2147,ISAC FÉLIX
PL 38/2022,4,2150,ANDRÉ SANTOS
PL 39/2022,1,2147,ISAC FÉLIX
PL 39/2022,2,2218,THAMMY MIRANDA
PL 41/2022,1,2147,ISAC FÉLIX
PL 41/2022,2,2154,CAMILO CRISTÓFARO
PL 41/2022,3,2218,THAMMY MIRANDA
PL 42/2022,1,2159,RUTE COSTA
PL 43/2022,1,155,ARSELINO TATTO
PL 44/2022,1,155,ARSELINO TATTO
PL 45/2022,1,155,ARSELINO TATTO
PL 46/2022,1,2159,RUTE COSTA
PL 47/2022,1,2214,RUBINHO NUNES
PL 48/2022,1,2214,RUBINHO NUNES
PL 49/2022,1,2214,RUBINHO NUNES
PL 49/2022,2,2219,MARCELO MESSIAS
PL 50/2022,1,2185,CELSO GIANNAZI
PL 51/2022,1,2229,RICARDO NUNES
PL 52/2022,1,2154,CAMILO CRISTÓFARO
PL 53/2022,1,2219,MARCELO MESSIAS
PL 54/2022,1,2224,SANDRA SANTANA
PL 55/2022,1,2207,ERIKA HILTON
PL 56/2022,1,2207,ERIKA HILTON
PL 57/2022,1,2224,SANDRA SANTANA
PL 58/2022,1,2150,ANDRÉ SANTOS
PL 59/2022,1,2149,DANIEL ANNENBERG
PL 60/2022,1,2205,LUANA ALVES
PL 61/2022,1,2213,FARIA DE SÁ
PL 62/2022,1,2147,ISAC FÉLIX
PL 63/2022,1,2147,ISAC FÉLIX
PL 64/2022,1,1647,EDIR SALES
PL 64/2022,2,2145,FERNANDO HOLIDAY
PL 64/2022,3,2147,ISAC FÉLIX
PL 64/2022,4,2152,RINALDI DIGILIO
PL 64/2022,5,2214,RUBINHO NUNES
PL 64/2022,6,2221,ELI CORRÊA
PL 64/2022,7,2222,CRIS MONTEIRO
PL 64/2022,8,2246,MAJOR PALUMBO
PL 64/2022,9,2279,SILVINHO LEITE
PL 65/2022,1,2147,ISAC FÉLIX
PL 66/2022,1,2213,FARIA DE SÁ
PL 67/2022,1,2213,FARIA DE SÁ
PL 68/2022,1,1647,EDIR SALES
PL 68/2022,2,2210,ELY TERUEL
PL 69/2022,1,1647,EDIR SALES
PL 70/2022,1,2150,ANDRÉ SANTOS
PL 71/2022,1,2147,ISAC FÉLIX
PL 72/2022,1,2147,ISAC FÉLIX
PL 73/2022,1,2153,RODRIGO GOULART
PL 73/2022,2,2155,JANAÍNA LIMA
PL 73/2022,3,2219,MARCELO MESSIAS
PL 73/2022,4,2221,ELI CORRÊA
PL 74/2022,1,2221,ELI CORRÊA
PL 75/2022,1,2219,MARCELO MESSIAS
PL 76/2022,1,2213,FARIA DE SÁ
PL 76/2022,2,2246,MAJOR PALUMBO
PL 77/2022,1,2213,FARIA DE SÁ
PL 78/2022,1,2207,ERIKA HILTON
PL 79/2022,1,2147,ISAC FÉLIX
PL 79/2022,2,2219,MARCELO MESSIAS
PL 80/2022,1,1647,EDIR SALES
PL 80/2022,2,2219,MARCELO MESSIAS
PL 81/2022,1,1635,DRA. SANDRA TADEU
PL 82/2022,1,1635,DRA. SANDRA TADEU
PL 84/2022,1,1635,DRA. SANDRA TADEU
PL 85/2022,1,2000,ALESSANDRO GUEDES
PL 86/2022,1,2241,BIOTO NPN
PL 87/2022,1,2241,BIOTO NPN
PL 88/2022,1,2241,BIOTO NPN
PL 89/2022,1,2241,BIOTO NPN
PL 90/2022,1,2241,BIOTO NPN
PL 91/2022,1,2241,BIOTO NPN
PL 92/2022,1,2154,CAMILO CRISTÓFARO
PL 93/2022,1,2147,ISAC FÉLIX
PL 95/2022,1,273,MILTON LEITE
PL 95/2022,2,2159,RUTE COSTA
PL 95/2022,3,2241,BIOTO NPN
PL 96/2022,1,1635,DRA. SANDRA TADEU
PL 96/2022,2,1999,PROFESSOR TONINHO VESPOLI
PL 96/2022,3,2153,RODRIGO GOULART
PL 96/2022,4,2210,ELY TERUEL
PL 96/2022,5,2214,RUBINHO NUNES
PL 96/2022,6,2218,THAMMY MIRANDA
PL 96/2022,7,2224,SANDRA SANTANA
PL 97/2022,1,187,GILSON BARRETO
PL 98/2022,1,2159,RUTE COSTA
PL 99/2022,1,2147,ISAC FÉLIX
PL 100/2022,1,2147,ISAC FÉLIX
PL 101/2022,1,2147,ISAC FÉLIX
PL 102/2022,1,2147,ISAC FÉLIX
PL 103/2022,1,314,MISSIONÁRIO JOSÉ OLÍMPIO
PL 104/2022,1,2241,BIOTO NPN
PL 105/2022,1,224,AURÉLIO NOMURA
PL 106/2022,1,1634,JULIANA CARDOSO
PL 106/2022,2,2256,HÉLIO RODRIGUES
PL 107/2022,1,2150,ANDRÉ SANTOS
PL 108/2022,1,2150,ANDRÉ SANTOS
PL 109/2022,1,2229,RICARDO NUNES
PL 110/2022,1,2145,FERNANDO HOLIDAY
PL 111/2022,1,2145,FERNANDO HOLIDAY
PL 112/2022,1,2214,RUBINHO NUNES
PL 113/2022,1,2241,BIOTO NPN
PL 114/2022,1,2241,BIOTO NPN
PL 115/2022,1,2241,BIOTO NPN
PL 116/2022,1,2241,BIOTO NPN
PL 117/2022,1,2241,BIOTO NPN
PL 118/2022,1,2241,BIOTO NPN
PL 119/2022,1,2241,BIOTO NPN
PL 120/2022,1,2241,BIOTO NPN
PL 121/2022,1,2241,BIOTO NPN
PL 122/2022,1,2159,RUTE COSTA
PL 123/2022,1,2206,SILVIA DA BANCADA FEMINISTA
PL 123/2022,2,2208,ELAINE DO QUILOMBO PERIFÉRICO
PL 124/2022,1,1349,SENIVAL MOURA
PL 125/2022,1,2152,RINALDI DIGILIO
PL 126/2022,1,2150,ANDRÉ SANTOS
PL 127/2022,1,2185,CELSO GIANNAZI
PL 128/2022,1,2147,ISAC FÉLIX
PL 129/2022,1,2147,ISAC FÉLIX
PL 130/2022,1,2216,SONAIRA FERNANDES
PL 131/2022,1,1999,PROFESSOR TONINHO VESPOLI
PL 132/2022,1,187,GILSON BARRETO
PL 133/2022,1,224,AURÉLIO NOMURA
PL 134/2022,1,2223,FELIPE BECARI
PL 135/2022,1,2219,MARCELO MESSIAS
PL 136/2022,1,2153,RODRIGO GOULART
PL 136/2022,2,2219,MARCELO MESSIAS
PL 137/2022,1,2147,ISAC FÉLIX
PL 138/2022,1,2149,DANIEL ANNENBERG
PL 139/2022,1,2145,FERNANDO HOLIDAY
PL 140/2022,1,2243,DR. ADRIANO SANTOS
PL 141/2022,1,2185,CELSO GIANNAZI
PL 142/2022,1,2243,DR. ADRIANO SANTOS
PL 143/2022,1,2207,ERIKA HILTON
PL 144/2022,1,2207,ERIKA HILTON
PL 144/2022,2,2208,ELAINE DO QUILOMBO PERIFÉRICO
PL 145/2022,1,2243,DR. ADRIANO SANTOS
PL 146/2022,1,2243,DR. ADRIANO SANTOS
PL 147/2022,1,2000,ALESSANDRO GUEDES
PL 148/2022,1,2145,FERNANDO HOLIDAY
PL 149/2022,1,155,ARSELINO TATTO
PL 149/2022,2,187,GILSON BARRETO
PL 149/2022,3,1635,DRA. SANDRA TADEU
PL 149/2022,4,1999,PROFESSOR TONINHO VESPOLI
PL 149/2022,5,2153,RODRIGO GOULART
PL 149/2022,6,2158,XEXÉU TRIPOLI
PL 149/2022,7,2210,ELY TERUEL
PL 149/2022,8,2218,THAMMY MIRANDA
PL 149/2022,9,2219,MARCELO MESSIAS
PL 149/2022,10,2223,FELIPE BECARI
PL 150/2022,1,1647,EDIR SALES
PL 151/2022,1,1647,EDIR SALES
PL 153/2022,1,1647,EDIR SALES
PL 153/2022,2,2147,ISAC FÉLIX
PL 153/2022,3,2269,MARINA BRAGANTE
PL 153/2022,4,2278,KEIT LIMA
PL 154/2022,1,2147,ISAC FÉLIX
PL 155/2022,1,2216,SONAIRA FERNANDES
PL 156/2022,1,2145,FERNANDO HOLIDAY
PL 157/2022,1,2147,ISAC FÉLIX
PL 158/2022,1,1647,EDIR SALES
PL 159/2022,1,2001,JAIR TATTO
PL 159/2022,2,2243,DR. ADRIANO SANTOS
PL 160/2022,1,2001,JAIR TATTO
PL 160/2022,2,2243,DR. ADRIANO SANTOS
PL 161/2022,1,2152,RINALDI DIGILIO
PL 162/2022,1,2215,MARLON LUZ
PL 163/2022,1,2147,ISAC FÉLIX
PL 164/2022,1,2213,FARIA DE SÁ
PL 165/2022,1,2147,ISAC FÉLIX
PL 166/2022,1,2215,MARLON LUZ
PL 167/2022,1,2001,JAIR TATTO
PL 168/2022,1,2001,JAIR TATTO
PL 169/2022,1,2001,JAIR TATTO
PL 170/2022,1,2153,RODRIGO GOULART
PL 170/2022,2,2206,SILVIA DA BANCADA FEMINISTA
PL 171/2022,1,2229,RICARDO NUNES
PL 172/2022,1,224,AURÉLIO NOMURA
PL 173/2022,1,2150,ANDRÉ SANTOS
PL 174/2022,1,1647,EDIR SALES
PL 174/2022,2,2153,RODRIGO GOULART
PL 174/2022,3,2210,ELY TERUEL
PL 174/2022,4,2217,SANSÃO PEREIRA
PL 174/2022,5,2219,MARCELO MESSIAS
PL 174/2022,6,2244,JORGE WILSON FILHO
PL 176/2022,1,2146,GILBERTO NASCIMENTO
PL 177/2022,1,1634,JULIANA CARDOSO
PL 178/2022,1,2147,ISAC FÉLIX
PL 179/2022,1,1989,GEORGE HATO
PL 180/2022,1,1989,GEORGE HATO
PL 181/2022,1,2244,JORGE WILSON FILHO
PL 182/2022,1,2144,FABIO RIVA
PL 183/2022,1,2150,ANDRÉ SANTOS
PL 183/2022,2,2219,MARCELO MESSIAS
PL 183/2022,3,2272,DHEISON SILVA
PL 183/2022,4,2278,KEIT LIMA
PL 184/2022,1,2147,ISAC FÉLIX
PL 185/2022,1,1635,DRA. SANDRA TADEU
PL 185/2022,2,1647,EDIR SALES
PL 185/2022,3,2147,ISAC FÉLIX
PL 186/2022,1,2229,RICARDO NUNES
PL 187/2022,1,2147,ISAC FÉLIX
PL 188/2022,1,1647,EDIR SALES
PL 189/2022,1,676,ATÍLIO FRANCISCO
PL 189/2022,2,1647,EDIR SALES
PL 189/2022,3,2152,RINALDI DIGILIO
PL 189/2022,4,2153,RODRIGO GOULART
PL 189/2022,5,2154,CAMILO CRISTÓFARO
PL 189/2022,6,2159,RUTE COSTA
PL 189/2022,7,2216,SONAIRA FERNANDES
PL 189/2022,8,2221,ELI CORRÊA
PL 190/2022,1,1634,JULIANA CARDOSO
PL 190/2022,2,2254,LUNA ZARATTINI
PL 191/2022,1,2152,RINALDI DIGILIO
PL 191/2022,2,2154,CAMILO CRISTÓFARO
PL 192/2022,1,2147,ISAC FÉLIX
PL 193/2022,1,2147,ISAC FÉLIX
PL 194/2022,1,2147,ISAC FÉLIX
PL 195/2022,1,2243,DR. ADRIANO SANTOS
PL 196/2022,1,2243,DR. ADRIANO SANTOS
PL 197/2022,1,2155,JANAÍNA LIMA
PL 197/2022,2,2159,RUTE COSTA
PL 198/2022,1,1634,JULIANA CARDOSO
PL 199/2022,1,2219,MARCELO MESSIAS
PL 199/2022,2,2220,DELEGADO PALUMBO
PL 199/2022,3,2271,ANA CAROLINA OLIVEIRA
PL 200/2022,1,2220,DELEGADO PALUMBO
PL 202/2022,1,2220,DELEGADO PALUMBO
PL 203/2022,1,2159,RUTE COSTA
PL 204/2022,1,2244,JORGE WILSON FILHO
PL 205/2022,1,2244,JORGE WILSON FILHO
PL 206/2022,1,2152,RINALDI DIGILIO
PL 207/2022,1,155,ARSELINO TATTO
PL 207/2022,2,2152,RINALDI DIGILIO
PL 207/2022,3,2155,JANAÍNA LIMA
PL 208/2022,1,2214,RUBINHO NUNES
PL 208/2022,2,2216,SONAIRA FERNANDES
PL 209/2022,1,2214,RUBINHO NUNES
PL 210/2022,1,2214,RUBINHO NUNES
PL 211/2022,1,1999,PROFESSOR TONINHO VESPOLI
PL 212/2022,1,2213,FARIA DE SÁ
PL 213/2022,1,2150,ANDRÉ SANTOS
PL 214/2022,1,2131,RODOLFO DESPACHANTE
PL 214/2022,2,2150,ANDRÉ SANTOS
PL 214/2022,3,2219,MARCELO MESSIAS
PL 215/2022,1,2150,ANDRÉ SANTOS
PL 215/2022,2,2224,SANDRA SANTANA
PL 215/2022,3,2269,MARINA BRAGANTE
PL 216/2022,1,2150,ANDRÉ SANTOS
PL 217/2022,1,2153,RODRIGO GOULART
PL 217/2022,2,2218,THAMMY MIRANDA
PL 218/2022,1,1636,DR. MILTON FERREIRA
PL 218/2022,2,2218,THAMMY MIRANDA
PL 219/2022,1,2152,RINALDI DIGILIO
PL 220/2022,1,2152,RINALDI DIGILIO
PL 221/2022,1,1447,ALFREDINHO
PL 222/2022,1,2213,FARIA DE SÁ
PL 223/2022,1,1999,PROFESSOR TONINHO VESPOLI
PL 224/2022,1,1647,EDIR SALES
PL 226/2022,1,1999,PROFESSOR TONINHO VESPOLI
PL 227/2022,1,2147,ISAC FÉLIX
PL 228/2022,1,2147,ISAC FÉLIX
PL 229/2022,1,2000,ALESSANDRO GUEDES
PL 230/2022,1,2000,ALESSANDRO GUEDES
PL 230/2022,2,2206,SILVIA DA BANCADA FEMINISTA
PL 231/2022,1,2000,ALESSANDRO GUEDES
PL 232/2022,1,2000,ALESSANDRO GUEDES
PL 232/2022,2,2153,RODRIGO GOULART
PL 232/2022,3,2210,ELY TERUEL
PL 233/2022,1,2000,ALESSANDRO GUEDES
PL 234/2022,1,2000,ALESSANDRO GUEDES
PL 235/2022,1,2000,ALESSANDRO GUEDES
PL 235/2022,2,2153,RODRIGO GOULART
PL 236/2022,1,2000,ALESSANDRO GUEDES
PL 237/2022,1,2000,ALESSANDRO GUEDES
PL 238/2022,1,2000,ALESSANDRO GUEDES
PL 238/2022,2,2210,ELY TERUEL
PL 239/2022,1,2000,ALESSANDRO GUEDES
PL 239/2022,2,2153,RODRIGO GOULART
PL 239/2022,3,2155,JANAÍNA LIMA
PL 239/2022,4,2224,SANDRA SANTANA
PL 240/2022,1,155,ARSELINO TATTO
PL 241/2022,1,1999,PROFESSOR TONINHO VESPOLI
PL 242/2022,1,1999,PROFESSOR TONINHO VESPOLI
PL 243/2022,1,2206,SILVIA DA BANCADA FEMINISTA
PL 244/2022,1,2185,CELSO GIANNAZI
PL 245/2022,1,2185,CELSO GIANNAZI
PL 246/2022,1,2147,ISAC FÉLIX
PL 247/2022,1,2147,ISAC FÉLIX
PL 248/2022,1,1647,EDIR SALES
PL 248/2022,2,2147,ISAC FÉLIX
PL 248/2022,3,2218,THAMMY MIRANDA
PL 249/2022,1,2223,FELIPE BECARI
PL 250/2022,1,2160,JOÃO JORGE
PL 250/2022,2,2219,MARCELO MESSIAS
PL 250/2022,3,2224,SANDRA SANTANA
PL 250/2022,4,2268,AMANDA VETTORAZZO
PL 250/2022,5,2279,SILVINHO LEITE
PL 251/2022,1,2147,ISAC FÉLIX
PL 252/2022,1,676,ATÍLIO FRANCISCO
PL 252/2022,2,1647,EDIR SALES
PL 252/2022,3,2152,RINALDI DIGILIO
PL 252/2022,4,2221,ELI CORRÊA
PL 252/2022,5,2224,SANDRA SANTANA
PL 252/2022,6,2246,MAJOR PALUMBO
PL 253/2022,1,1634,JULIANA CARDOSO
PL 253/2022,2,1999,PROFESSOR TONINHO VESPOLI
PL 253/2022,3,2206,SILVIA DA BANCADA FEMINISTA
PL 254/2022,1,2208,ELAINE DO QUILOMBO PERIFÉRICO
PL 255/2022,1,2205,LUANA ALVES
PL 256/2022,1,1999,PROFESSOR TONINHO VESPOLI
PL 257/2022,1,2147,ISAC FÉLIX
PL 257/2022,2,2155,JANAÍNA LIMA
PL 258/2022,1,2224,SANDRA SANTANA
PL 259/2022,1,2185,CELSO GIANNAZI
PL 260/2022,1,2206,SILVIA DA BANCADA FEMINISTA
PL 261/2022,1,2154,CAMILO CRISTÓFARO
PL 262/2022,1,2207,ERIKA HILTON
PL 263/2022,1,2215,MARLON LUZ
PL 264/2022,1,2001,JAIR TATTO
PL 265/2022,1,1647,EDIR SALES
PL 265/2022,2,2147,ISAC FÉLIX
PL 265/2022,3,2269,MARINA BRAGANTE
PL 265/2022,4,2270,PASTORA SANDRA ALVES
PL 265/2022,5,2271,ANA CAROLINA OLIVEIRA
PL 265/2022,6,2278,KEIT LIMA
PL 265/2022,7,2279,SILVINHO LEITE
PL 266/2022,1,2153,RODRIGO GOULART
PL 266/2022,2,2211,SIDNEY CRUZ
PL 266/2022,3,2214,RUBINHO NUNES
PL 267/2022,1,224,AURÉLIO NOMURA
PL 267/2022,2,1647,EDIR SALES
PL 268/2022,1,2144,FABIO RIVA
PL 269/2022,1,2221,ELI CORRÊA
PL 270/2022,1,2221,ELI CORRÊA
PL 271/2022,1,2221,ELI CORRÊA
PL 272/2022,1,2211,SIDNEY CRUZ
PL 273/2022,1,2152,RINALDI DIGILIO
PL 273/2022,2,2153,RODRIGO GOULART
PL 273/2022,3,2154,CAMILO CRISTÓFARO
PL 273/2022,4,2211,SIDNEY CRUZ
PL 273/2022,5,2218,THAMMY MIRANDA
PL 273/2022,6,2224,SANDRA SANTANA
PL 275/2022,1,1999,PROFESSOR TONINHO VESPOLI
PL 275/2022,2,2211,SIDNEY CRUZ
PL 276/2022,1,1647,EDIR SALES
PL 276/2022,2,1999,PROFESSOR TONINHO VESPOLI
PL 276/2022,3,2147,ISAC FÉLIX
PL 276/2022,4,2218,THAMMY MIRANDA
PL 276/2022,5,2224,SANDRA SANTANA
PL 276/2022,6,2278,KEIT LIMA
PL 276/2022,7,2279,SILVINHO LEITE
PL 277/2022,1,2229,RICARDO NUNES
PL 278/2022,1,1634,JULIANA CARDOSO
PL 278/2022,2,1999,PROFESSOR TONINHO VESPOLI
PL 279/2022,1,1634,JULIANA CARDOSO
PL 279/2022,2,1999,PROFESSOR TONINHO VESPOLI
PL 280/2022,1,160,EDUARDO MATARAZZO SUPLICY
PL 280/2022,2,267,PAULO FRANGE
PL 280/2022,3,1311,ANTONIO DONATO
PL 280/2022,4,1636,DR. MILTON FERREIRA
PL 280/2022,5,2158,XEXÉU TRIPOLI
PL 280/2022,6,2185,CELSO GIANNAZI
PL 280/2022,7,2248,JUSSARA BASSO
PL 281/2022,1,267,PAULO FRANGE
PL 281/2022,2,1311,ANTONIO DONATO
PL 281/2022,3,1636,DR. MILTON FERREIRA
PL 281/2022,4,2158,XEXÉU TRIPOLI
PL 281/2022,5,2185,CELSO GIANNAZI
PL 282/2022,1,1989,GEORGE HATO
PL 283/2022,1,2205,LUANA ALVES
PL 284/2022,1,1647,EDIR SALES
PL 285/2022,1,1635,DRA. SANDRA TADEU
PL 286/2022,1,2155,JANAÍNA LIMA
PL 286/2022,2,2159,RUTE COSTA
PL 286/2022,3,2211,SIDNEY CRUZ
PL 287/2022,1,2152,RINALDI DIGILIO
PL 288/2022,1,2145,FERNANDO HOLIDAY
PL 289/2022,1,2145,FERNANDO HOLIDAY
PL 290/2022,1,267,PAULO FRANGE
PL 291/2022,1,1634,JULIANA CARDOSO
PL 291/2022,2,2256,HÉLIO RODRIGUES
PL 292/2022,1,2229,RICARDO NUNES
PL 293/2022,1,2207,ERIKA HILTON
PL 293/2022,2,2248,JUSSARA BASSO
PL 294/2022,1,776,ELISEU GABRIEL
PL 295/2022,1,1487,RICARDO TEIXEIRA
PL 295/2022,2,1999,PROFESSOR TONINHO VESPOLI
PL 295/2022,3,2214,RUBINHO NUNES
PL 295/2022,4,2221,ELI CORRÊA
PL 295/2022,5,2246,MAJOR PALUMBO
PL 296/2022,1,160,EDUARDO MATARAZZO SUPLICY
PL 296/2022,2,2211,SIDNEY CRUZ
PL 296/2022,3,2256,HÉLIO RODRIGUES
PL 297/2022,1,2223,FELIPE BECARI
PL 298/2022,1,1999,PROFESSOR TONINHO VESPOLI
PL 299/2022,1,1647,EDIR SALES
PL 299/2022,2,2159,RUTE COSTA
PL 299/2022,3,2250,CORONEL SALLES
PL 300/2022,1,2145,FERNANDO HOLIDAY
PL 301/2022,1,2145,FERNANDO HOLIDAY
PL 302/2022,1,2145,FERNANDO HOLIDAY
PL 303/2022,1,2153,RODRIGO GOULART
PL 304/2022,1,776,ELISEU GABRIEL
PL 305/2022,1,2213,FARIA DE SÁ
PL 305/2022,2,2224,SANDRA SANTANA
PL 306/2022,1,160,EDUARDO MATARAZZO SUPLICY
PL 307/2022,1,1635,DRA. SANDRA TADEU
PL 307/2022,2,2153,RODRIGO GOULART
PL 308/2022,1,2223,FELIPE BECARI
PL 309/2022,1,2208,ELAINE DO QUILOMBO PERIFÉRICO
PL 310/2022,1,2001,JAIR TATTO
PL 310/2022,2,2279,SILVINHO LEITE
PL 311/2022,1,2001,JAIR TATTO
PL 311/2022,2,2254,LUNA ZARATTINI
PL 312/2022,1,2213,FARIA DE SÁ
PL 313/2022,1,2213,FARIA DE SÁ
PL 314/2022,1,160,EDUARDO MATARAZZO SUPLICY
PL 314/2022,2,676,ATÍLIO FRANCISCO
PL 314/2022,3,1349,SENIVAL MOURA
PL 314/2022,4,1634,JULIANA CARDOSO
PL 314/2022,5,1647,EDIR SALES
PL 314/2022,6,2000,ALESSANDRO GUEDES
PL 314/2022,7,2145,FERNANDO HOLIDAY
PL 314/2022,8,2147,ISAC FÉLIX
PL 314/2022,9,2152,RINALDI DIGILIO
PL 314/2022,10,2153,RODRIGO GOULART
PL 314/2022,11,2159,RUTE COSTA
PL 314/2022,12,2185,CELSO GIANNAZI
PL 314/2022,13,2207,ERIKA HILTON
PL 314/2022,14,2210,ELY TERUEL
PL 314/2022,15,2211,SIDNEY CRUZ
PL 314/2022,16,2213,FARIA DE SÁ
PL 314/2022,17,2219,MARCELO MESSIAS
PL 314/2022,18,2221,ELI CORRÊA
PL 314/2022,19,2224,SANDRA SANTANA
PL 314/2022,20,2244,JORGE WILSON FILHO
PL 315/2022,1,1999,PROFESSOR TONINHO VESPOLI
PL 315/2022,2,2278,KEIT LIMA
PL 316/2022,1,1296,ADILSON AMADEU
PL 316/2022,2,2154,CAMILO CRISTÓFARO
PL 317/2022,1,2207,ERIKA HILTON
PL 318/2022,1,2214,RUBINHO NUNES
PL 319/2022,1,2240,MESA DA CAMARA MUNICIPAL DE SAO PAULO
PL 320/2022,1,2131,RODOLFO DESPACHANTE
PL 320/2022,2,2150,ANDRÉ SANTOS
PL 320/2022,3,2249,NUNES PEIXEIRO
PL 321/2022,1,2150,ANDRÉ SANTOS
PL 321/2022,2,2153,RODRIGO GOULART
PL 322/2022,1,2150,ANDRÉ SANTOS
PL 323/2022,1,1635,DRA. SANDRA TADEU
PL 324/2022,1,2218,THAMMY MIRANDA
PL 324/2022,2,2224,SANDRA SANTANA
PL 324/2022,3,2243,DR. ADRIANO SANTOS
PL 325/2022,1,308,TRIBUNAL DE CONTAS DO MUNICIPIO
PL 326/2022,1,2213,FARIA DE SÁ
PL 327/2022,1,2213,FARIA DE SÁ
PL 328/2022,1,1635,DRA. SANDRA TADEU
PL 329/2022,1,314,MISSIONÁRIO JOSÉ OLÍMPIO
PL 329/2022,2,1635,DRA. SANDRA TADEU
PL 329/2022,3,1647,EDIR SALES
PL 329/2022,4,2144,FABIO RIVA
PL 329/2022,5,2145,FERNANDO HOLIDAY
PL 329/2022,6,2146,GILBERTO NASCIMENTO
PL 329/2022,7,2147,ISAC FÉLIX
PL 329/2022,8,2152,RINALDI DIGILIO
PL 329/2022,9,2153,RODRIGO GOULART
PL 329/2022,10,2214,RUBINHO NUNES
PL 329/2022,11,2215,MARLON LUZ
PL 329/2022,12,2218,THAMMY MIRANDA
PL 329/2022,13,2220,DELEGADO PALUMBO
PL 329/2022,14,2224,SANDRA SANTANA
PL 330/2022,1,2209,DANILO DO POSTO DE SAÚDE
PL 331/2022,1,2147,ISAC FÉLIX
PL 333/2022,1,1999,PROFESSOR TONINHO VESPOLI
PL 334/2022,1,2244,JORGE WILSON FILHO
PL 335/2022,1,2131,RODOLFO DESPACHANTE
PL 336/2022,1,2218,THAMMY MIRANDA
PL 337/2022,1,2222,CRIS MONTEIRO
PL 338/2022,1,1634,JULIANA CARDOSO
PL 338/2022,2,1999,PROFESSOR TONINHO VESPOLI
PL 339/2022,1,776,ELISEU GABRIEL
PL 340/2022,1,776,ELISEU GABRIEL
PL 341/2022,1,2159,RUTE COSTA
PL 341/2022,2,2218,THAMMY MIRANDA
PL 342/2022,1,2145,FERNANDO HOLIDAY
PL 343/2022,1,224,AURÉLIO NOMURA
PL 344/2022,1,2215,MARLON LUZ
PL 345/2022,1,2146,GILBERTO NASCIMENTO
PL 346/2022,1,2001,JAIR TATTO
PL 346/2022,2,2154,CAMILO CRISTÓFARO
PL 346/2022,3,2219,MARCELO MESSIAS
PL 346/2022,4,2267,AMANDA PASCHOAL
PL 346/2022,5,2272,DHEISON SILVA
PL 346/2022,6,2278,KEIT LIMA
PL 346/2022,7,2279,SILVINHO LEITE
PL 347/2022,1,2147,ISAC FÉLIX
PL 348/2022,1,2147,ISAC FÉLIX
PL 349/2022,1,267,PAULO FRANGE
PL 350/2022,1,2214,RUBINHO NUNES
PL 350/2022,2,2223,FELIPE BECARI
PL 351/2022,1,2214,RUBINHO NUNES
PL 351/2022,2,2223,FELIPE BECARI
PL 352/2022,1,187,GILSON BARRETO
PL 352/2022,2,676,ATÍLIO FRANCISCO
PL 352/2022,3,1296,ADILSON AMADEU
PL 352/2022,4,1635,DRA. SANDRA TADEU
PL 352/2022,5,1647,EDIR SALES
PL 352/2022,6,1989,GEORGE HATO
PL 352/2022,7,2147,ISAC FÉLIX
PL 352/2022,8,2152,RINALDI DIGILIO
PL 352/2022,9,2155,JANAÍNA LIMA
PL 352/2022,10,2207,ERIKA HILTON
PL 352/2022,11,2215,MARLON LUZ
PL 352/2022,12,2217,SANSÃO PEREIRA
PL 352/2022,13,2218,THAMMY MIRANDA
PL 352/2022,14,2219,MARCELO MESSIAS
PL 352/2022,15,2221,ELI CORRÊA
PL 353/2022,1,2159,RUTE COSTA
PL 354/2022,1,1999,PROFESSOR TONINHO VESPOLI
PL 355/2022,1,2159,RUTE COSTA
PL 355/2022,2,2218,THAMMY MIRANDA
PL 356/2022,1,314,MISSIONÁRIO JOSÉ OLÍMPIO
PL 357/2022,1,2219,MARCELO MESSIAS
PL 358/2022,1,1647,EDIR SALES
PL 358/2022,2,2147,ISAC FÉLIX
PL 359/2022,1,2147,ISAC FÉLIX
PL 360/2022,1,676,ATÍLIO FRANCISCO
PL 360/2022,2,2150,ANDRÉ SANTOS
PL 360/2022,3,2152,RINALDI DIGILIO
PL 361/2022,1,224,AURÉLIO NOMURA
PL 361/2022,2,1989,GEORGE HATO
PL 361/2022,3,2153,RODRIGO GOULART
PL 362/2022,1,2229,RICARDO NUNES
PL 363/2022,1,2185,CELSO GIANNAZI
PL 364/2022,1,2221,ELI CORRÊA
PL 365/2022,1,1635,DRA. SANDRA TADEU
PL 365/2022,2,2246,MAJOR PALUMBO
PL 366/2022,1,2000,ALESSANDRO GUEDES
PL 367/2022,1,1349,SENIVAL MOURA
PL 368/2022,1,1647,EDIR SALES
PL 368/2022,2,2152,RINALDI DIGILIO
PL 368/2022,3,2159,RUTE COSTA
PL 368/2022,4,2216,SONAIRA FERNANDES
PL 368/2022,5,2217,SANSÃO PEREIRA
PL 368/2022,6,2219,MARCELO MESSIAS
PL 368/2022,7,2270,PASTORA SANDRA ALVES
PL 368/2022,8,2278,KEIT LIMA
PL 368/2022,9,2282,LUCAS PAVANATO
PL 369/2022,1,2150,ANDRÉ SANTOS
PL 370/2022,1,1311,ANTONIO DONATO
PL 371/2022,1,1647,EDIR SALES
PL 372/2022,1,1447,ALFREDINHO
PL 373/2022,1,160,EDUARDO MATARAZZO SUPLICY
PL 373/2022,2,1349,SENIVAL MOURA
PL 373/2022,3,1999,PROFESSOR TONINHO VESPOLI
PL 373/2022,4,2000,ALESSANDRO GUEDES
PL 373/2022,5,2206,SILVIA DA BANCADA FEMINISTA
PL 373/2022,6,2254,LUNA ZARATTINI
PL 374/2022,1,2150,ANDRÉ SANTOS
PL 375/2022,1,2146,GILBERTO NASCIMENTO
PL 375/2022,2,2150,ANDRÉ SANTOS
PL 375/2022,3,2152,RINALDI DIGILIO
PL 375/2022,4,2159,RUTE COSTA
PL 375/2022,5,2216,SONAIRA FERNANDES
PL 377/2022,1,2244,JORGE WILSON FILHO
PL 378/2022,1,2214,RUBINHO NUNES
PL 379/2022,1,2153,RODRIGO GOULART
PL 379/2022,2,2218,THAMMY MIRANDA
PL 380/2022,1,2153,RODRIGO GOULART
PL 381/2022,1,155,ARSELINO TATTO
PL 382/2022,1,2154,CAMILO CRISTÓFARO
PL 382/2022,2,2223,FELIPE BECARI
PL 383/2022,1,2154,CAMILO CRISTÓFARO
PL 383/2022,2,2223,FELIPE BECARI
PL 384/2022,1,2154,CAMILO CRISTÓFARO
PL 384/2022,2,2223,FELIPE BECARI
PL 385/2022,1,2154,CAMILO CRISTÓFARO
PL 385/2022,2,2223,FELIPE BECARI
PL 386/2022,1,2222,CRIS MONTEIRO
PL 387/2022,1,187,GILSON BARRETO
PL 387/2022,2,1635,DRA. SANDRA TADEU
PL 387/2022,3,2153,RODRIGO GOULART
PL 387/2022,4,2159,RUTE COSTA
PL 387/2022,5,2214,RUBINHO NUNES
PL 387/2022,6,2224,SANDRA SANTANA
PL 387/2022,7,2246,MAJOR PALUMBO
PL 388/2022,1,2206,SILVIA DA BANCADA FEMINISTA
PL 388/2022,2,2208,ELAINE DO QUILOMBO PERIFÉRICO
PL 389/2022,1,2145,FERNANDO HOLIDAY
PL 390/2022,1,1999,PROFESSOR TONINHO VESPOLI
PL 391/2022,1,224,AURÉLIO NOMURA
PL 392/2022,1,187,GILSON BARRETO
PL 392/2022,2,2146,GILBERTO NASCIMENTO
PL 393/2022,1,2149,DANIEL ANNENBERG
PL 394/2022,1,2145,FERNANDO HOLIDAY
PL 395/2022,1,776,ELISEU GABRIEL
PL 396/2022,1,160,EDUARDO MATARAZZO SUPLICY
PL 397/2022,1,2217,SANSÃO PEREIRA
PL 398/2022,1,1296,ADILSON AMADEU
PL 398/2022,2,2145,FERNANDO HOLIDAY
PL 398/2022,3,2152,RINALDI DIGILIO
PL 399/2022,1,2209,DANILO DO POSTO DE SAÚDE
PL 400/2022,1,314,MISSIONÁRIO JOSÉ OLÍMPIO
PL 400/2022,2,676,ATÍLIO FRANCISCO
PL 400/2022,3,2146,GILBERTO NASCIMENTO
PL 400/2022,4,2147,ISAC FÉLIX
PL 400/2022,5,2150,ANDRÉ SANTOS
PL 400/2022,6,2152,RINALDI DIGILIO
PL 400/2022,7,2159,RUTE COSTA
PL 400/2022,8,2210,ELY TERUEL
PL 400/2022,9,2215,MARLON LUZ
PL 400/2022,10,2216,SONAIRA FERNANDES
PL 400/2022,11,2217,SANSÃO PEREIRA
PL 400/2022,12,2219,MARCELO MESSIAS
PL 401/2022,1,1999,PROFESSOR TONINHO VESPOLI
PL 402/2022,1,2205,LUANA ALVES
PL 403/2022,1,2220,DELEGADO PALUMBO
PL 405/2022,1,224,AURÉLIO NOMURA
PL 405/2022,2,2155,JANAÍNA LIMA
PL 406/2022,1,1999,PROFESSOR TONINHO VESPOLI
PL 408/2022,1,2229,RICARDO NUNES
PL 409/2022,1,2220,DELEGADO PALUMBO
PL 410/2022,1,936,NABIL BONDUKI
PL 410/2022,2,2207,ERIKA HILTON
PL 410/2022,3,2267,AMANDA PASCHOAL
PL 410/2022,4,2277,JANAINA PASCHOAL
PL 410/2022,5,2278,KEIT LIMA
PL 410/2022,6,2279,SILVINHO LEITE
PL 411/2022,1,1999,PROFESSOR TONINHO VESPOLI
PL 411/2022,2,2153,RODRIGO GOULART
PL 412/2022,1,2211,SIDNEY CRUZ
PL 413/2022,1,2215,MARLON LUZ
PL 414/2022,1,1311,ANTONIO DONATO
PL 415/2022,1,2150,ANDRÉ SANTOS
PL 416/2022,1,2150,ANDRÉ SANTOS
PL 417/2022,1,2150,ANDRÉ SANTOS
PL 418/2022,1,2150,ANDRÉ SANTOS
PL 419/2022,1,1999,PROFESSOR TONINHO VESPOLI
PL 419/2022,2,2149,DANIEL ANNENBERG
PL 419/2022,3,2185,CELSO GIANNAZI
PL 419/2022,4,2205,LUANA ALVES
PL 419/2022,5,2206,SILVIA DA BANCADA FEMINISTA
PL 419/2022,6,2207,ERIKA HILTON
PL 419/2022,7,2208,ELAINE DO QUILOMBO PERIFÉRICO
PL 419/2022,8,2278,KEIT LIMA
PL 420/2022,1,2211,SIDNEY CRUZ
PL 421/2022,1,1999,PROFESSOR TONINHO VESPOLI
PL 422/2022,1,2146,GILBERTO NASCIMENTO
PL 423/2022,1,2000,ALESSANDRO GUEDES
PL 424/2022,1,2240,MESA DA CAMARA MUNICIPAL DE SAO PAULO
PL 425/2022,1,2206,SILVIA DA BANCADA FEMINISTA
PL 426/2022,1,2206,SILVIA DA BANCADA FEMINISTA
PL 427/2022,1,2229,RICARDO NUNES
PL 428/2022,1,2229,RICARDO NUNES
PL 429/2022,1,314,MISSIONÁRIO JOSÉ OLÍMPIO
PL 430/2022,1,2001,JAIR TATTO
PL 431/2022,1,2001,JAIR TATTO
PL 432/2022,1,2001,JAIR TATTO
PL 432/2022,2,2210,ELY TERUEL
PL 432/2022,3,2219,MARCELO MESSIAS
PL 433/2022,1,2207,ERIKA HILTON
PL 433/2022,2,2208,ELAINE DO QUILOMBO PERIFÉRICO
PL 433/2022,3,2248,JUSSARA BASSO
PL 434/2022,1,1989,GEORGE HATO
PL 435/2022,1,2153,RODRIGO GOULART
PL 436/2022,1,224,AURÉLIO NOMURA
PL 437/2022,1,224,AURÉLIO NOMURA
PL 438/2022,1,2160,JOÃO JORGE
PL 439/2022,1,2146,GILBERTO NASCIMENTO
PL 440/2022,1,2146,GILBERTO NASCIMENTO
PL 441/2022,1,2146,GILBERTO NASCIMENTO
PL 442/2022,1,2159,RUTE COSTA
PL 442/2022,2,2218,THAMMY MIRANDA
PL 443/2022,1,224,AURÉLIO NOMURA
PL 444/2022,1,160,EDUARDO MATARAZZO SUPLICY
PL 444/2022,2,2255,JOÃO ANANIAS
PL 445/2022,1,2152,RINALDI DIGILIO
PL 446/2022,1,2155,JANAÍNA LIMA
PL 447/2022,1,2155,JANAÍNA LIMA
PL 448/2022,1,267,PAULO FRANGE
PL 449/2022,1,1989,GEORGE HATO
PL 450/2022,1,2219,MARCELO MESSIAS
PL 451/2022,1,2219,MARCELO MESSIAS
PL 452/2022,1,2219,MARCELO MESSIAS
PL 453/2022,1,1999,PROFESSOR TONINHO VESPOLI
PL 453/2022,2,2278,KEIT LIMA
PL 454/2022,1,2216,SONAIRA FERNANDES
PL 455/2022,1,2147,ISAC FÉLIX
PL 456/2022,1,2206,SILVIA DA BANCADA FEMINISTA
PL 457/2022,1,273,MILTON LEITE
PL 457/2022,2,1487,RICARDO TEIXEIRA
PL 458/2022,1,273,MILTON LEITE
PL 458/2022,2,1487,RICARDO TEIXEIRA
PL 458/2022,3,2278,KEIT LIMA
PL 458/2022,4,2279,SILVINHO LEITE
PL 459/2022,1,273,MILTON LEITE
PL 459/2022,2,1487,RICARDO TEIXEIRA
PL 459/2022,3,2278,KEIT LIMA
PL 459/2022,4,2279,SILVINHO LEITE
PL 460/2022,1,2152,RINALDI DIGILIO
PL 461/2022,1,2152,RINALDI DIGILIO
PL 462/2022,1,776,ELISEU GABRIEL
PL 463/2022,1,2211,SIDNEY CRUZ
PL 464/2022,1,2211,SIDNEY CRUZ
PL 465/2022,1,2216,SONAIRA FERNANDES
PL 466/2022,1,2159,RUTE COSTA
PL 467/2022,1,1999,PROFESSOR TONINHO VESPOLI
PL 467/2022,2,2153,RODRIGO GOULART
PL 467/2022,3,2219,MARCELO MESSIAS
PL 468/2022,1,2219,MARCELO MESSIAS
PL 469/2022,1,2219,MARCELO MESSIAS
PL 470/2022,1,2154,CAMILO CRISTÓFARO
PL 470/2022,2,2220,DELEGADO PALUMBO
PL 471/2022,1,2155,JANAÍNA LIMA
PL 472/2022,1,2155,JANAÍNA LIMA
PL 473/2022,1,2155,JANAÍNA LIMA
PL 474/2022,1,2146,GILBERTO NASCIMENTO
PL 475/2022,1,2147,ISAC FÉLIX
PL 476/2022,1,1487,RICARDO TEIXEIRA
PL 477/2022,1,1487,RICARDO TEIXEIRA
PL 478/2022,1,1999,PROFESSOR TONINHO VESPOLI
PL 479/2022,1,1999,PROFESSOR TONINHO VESPOLI
PL 480/2022,1,1989,GEORGE HATO
PL 480/2022,2,2149,DANIEL ANNENBERG
PL 480/2022,3,2153,RODRIGO GOULART
PL 480/2022,4,2221,ELI CORRÊA
PL 481/2022,1,2154,CAMILO CRISTÓFARO
PL 482/2022,1,1349,SENIVAL MOURA
PL 482/2022,2,1999,PROFESSOR TONINHO VESPOLI
PL 482/2022,3,2205,LUANA ALVES
PL 482/2022,4,2206,SILVIA DA BANCADA FEMINISTA
PL 482/2022,5,2278,KEIT LIMA
PL 482/2022,6,2279,SILVINHO LEITE
PL 483/2022,1,2205,LUANA ALVES
PL 484/2022,1,2219,MARCELO MESSIAS
PL 485/2022,1,2214,RUBINHO NUNES
PL 486/2022,1,2214,RUBINHO NUNES
PL 487/2022,1,1647,EDIR SALES
PL 488/2022,1,2155,JANAÍNA LIMA
PL 489/2022,1,1634,JULIANA CARDOSO
PL 489/2022,2,2256,HÉLIO RODRIGUES
PL 490/2022,1,176,ROBERTO TRÍPOLI
PL 490/2022,2,2149,DANIEL ANNENBERG
PL 491/2022,1,187,GILSON BARRETO
PL 491/2022,2,1635,DRA. SANDRA TADEU
PL 491/2022,3,2153,RODRIGO GOULART
PL 491/2022,4,2210,ELY TERUEL
PL 491/2022,5,2249,NUNES PEIXEIRO
PL 492/2022,1,2153,RODRIGO GOULART
PL 492/2022,2,2215,MARLON LUZ
PL 492/2022,3,2224,SANDRA SANTANA
PL 493/2022,1,224,AURÉLIO NOMURA
PL 493/2022,2,1989,GEORGE HATO
PL 493/2022,3,2153,RODRIGO GOULART
PL 494/2022,1,1635,DRA. SANDRA TADEU
PL 495/2022,1,2159,RUTE COSTA
PL 496/2022,1,2207,ERIKA HILTON
PL 497/2022,1,2217,SANSÃO PEREIRA
PL 498/2022,1,1447,ALFREDINHO
PL 499/2022,1,2247,LUIZ PROTEÇÃO ANIMAL
PL 500/2022,1,1647,EDIR SALES
PL 501/2022,1,2159,RUTE COSTA
PL 501/2022,2,2214,RUBINHO NUNES
PL 501/2022,3,2246,MAJOR PALUMBO
PL 502/2022,1,2159,RUTE COSTA
PL 503/2022,1,776,ELISEU GABRIEL
PL 504/2022,1,2153,RODRIGO GOULART
PL 505/2022,1,2219,MARCELO MESSIAS
PL 505/2022,2,2224,SANDRA SANTANA
PL 506/2022,1,1635,DRA. SANDRA TADEU
PL 506/2022,2,2211,SIDNEY CRUZ
PL 506/2022,3,2214,RUBINHO NUNES
PL 506/2022,4,2218,THAMMY MIRANDA
PL 506/2022,5,2222,CRIS MONTEIRO
PL 506/2022,6,2224,SANDRA SANTANA
PL 507/2022,1,2144,FABIO RIVA
PL 507/2022,2,2155,JANAÍNA LIMA
PL 507/2022,3,2211,SIDNEY CRUZ
PL 507/2022,4,2218,THAMMY MIRANDA
PL 507/2022,5,2224,SANDRA SANTANA
PL 508/2022,1,2223,FELIPE BECARI
PL 509/2022,1,2223,FELIPE BECARI
PL 510/2022,1,2221,ELI CORRÊA
PL 511/2022,1,1999,PROFESSOR TONINHO VESPOLI
PL 512/2022,1,155,ARSELINO TATTO
PL 513/2022,1,1999,PROFESSOR TONINHO VESPOLI
PL 513/2022,2,2278,KEIT LIMA
PL 514/2022,1,2211,SIDNEY CRUZ
PL 515/2022,1,1311,ANTONIO DONATO
PL 516/2022,1,1647,EDIR SALES
PL 516/2022,2,2147,ISAC FÉLIX
PL 517/2022,1,224,AURÉLIO NOMURA
PL 517/2022,2,2219,MARCELO MESSIAS
PL 518/2022,1,187,GILSON BARRETO
PL 520/2022,1,2152,RINALDI DIGILIO
PL 521/2022,1,187,GILSON BARRETO
PL 521/2022,2,2146,GILBERTO NASCIMENTO
PL 522/2022,1,2216,SONAIRA FERNANDES
PL 523/2022,1,776,ELISEU GABRIEL
PL 524/2022,1,1647,EDIR SALES
PL 525/2022,1,2229,RICARDO NUNES
PL 526/2022,1,2153,RODRIGO GOULART
PL 526/2022,2,2159,RUTE COSTA
PL 527/2022,1,2150,ANDRÉ SANTOS
PL 527/2022,2,2159,RUTE COSTA
PL 527/2022,3,2218,THAMMY MIRANDA
PL 527/2022,4,2219,MARCELO MESSIAS
PL 527/2022,5,2246,MAJOR PALUMBO
PL 527/2022,6,2269,MARINA BRAGANTE
PL 527/2022,7,2279,SILVINHO LEITE
PL 528/2022,1,2159,RUTE COSTA
PL 529/2022,1,2210,ELY TERUEL
PL 530/2022,1,2152,RINALDI DIGILIO
PL 531/2022,1,2247,LUIZ PROTEÇÃO ANIMAL
PL 532/2022,1,1999,PROFESSOR TONINHO VESPOLI
PL 532/2022,2,2247,LUIZ PROTEÇÃO ANIMAL
PL 533/2022,1,2185,CELSO GIANNAZI
PL 534/2022,1,1999,PROFESSOR TONINHO VESPOLI
PL 534/2022,2,2180,MANOEL DEL RIO
PL 534/2022,3,2211,SIDNEY CRUZ
PL 535/2022,1,2147,ISAC FÉLIX
PL 536/2022,1,2206,SILVIA DA BANCADA FEMINISTA
PL 536/2022,2,2208,ELAINE DO QUILOMBO PERIFÉRICO
PL 536/2022,3,2222,CRIS MONTEIRO
PL 537/2022,1,1296,ADILSON AMADEU
PL 538/2022,1,2154,CAMILO CRISTÓFARO
PL 538/2022,2,2218,THAMMY MIRANDA
PL 538/2022,3,2223,FELIPE BECARI
PL 539/2022,1,2215,MARLON LUZ
PL 540/2022,1,2159,RUTE COSTA
PL 540/2022,2,2206,SILVIA DA BANCADA FEMINISTA
PL 541/2022,1,2000,ALESSANDRO GUEDES
PL 542/2022,1,1296,ADILSON AMADEU
PL 542/2022,2,2131,RODOLFO DESPACHANTE
PL 543/2022,1,1647,EDIR SALES
PL 544/2022,1,1647,EDIR SALES
PL 545/2022,1,1635,DRA. SANDRA TADEU
PL 546/2022,1,2131,RODOLFO DESPACHANTE
PL 546/2022,2,2219,MARCELO MESSIAS
PL 547/2022,1,2131,RODOLFO DESPACHANTE
PL 547/2022,2,2153,RODRIGO GOULART
PL 548/2022,1,1989,GEORGE HATO
PL 549/2022,1,2159,RUTE COSTA
PL 550/2022,1,2159,RUTE COSTA
PL 551/2022,1,2229,RICARDO NUNES
PL 552/2022,1,676,ATÍLIO FRANCISCO
PL 552/2022,2,2154,CAMILO CRISTÓFARO
PL 552/2022,3,2210,ELY TERUEL
PL 552/2022,4,2221,ELI CORRÊA
PL 552/2022,5,2223,FELIPE BECARI
PL 553/2022,1,676,ATÍLIO FRANCISCO
PL 553/2022,2,2154,CAMILO CRISTÓFARO
PL 553/2022,3,2210,ELY TERUEL
PL 553/2022,4,2223,FELIPE BECARI
PL 554/2022,1,2152,RINALDI DIGILIO
PL 555/2022,1,2223,FELIPE BECARI
PL 556/2022,1,1635,DRA. SANDRA TADEU
PL 556/2022,2,2278,KEIT LIMA
PL 556/2022,3,2279,SILVINHO LEITE
PL 557/2022,1,1635,DRA. SANDRA TADEU
PL 557/2022,2,2216,SONAIRA FERNANDES
PL 558/2022,1,2159,RUTE COSTA
PL 559/2022,1,1634,JULIANA CARDOSO
PL 559/2022,2,2256,HÉLIO RODRIGUES
PL 560/2022,1,1634,JULIANA CARDOSO
PL 560/2022,2,2254,LUNA ZARATTINI
PL 560/2022,3,2256,HÉLIO RODRIGUES
PL 561/2022,1,2000,ALESSANDRO GUEDES
PL 562/2022,1,187,GILSON BARRETO
PL 563/2022,1,2209,DANILO DO POSTO DE SAÚDE
PL 564/2022,1,676,ATÍLIO FRANCISCO
PL 564/2022,2,1487,RICARDO TEIXEIRA
PL 564/2022,3,2131,RODOLFO DESPACHANTE
PL 564/2022,4,2153,RODRIGO GOULART
PL 564/2022,5,2154,CAMILO CRISTÓFARO
PL 564/2022,6,2159,RUTE COSTA
PL 565/2022,1,2149,DANIEL ANNENBERG
PL 566/2022,1,2219,MARCELO MESSIAS
PL 567/2022,1,2219,MARCELO MESSIAS
PL 568/2022,1,2210,ELY TERUEL
PL 569/2022,1,2155,JANAÍNA LIMA
PL 569/2022,2,2210,ELY TERUEL
PL 569/2022,3,2244,JORGE WILSON FILHO
PL 569/2022,4,2268,AMANDA VETTORAZZO
PL 569/2022,5,2279,SILVINHO LEITE
PL 570/2022,1,187,GILSON BARRETO
PL 571/2022,1,2246,MAJOR PALUMBO
PL 571/2022,2,2249,NUNES PEIXEIRO
PL 572/2022,1,2218,THAMMY MIRANDA
PL 572/2022,2,2219,MARCELO MESSIAS
PL 572/2022,3,2246,MAJOR PALUMBO
PL 573/2022,1,2218,THAMMY MIRANDA
PL 573/2022,2,2246,MAJOR PALUMBO
PL 574/2022,1,2246,MAJOR PALUMBO
PL 575/2022,1,1989,GEORGE HATO
PL 575/2022,2,2149,DANIEL ANNENBERG
PL 576/2022,1,273,MILTON LEITE
PL 577/2022,1,273,MILTON LEITE
PL 578/2022,1,273,MILTON LEITE
PL 579/2022,1,2229,RICARDO NUNES
PL 580/2022,1,155,ARSELINO TATTO
PL 580/2022,2,160,EDUARDO MATARAZZO SUPLICY
PL 580/2022,3,224,AURÉLIO NOMURA
PL 580/2022,4,1296,ADILSON AMADEU
PL 580/2022,5,1349,SENIVAL MOURA
PL 580/2022,6,1447,ALFREDINHO
PL 580/2022,7,1634,JULIANA CARDOSO
PL 580/2022,8,1999,PROFESSOR TONINHO VESPOLI
PL 580/2022,9,2000,ALESSANDRO GUEDES
PL 580/2022,10,2001,JAIR TATTO
PL 580/2022,11,2149,DANIEL ANNENBERG
PL 580/2022,12,2185,CELSO GIANNAZI
PL 580/2022,13,2206,SILVIA DA BANCADA FEMINISTA
PL 580/2022,14,2218,THAMMY MIRANDA
PL 580/2022,15,2243,DR. ADRIANO SANTOS
PL 580/2022,16,2248,JUSSARA BASSO
PL 580/2022,17,2254,LUNA ZARATTINI
PL 580/2022,18,2256,HÉLIO RODRIGUES
PL 580/2022,19,2278,KEIT LIMA
PL 582/2022,1,2001,JAIR TATTO
PL 582/2022,2,2205,LUANA ALVES
PL 582/2022,3,2206,SILVIA DA BANCADA FEMINISTA
PL 583/2022,1,160,EDUARDO MATARAZZO SUPLICY
PL 583/2022,2,2149,DANIEL ANNENBERG
PL 583/2022,3,2254,LUNA ZARATTINI
PL 584/2022,1,160,EDUARDO MATARAZZO SUPLICY
PL 584/2022,2,1634,JULIANA CARDOSO
PL 584/2022,3,2149,DANIEL ANNENBERG
PL 584/2022,4,2185,CELSO GIANNAZI
PL 584/2022,5,2206,SILVIA DA BANCADA FEMINISTA
PL 584/2022,6,2207,ERIKA HILTON
PL 584/2022,7,2211,SIDNEY CRUZ
PL 584/2022,8,2222,CRIS MONTEIRO
PL 584/2022,9,2246,MAJOR PALUMBO
PL 584/2022,10,2248,JUSSARA BASSO
PL 584/2022,11,2254,LUNA ZARATTINI
PL 585/2022,1,2150,ANDRÉ SANTOS
PL 585/2022,2,2219,MARCELO MESSIAS
PL 586/2022,1,2206,SILVIA DA BANCADA FEMINISTA
PL 587/2022,1,2206,SILVIA DA BANCADA FEMINISTA
PL 588/2022,1,2222,CRIS MONTEIRO
PL 589/2022,1,2206,SILVIA DA BANCADA FEMINISTA
PL 590/2022,1,2208,ELAINE DO QUILOMBO PERIFÉRICO
PL 591/2022,1,2001,JAIR TATTO
PL 591/2022,2,2243,DR. ADRIANO SANTOS
PL 592/2022,1,2001,JAIR TATTO
PL 593/2022,1,2001,JAIR TATTO
PL 594/2022,1,155,ARSELINO TATTO
PL 594/2022,2,2001,JAIR TATTO
PL 595/2022,1,2001,JAIR TATTO
PL 595/2022,2,2255,JOÃO ANANIAS
PL 596/2022,1,2001,JAIR TATTO
PL 596/2022,2,2154,CAMILO CRISTÓFARO
PL 597/2022,1,2001,JAIR TATTO
PL 597/2022,2,2154,CAMILO CRISTÓFARO
PL 598/2022,1,2144,FABIO RIVA
PL 599/2022,1,224,AURÉLIO NOMURA
PL 599/2022,2,2219,MARCELO MESSIAS
PL 600/2022,1,160,EDUARDO MATARAZZO SUPLICY
PL 600/2022,2,2254,LUNA ZARATTINI
PL 601/2022,1,1647,EDIR SALES
PL 602/2022,1,1635,DRA. SANDRA TADEU
PL 602/2022,2,2246,MAJOR PALUMBO
PL 602/2022,3,2254,LUNA ZARATTINI
PL 604/2022,1,267,PAULO FRANGE
PL 605/2022,1,267,PAULO FRANGE
PL 606/2022,1,2219,MARCELO MESSIAS
PL 607/2022,1,676,ATÍLIO FRANCISCO
PL 607/2022,2,2243,DR. ADRIANO SANTOS
PL 608/2022,1,267,PAULO FRANGE
PL 609/2022,1,2205,LUANA ALVES
PL 610/2022,1,2159,RUTE COSTA
PL 611/2022,1,2246,MAJOR PALUMBO
PL 612/2022,1,2229,RICARDO NUNES
PL 613/2022,1,2229,RICARDO NUNES
PL 614/2022,1,1999,PROFESSOR TONINHO VESPOLI
PL 614/2022,2,2159,RUTE COSTA
PL 615/2022,1,2205,LUANA ALVES
PL 616/2022,1,2153,RODRIGO GOULART
PL 616/2022,2,2224,SANDRA SANTANA
PL 617/2022,1,2147,ISAC FÉLIX
PL 617/2022,2,2219,MARCELO MESSIAS
PL 617/2022,3,2221,ELI CORRÊA
PL 618/2022,1,2147,ISAC FÉLIX
PL 619/2022,1,2207,ERIKA HILTON
PL 620/2022,1,2205,LUANA ALVES
PL 621/2022,1,1635,DRA. SANDRA TADEU
PL 622/2022,1,1635,DRA. SANDRA TADEU
PL 622/2022,2,2155,JANAÍNA LIMA
PL 623/2022,1,1635,DRA. SANDRA TADEU
PL 623/2022,2,2131,RODOLFO DESPACHANTE
PL 623/2022,3,2248,JUSSARA BASSO
PL 624/2022,1,1647,EDIR SALES
PL 625/2022,1,2209,DANILO DO POSTO DE SAÚDE
PL 626/2022,1,2219,MARCELO MESSIAS
PL 626/2022,2,2246,MAJOR PALUMBO
PL 626/2022,3,2255,JOÃO ANANIAS
PL 628/2022,1,2209,DANILO DO POSTO DE SAÚDE
PL 628/2022,2,2224,SANDRA SANTANA
PL 629/2022,1,2146,GILBERTO NASCIMENTO
PL 629/2022,2,2160,JOÃO JORGE
PL 630/2022,1,2001,JAIR TATTO
PL 631/2022,1,2219,MARCELO MESSIAS
PL 632/2022,1,1647,EDIR SALES
PL 633/2022,1,2229,RICARDO NUNES
PL 634/2022,1,2229,RICARDO NUNES
PL 635/2022,1,2209,DANILO DO POSTO DE SAÚDE
PL 636/2022,1,2149,DANIEL ANNENBERG
PL 636/2022,2,2209,DANILO DO POSTO DE SAÚDE
PL 636/2022,3,2271,ANA CAROLINA OLIVEIRA
PL 636/2022,4,2279,SILVINHO LEITE
PL 637/2022,1,2154,CAMILO CRISTÓFARO
PL 638/2022,1,2145,FERNANDO HOLIDAY
PL 638/2022,2,2153,RODRIGO GOULART
PL 638/2022,3,2214,RUBINHO NUNES
PL 638/2022,4,2222,CRIS MONTEIRO
PL 639/2022,1,273,MILTON LEITE
PL 639/2022,2,2153,RODRIGO GOULART
PL 640/2022,1,224,AURÉLIO NOMURA
PL 641/2022,1,2155,JANAÍNA LIMA
PL 642/2022,1,2246,MAJOR PALUMBO
PL 643/2022,1,2208,ELAINE DO QUILOMBO PERIFÉRICO
PL 644/2022,1,2209,DANILO DO POSTO DE SAÚDE
PL 645/2022,1,2229,RICARDO NUNES
PL 646/2022,1,1999,PROFESSOR TONINHO VESPOLI
PL 646/2022,2,2154,CAMILO CRISTÓFARO
PL 647/2022,1,2154,CAMILO CRISTÓFARO
PL 648/2022,1,2159,RUTE COSTA
PL 649/2022,1,2131,RODOLFO DESPACHANTE
PL 649/2022,2,2246,MAJOR PALUMBO
PL 650/2022,1,1635,DRA. SANDRA TADEU
PL 651/2022,1,2155,JANAÍNA LIMA
PL 652/2022,1,2155,JANAÍNA LIMA
PL 653/2022,1,2001,JAIR TATTO
PL 654/2022,1,2154,CAMILO CRISTÓFARO
PL 654/2022,2,2210,ELY TERUEL
PL 655/2022,1,2218,THAMMY MIRANDA
PL 656/2022,1,2214,RUBINHO NUNES
PL 657/2022,1,2214,RUBINHO NUNES
PL 657/2022,2,2279,SILVINHO LEITE
PL 658/2022,1,1487,RICARDO TEIXEIRA
PL 658/2022,2,1999,PROFESSOR TONINHO VESPOLI
PL 658/2022,3,2219,MARCELO MESSIAS
PL 658/2022,4,2221,ELI CORRÊA
PL 658/2022,5,2228,RENATA FALZONI
PL 658/2022,6,2279,SILVINHO LEITE
PL 658/2022,7,2281,SIMONE GANEM
PL 659/2022,1,1487,RICARDO TEIXEIRA
PL 660/2022,1,1487,RICARDO TEIXEIRA
PL 661/2022,1,2205,LUANA ALVES
PL 662/2022,1,2205,LUANA ALVES
PL 663/2022,1,2205,LUANA ALVES
PL 664/2022,1,2205,LUANA ALVES
PL 665/2022,1,2205,LUANA ALVES
PL 666/2022,1,2205,LUANA ALVES
PL 667/2022,1,2205,LUANA ALVES
PL 668/2022,1,2205,LUANA ALVES
PL 669/2022,1,2205,LUANA ALVES
PL 670/2022,1,2229,RICARDO NUNES
PL 671/2022,1,2154,CAMILO CRISTÓFARO
PL 671/2022,2,2159,RUTE COSTA
PL 671/2022,3,2218,THAMMY MIRANDA
PL 671/2022,4,2249,NUNES PEIXEIRO
PL 672/2022,1,2159,RUTE COSTA
PL 673/2022,1,2215,MARLON LUZ
PL 674/2022,1,2185,CELSO GIANNAZI
PL 675/2022,1,2206,SILVIA DA BANCADA FEMINISTA
PL 676/2022,1,1447,ALFREDINHO
PL 676/2022,2,2272,DHEISON SILVA
PL 677/2022,1,2149,DANIEL ANNENBERG
PL 677/2022,2,2224,SANDRA SANTANA
PL 678/2022,1,187,GILSON BARRETO
PL 680/2022,1,2001,JAIR TATTO
PL 681/2022,1,2218,THAMMY MIRANDA
PL 682/2022,1,2218,THAMMY MIRANDA
PL 683/2022,1,2147,ISAC FÉLIX
PL 684/2022,1,1999,PROFESSOR TONINHO VESPOLI
PL 684/2022,2,2144,FABIO RIVA
PL 685/2022,1,2219,MARCELO MESSIAS
PL 686/2022,1,2185,CELSO GIANNAZI
PL 687/2022,1,2229,RICARDO NUNES
PL 688/2022,1,1999,PROFESSOR TONINHO VESPOLI
PL 689/2022,1,2209,DANILO DO POSTO DE SAÚDE
PL 690/2022,1,2208,ELAINE DO QUILOMBO PERIFÉRICO
PL 691/2022,1,2158,XEXÉU TRIPOLI
PL 692/2022,1,2149,DANIEL ANNENBERG
PL 693/2022,1,2214,RUBINHO NUNES
PL 694/2022,1,1999,PROFESSOR TONINHO VESPOLI
PL 695/2022,1,2001,JAIR TATTO
PL 696/2022,1,2216,SONAIRA FERNANDES
PL 697/2022,1,2216,SONAIRA FERNANDES
PL 698/2022,1,1999,PROFESSOR TONINHO VESPOLI
PL 698/2022,2,2206,SILVIA DA BANCADA FEMINISTA
PL 699/2022,1,160,EDUARDO MATARAZZO SUPLICY
PL 699/2022,2,776,ELISEU GABRIEL
PL 699/2022,3,936,NABIL BONDUKI
PL 699/2022,4,2254,LUNA ZARATTINI
PL 700/2022,1,2159,RUTE COSTA
PL 701/2022,1,2159,RUTE COSTA
PL 702/2022,1,224,AURÉLIO NOMURA
PL 702/2022,2,2250,CORONEL SALLES
PL 703/2022,1,2246,MAJOR PALUMBO
PL 705/2022,1,2154,CAMILO CRISTÓFARO
PL 706/2022,1,2147,ISAC FÉLIX
PL 707/2022,1,2147,ISAC FÉLIX
PL 707/2022,2,2224,SANDRA SANTANA
PL 708/2022,1,1447,ALFREDINHO
PL 709/2022,1,1634,JULIANA CARDOSO
PL 710/2022,1,1647,EDIR SALES
PL 711/2022,1,2216,SONAIRA FERNANDES
PL 712/2022,1,1999,PROFESSOR TONINHO VESPOLI
PL 712/2022,2,2206,SILVIA DA BANCADA FEMINISTA
PL 712/2022,3,2208,ELAINE DO QUILOMBO PERIFÉRICO
PL 1/2023,1,2214,RUBINHO NUNES
PL 1/2023,2,2218,THAMMY MIRANDA
PL 1/2023,3,2219,MARCELO MESSIAS
PL 2/2023,1,2207,ERIKA HILTON
PL 3/2023,1,1296,ADILSON AMADEU
PL 4/2023,1,1999,PROFESSOR TONINHO VESPOLI
PL 5/2023,1,1487,RICARDO TEIXEIRA
PL 6/2023,1,1487,RICARDO TEIXEIRA
PL 7/2023,1,1487,RICARDO TEIXEIRA
PL 8/2023,1,2224,SANDRA SANTANA
PL 9/2023,1,2215,MARLON LUZ
PL 10/2023,1,2152,RINALDI DIGILIO
PL 11/2023,1,2154,CAMILO CRISTÓFARO
PL 12/2023,1,2153,RODRIGO GOULART
PL 12/2023,2,2218,THAMMY MIRANDA
PL 12/2023,3,2224,SANDRA SANTANA
PL 13/2023,1,776,ELISEU GABRIEL
PL 14/2023,1,2155,JANAÍNA LIMA
PL 14/2023,2,2218,THAMMY MIRANDA
PL 15/2023,1,1634,JULIANA CARDOSO
PL 15/2023,2,2256,HÉLIO RODRIGUES
PL 16/2023,1,2149,DANIEL ANNENBERG
PL 16/2023,2,2155,JANAÍNA LIMA
PL 16/2023,3,2206,SILVIA DA BANCADA FEMINISTA
PL 16/2023,4,2208,ELAINE DO QUILOMBO PERIFÉRICO
PL 16/2023,5,2218,THAMMY MIRANDA
PL 16/2023,6,2219,MARCELO MESSIAS
PL 16/2023,7,2254,LUNA ZARATTINI
PL 16/2023,8,2278,KEIT LIMA
PL 17/2023,1,1647,EDIR SALES
PL 18/2023,1,1635,DRA. SANDRA TADEU
PL 18/2023,2,1647,EDIR SALES
PL 18/2023,3,2131,RODOLFO DESPACHANTE
PL 18/2023,4,2145,FERNANDO HOLIDAY
PL 18/2023,5,2149,DANIEL ANNENBERG
PL 18/2023,6,2152,RINALDI DIGILIO
PL 18/2023,7,2206,SILVIA DA BANCADA FEMINISTA
PL 18/2023,8,2219,MARCELO MESSIAS
PL 18/2023,9,2221,ELI CORRÊA
PL 18/2023,10,2222,CRIS MONTEIRO
PL 18/2023,11,2224,SANDRA SANTANA
PL 18/2023,12,2254,LUNA ZARATTINI
PL 18/2023,13,2255,JOÃO ANANIAS
PL 18/2023,14,2256,HÉLIO RODRIGUES
PL 19/2023,1,2154,CAMILO CRISTÓFARO
PL 19/2023,2,2155,JANAÍNA LIMA
PL 20/2023,1,155,ARSELINO TATTO
PL 20/2023,2,2254,LUNA ZARATTINI
PL 21/2023,1,2244,JORGE WILSON FILHO
PL 22/2023,1,2244,JORGE WILSON FILHO
PL 23/2023,1,187,GILSON BARRETO
PL 24/2023,1,2246,MAJOR PALUMBO
PL 25/2023,1,2219,MARCELO MESSIAS
PL 25/2023,2,2246,MAJOR PALUMBO
PL 26/2023,1,2214,RUBINHO NUNES
PL 26/2023,2,2266,ADRILLES JORGE
PL 27/2023,1,187,GILSON BARRETO
PL 28/2023,1,2147,ISAC FÉLIX
PL 29/2023,1,2150,ANDRÉ SANTOS
PL 29/2023,2,2218,THAMMY MIRANDA
PL 29/2023,3,2279,SILVINHO LEITE
PL 30/2023,1,2150,ANDRÉ SANTOS
PL 30/2023,2,2152,RINALDI DIGILIO
PL 30/2023,3,2243,DR. ADRIANO SANTOS
PL 30/2023,4,2250,CORONEL SALLES
PL 31/2023,1,2150,ANDRÉ SANTOS
PL 31/2023,2,2219,MARCELO MESSIAS
PL 31/2023,3,2270,PASTORA SANDRA ALVES
PL 31/2023,4,2279,SILVINHO LEITE
PL 32/2023,1,2219,MARCELO MESSIAS
PL 33/2023,1,2219,MARCELO MESSIAS
PL 34/2023,1,187,GILSON BARRETO
PL 35/2023,1,2206,SILVIA DA BANCADA FEMINISTA
PL 36/2023,1,2211,SIDNEY CRUZ
PL 37/2023,1,155,ARSELINO TATTO
PL 38/2023,1,2221,ELI CORRÊA
PL 39/2023,1,2185,CELSO GIANNAZI
PL 40/2023,1,2154,CAMILO CRISTÓFARO
PL 41/2023,1,1635,DRA. SANDRA TADEU
PL 41/2023,2,2145,FERNANDO HOLIDAY
PL 42/2023,1,2219,MARCELO MESSIAS
PL 43/2023,1,2211,SIDNEY CRUZ
PL 44/2023,1,2211,SIDNEY CRUZ
PL 44/2023,2,2218,THAMMY MIRANDA
PL 45/2023,1,2211,SIDNEY CRUZ
PL 45/2023,2,2243,DR. ADRIANO SANTOS
PL 46/2023,1,2150,ANDRÉ SANTOS
PL 47/2023,1,2160,JOÃO JORGE
PL 48/2023,1,2206,SILVIA DA BANCADA FEMINISTA
PL 49/2023,1,1647,EDIR SALES
PL 49/2023,2,2218,THAMMY MIRANDA
PL 51/2023,1,2001,JAIR TATTO
PL 51/2023,2,2154,CAMILO CRISTÓFARO
PL 51/2023,3,2218,THAMMY MIRANDA
PL 51/2023,4,2250,CORONEL SALLES
PL 51/2023,5,2278,KEIT LIMA
PL 51/2023,6,2279,SILVINHO LEITE
PL 52/2023,1,160,EDUARDO MATARAZZO SUPLICY
PL 52/2023,2,936,NABIL BONDUKI
PL 52/2023,3,2254,LUNA ZARATTINI
PL 52/2023,4,2267,AMANDA PASCHOAL
PL 52/2023,5,2269,MARINA BRAGANTE
PL 53/2023,1,2246,MAJOR PALUMBO
PL 54/2023,1,2244,JORGE WILSON FILHO
PL 55/2023,1,2154,CAMILO CRISTÓFARO
PL 56/2023,1,2154,CAMILO CRISTÓFARO
PL 57/2023,1,1635,DRA. SANDRA TADEU
PL 57/2023,2,2279,SILVINHO LEITE
PL 58/2023,1,2152,RINALDI DIGILIO
PL 58/2023,2,2154,CAMILO CRISTÓFARO
PL 58/2023,3,2218,THAMMY MIRANDA
PL 58/2023,4,2219,MARCELO MESSIAS
PL 58/2023,5,2250,CORONEL SALLES
PL 58/2023,6,2254,LUNA ZARATTINI
PL 58/2023,7,2279,SILVINHO LEITE
PL 59/2023,1,2131,RODOLFO DESPACHANTE
PL 59/2023,2,2152,RINALDI DIGILIO
PL 59/2023,3,2219,MARCELO MESSIAS
PL 59/2023,4,2250,CORONEL SALLES
PL 60/2023,1,2206,SILVIA DA BANCADA FEMINISTA
PL 61/2023,1,2001,JAIR TATTO
PL 62/2023,1,160,EDUARDO MATARAZZO SUPLICY
PL 62/2023,2,936,NABIL BONDUKI
PL 62/2023,3,2254,LUNA ZARATTINI
PL 63/2023,1,2185,CELSO GIANNAZI
PL 64/2023,1,2224,SANDRA SANTANA
PL 65/2023,1,676,ATÍLIO FRANCISCO
PL 65/2023,2,2152,RINALDI DIGILIO
PL 65/2023,3,2210,ELY TERUEL
PL 66/2023,1,1635,DRA. SANDRA TADEU
PL 67/2023,1,2159,RUTE COSTA
PL 68/2023,1,776,ELISEU GABRIEL
PL 69/2023,1,1947,REIS
PL 69/2023,2,1999,PROFESSOR TONINHO VESPOLI
PL 69/2023,3,2219,MARCELO MESSIAS
PL 69/2023,4,2250,CORONEL SALLES
PL 69/2023,5,2255,JOÃO ANANIAS
PL 69/2023,6,2274,SARGENTO NANTES
PL 70/2023,1,2224,SANDRA SANTANA
PL 70/2023,2,2269,MARINA BRAGANTE
PL 71/2023,1,224,AURÉLIO NOMURA
PL 73/2023,1,1635,DRA. SANDRA TADEU
PL 74/2023,1,2149,DANIEL ANNENBERG
PL 75/2023,1,267,PAULO FRANGE
PL 75/2023,2,2218,THAMMY MIRANDA
PL 76/2023,1,2150,ANDRÉ SANTOS
PL 77/2023,1,187,GILSON BARRETO
PL 78/2023,1,1947,REIS
PL 78/2023,2,2205,LUANA ALVES
PL 78/2023,3,2206,SILVIA DA BANCADA FEMINISTA
PL 78/2023,4,2254,LUNA ZARATTINI
PL 78/2023,5,2255,JOÃO ANANIAS
PL 78/2023,6,2269,MARINA BRAGANTE
PL 79/2023,1,2159,RUTE COSTA
PL 79/2023,2,2246,MAJOR PALUMBO
PL 80/2023,1,936,NABIL BONDUKI
PL 80/2023,2,1947,REIS
PL 80/2023,3,2254,LUNA ZARATTINI
PL 80/2023,4,2255,JOÃO ANANIAS
PL 81/2023,1,2229,RICARDO NUNES
PL 82/2023,1,2154,CAMILO CRISTÓFARO
PL 83/2023,1,1647,EDIR SALES
PL 84/2023,1,2144,FABIO RIVA
PL 85/2023,1,2219,MARCELO MESSIAS
PL 86/2023,1,1647,EDIR SALES
PL 87/2023,1,1635,DRA. SANDRA TADEU
PL 88/2023,1,2001,JAIR TATTO
PL 89/2023,1,1647,EDIR SALES
PL 90/2023,1,2147,ISAC FÉLIX
PL 91/2023,1,2147,ISAC FÉLIX
PL 92/2023,1,2153,RODRIGO GOULART
PL 93/2023,1,2248,JUSSARA BASSO
PL 94/2023,1,2185,CELSO GIANNAZI
PL 95/2023,1,776,ELISEU GABRIEL
PL 96/2023,1,1296,ADILSON AMADEU
PL 96/2023,2,2248,JUSSARA BASSO
PL 97/2023,1,1296,ADILSON AMADEU
PL 99/2023,1,1947,REIS
PL 99/2023,2,2255,JOÃO ANANIAS
PL 100/2023,1,776,ELISEU GABRIEL
PL 100/2023,2,936,NABIL BONDUKI
PL 100/2023,3,1947,REIS
PL 100/2023,4,1999,PROFESSOR TONINHO VESPOLI
PL 100/2023,5,2254,LUNA ZARATTINI
PL 100/2023,6,2255,JOÃO ANANIAS
PL 101/2023,1,2001,JAIR TATTO
PL 101/2023,2,2180,MANOEL DEL RIO
PL 102/2023,1,2145,FERNANDO HOLIDAY
PL 102/2023,2,2214,RUBINHO NUNES
PL 103/2023,1,2219,MARCELO MESSIAS
PL 103/2023,2,2279,SILVINHO LEITE
PL 104/2023,1,2218,THAMMY MIRANDA
PL 105/2023,1,2218,THAMMY MIRANDA
PL 106/2023,1,267,PAULO FRANGE
PL 107/2023,1,160,EDUARDO MATARAZZO SUPLICY
PL 107/2023,2,936,NABIL BONDUKI
PL 107/2023,3,1999,PROFESSOR TONINHO VESPOLI
PL 107/2023,4,2254,LUNA ZARATTINI
PL 107/2023,5,2255,JOÃO ANANIAS
PL 107/2023,6,2256,HÉLIO RODRIGUES
PL 107/2023,7,2269,MARINA BRAGANTE
PL 107/2023,8,2278,KEIT LIMA
PL 108/2023,1,2153,RODRIGO GOULART
PL 108/2023,2,2246,MAJOR PALUMBO
PL 108/2023,3,2249,NUNES PEIXEIRO
PL 109/2023,1,2145,FERNANDO HOLIDAY
PL 109/2023,2,2146,GILBERTO NASCIMENTO
PL 110/2023,1,1989,GEORGE HATO
PL 111/2023,1,1989,GEORGE HATO
PL 112/2023,1,1989,GEORGE HATO
PL 112/2023,2,2218,THAMMY MIRANDA
PL 113/2023,1,2159,RUTE COSTA
PL 113/2023,2,2249,NUNES PEIXEIRO
PL 114/2023,1,2159,RUTE COSTA
PL 115/2023,1,2229,RICARDO NUNES
PL 116/2023,1,2180,MANOEL DEL RIO
PL 117/2023,1,2180,MANOEL DEL RIO
PL 117/2023,2,2206,SILVIA DA BANCADA FEMINISTA
PL 118/2023,1,2152,RINALDI DIGILIO
PL 119/2023,1,2152,RINALDI DIGILIO
PL 120/2023,1,1999,PROFESSOR TONINHO VESPOLI
PL 121/2023,1,2145,FERNANDO HOLIDAY
PL 122/2023,1,2244,JORGE WILSON FILHO
PL 123/2023,1,2219,MARCELO MESSIAS
PL 124/2023,1,2219,MARCELO MESSIAS
PL 125/2023,1,155,ARSELINO TATTO
PL 125/2023,2,2001,JAIR TATTO
PL 125/2023,3,2279,SILVINHO LEITE
PL 126/2023,1,2214,RUBINHO NUNES
PL 127/2023,1,2229,RICARDO NUNES
PL 129/2023,1,2001,JAIR TATTO
PL 130/2023,1,2001,JAIR TATTO
PL 130/2023,2,2278,KEIT LIMA
PL 131/2023,1,2221,ELI CORRÊA
PL 132/2023,1,2155,JANAÍNA LIMA
PL 132/2023,2,2159,RUTE COSTA
PL 132/2023,3,2224,SANDRA SANTANA
PL 133/2023,1,2154,CAMILO CRISTÓFARO
PL 134/2023,1,2159,RUTE COSTA
PL 135/2023,1,2159,RUTE COSTA
PL 136/2023,1,1647,EDIR SALES
PL 136/2023,2,2155,JANAÍNA LIMA
PL 137/2023,1,2159,RUTE COSTA
PL 137/2023,2,2281,SIMONE GANEM
PL 138/2023,1,1999,PROFESSOR TONINHO VESPOLI
PL 138/2023,2,2256,HÉLIO RODRIGUES
PL 139/2023,1,1349,SENIVAL MOURA
PL 140/2023,1,2246,MAJOR PALUMBO
PL 141/2023,1,2214,RUBINHO NUNES
PL 142/2023,1,1999,PROFESSOR TONINHO VESPOLI
PL 143/2023,1,2246,MAJOR PALUMBO
PL 144/2023,1,2155,JANAÍNA LIMA
PL 144/2023,2,2210,ELY TERUEL
PL 144/2023,3,2214,RUBINHO NUNES
PL 145/2023,1,2000,ALESSANDRO GUEDES
PL 146/2023,1,2210,ELY TERUEL
PL 146/2023,2,2218,THAMMY MIRANDA
PL 146/2023,3,2222,CRIS MONTEIRO
PL 146/2023,4,2224,SANDRA SANTANA
PL 146/2023,5,2270,PASTORA SANDRA ALVES
PL 147/2023,1,2155,JANAÍNA LIMA
PL 147/2023,2,2249,NUNES PEIXEIRO
PL 148/2023,1,2229,RICARDO NUNES
PL 149/2023,1,187,GILSON BARRETO
PL 149/2023,2,676,ATÍLIO FRANCISCO
PL 149/2023,3,1296,ADILSON AMADEU
PL 149/2023,4,1349,SENIVAL MOURA
PL 149/2023,5,1635,DRA. SANDRA TADEU
PL 149/2023,6,1989,GEORGE HATO
PL 149/2023,7,2131,RODOLFO DESPACHANTE
PL 149/2023,8,2144,FABIO RIVA
PL 149/2023,9,2147,ISAC FÉLIX
PL 149/2023,10,2152,RINALDI DIGILIO
PL 149/2023,11,2153,RODRIGO GOULART
PL 149/2023,12,2154,CAMILO CRISTÓFARO
PL 149/2023,13,2155,JANAÍNA LIMA
PL 149/2023,14,2180,MANOEL DEL RIO
PL 149/2023,15,2208,ELAINE DO QUILOMBO PERIFÉRICO
PL 149/2023,16,2210,ELY TERUEL
PL 149/2023,17,2218,THAMMY MIRANDA
PL 149/2023,18,2219,MARCELO MESSIAS
PL 149/2023,19,2221,ELI CORRÊA
PL 149/2023,20,2224,SANDRA SANTANA
PL 149/2023,21,2243,DR. ADRIANO SANTOS
PL 149/2023,22,2249,NUNES PEIXEIRO
PL 149/2023,23,2250,CORONEL SALLES
PL 149/2023,24,2256,HÉLIO RODRIGUES
PL 150/2023,1,2206,SILVIA DA BANCADA FEMINISTA
PL 150/2023,2,2208,ELAINE DO QUILOMBO PERIFÉRICO
PL 150/2023,3,2243,DR. ADRIANO SANTOS
PL 151/2023,1,2206,SILVIA DA BANCADA FEMINISTA
PL 151/2023,2,2218,THAMMY MIRANDA
PL 152/2023,1,1647,EDIR SALES
PL 152/2023,2,2155,JANAÍNA LIMA
PL 152/2023,3,2219,MARCELO MESSIAS
PL 152/2023,4,2243,DR. ADRIANO SANTOS
PL 153/2023,1,2249,NUNES PEIXEIRO
PL 154/2023,1,1989,GEORGE HATO
PL 155/2023,1,2152,RINALDI DIGILIO
PL 156/2023,1,2001,JAIR TATTO
PL 156/2023,2,2180,MANOEL DEL RIO
PL 156/2023,3,2219,MARCELO MESSIAS
PL 157/2023,1,2219,MARCELO MESSIAS
PL 158/2023,1,2217,SANSÃO PEREIRA
PL 160/2023,1,2219,MARCELO MESSIAS
PL 161/2023,1,2205,LUANA ALVES
PL 162/2023,1,2145,FERNANDO HOLIDAY
PL 163/2023,1,187,GILSON BARRETO
PL 165/2023,1,2152,RINALDI DIGILIO
PL 166/2023,1,2256,HÉLIO RODRIGUES
PL 167/2023,1,2155,JANAÍNA LIMA
PL 168/2023,1,2001,JAIR TATTO
PL 169/2023,1,1999,PROFESSOR TONINHO VESPOLI
PL 169/2023,2,2278,KEIT LIMA
PL 170/2023,1,2246,MAJOR PALUMBO
PL 171/2023,1,1647,EDIR SALES
PL 172/2023,1,1647,EDIR SALES
PL 173/2023,1,2160,JOÃO JORGE
PL 174/2023,1,2160,JOÃO JORGE
PL 175/2023,1,2160,JOÃO JORGE
PL 176/2023,1,2210,ELY TERUEL
PL 176/2023,2,2218,THAMMY MIRANDA
PL 177/2023,1,2218,THAMMY MIRANDA
PL 178/2023,1,2206,SILVIA DA BANCADA FEMINISTA
PL 179/2023,1,2206,SILVIA DA BANCADA FEMINISTA
PL 180/2023,1,2147,ISAC FÉLIX
PL 181/2023,1,2147,ISAC FÉLIX
PL 181/2023,2,2274,SARGENTO NANTES
PL 182/2023,1,2146,GILBERTO NASCIMENTO
PL 182/2023,2,2147,ISAC FÉLIX
PL 182/2023,3,2210,ELY TERUEL
PL 182/2023,4,2243,DR. ADRIANO SANTOS
PL 183/2023,1,2224,SANDRA SANTANA
PL 184/2023,1,2206,SILVIA DA BANCADA FEMINISTA
PL 185/2023,1,2180,MANOEL DEL RIO
PL 186/2023,1,2180,MANOEL DEL RIO
PL 186/2023,2,2221,ELI CORRÊA
PL 186/2023,3,2256,HÉLIO RODRIGUES
PL 187/2023,1,2221,ELI CORRÊA
PL 188/2023,1,776,ELISEU GABRIEL
PL 189/2023,1,2145,FERNANDO HOLIDAY
PL 190/2023,1,1647,EDIR SALES
PL 191/2023,1,2150,ANDRÉ SANTOS
PL 191/2023,2,2219,MARCELO MESSIAS
PL 191/2023,3,2246,MAJOR PALUMBO
PL 192/2023,1,2229,RICARDO NUNES
PL 193/2023,1,2153,RODRIGO GOULART
PL 194/2023,1,2215,MARLON LUZ
PL 194/2023,2,2224,SANDRA SANTANA
PL 194/2023,3,2249,NUNES PEIXEIRO
PL 195/2023,1,2255,JOÃO ANANIAS
PL 196/2023,1,2255,JOÃO ANANIAS
PL 197/2023,1,1989,GEORGE HATO
PL 198/2023,1,176,ROBERTO TRÍPOLI
PL 198/2023,2,676,ATÍLIO FRANCISCO
PL 198/2023,3,1635,DRA. SANDRA TADEU
PL 198/2023,4,1999,PROFESSOR TONINHO VESPOLI
PL 198/2023,5,2144,FABIO RIVA
PL 198/2023,6,2159,RUTE COSTA
PL 198/2023,7,2160,JOÃO JORGE
PL 198/2023,8,2206,SILVIA DA BANCADA FEMINISTA
PL 198/2023,9,2217,SANSÃO PEREIRA
PL 198/2023,10,2228,RENATA FALZONI
PL 198/2023,11,2267,AMANDA PASCHOAL
PL 198/2023,12,2269,MARINA BRAGANTE
PL 198/2023,13,2272,DHEISON SILVA
PL 198/2023,14,2273,DR. MURILLO LIMA
PL 198/2023,15,2278,KEIT LIMA
PL 198/2023,16,2279,SILVINHO LEITE
PL 198/2023,17,2280,KENJI ITO
PL 198/2023,18,2281,SIMONE GANEM
PL 199/2023,1,1296,ADILSON AMADEU
PL 200/2023,1,2210,ELY TERUEL
PL 200/2023,2,2255,JOÃO ANANIAS
PL 200/2023,3,2279,SILVINHO LEITE
PL 201/2023,1,1635,DRA. SANDRA TADEU
PL 201/2023,2,2155,JANAÍNA LIMA
PL 202/2023,1,2155,JANAÍNA LIMA
PL 202/2023,2,2218,THAMMY MIRANDA
PL 203/2023,1,2206,SILVIA DA BANCADA FEMINISTA
PL 204/2023,1,2206,SILVIA DA BANCADA FEMINISTA
PL 205/2023,1,2206,SILVIA DA BANCADA FEMINISTA
PL 206/2023,1,2210,ELY TERUEL
PL 206/2023,2,2218,THAMMY MIRANDA
PL 207/2023,1,2248,JUSSARA BASSO
PL 208/2023,1,155,ARSELINO TATTO
PL 208/2023,2,1349,SENIVAL MOURA
PL 208/2023,3,2000,ALESSANDRO GUEDES
PL 208/2023,4,2001,JAIR TATTO
PL 208/2023,5,2180,MANOEL DEL RIO
PL 208/2023,6,2254,LUNA ZARATTINI
PL 208/2023,7,2255,JOÃO ANANIAS
PL 208/2023,8,2256,HÉLIO RODRIGUES
PL 209/2023,1,2218,THAMMY MIRANDA
PL 209/2023,2,2219,MARCELO MESSIAS
PL 210/2023,1,2155,JANAÍNA LIMA
PL 210/2023,2,2218,THAMMY MIRANDA
PL 210/2023,3,2249,NUNES PEIXEIRO
PL 211/2023,1,2249,NUNES PEIXEIRO
PL 212/2023,1,2205,LUANA ALVES
PL 212/2023,2,2248,JUSSARA BASSO
PL 212/2023,3,2278,KEIT LIMA
PL 212/2023,4,2279,SILVINHO LEITE
PL 213/2023,1,2222,CRIS MONTEIRO
PL 214/2023,1,2246,MAJOR PALUMBO
PL 215/2023,1,1635,DRA. SANDRA TADEU
PL 216/2023,1,2185,CELSO GIANNAZI
PL 217/2023,1,1635,DRA. SANDRA TADEU
PL 217/2023,2,1647,EDIR SALES
PL 217/2023,3,2224,SANDRA SANTANA
PL 218/2023,1,2160,JOÃO JORGE
PL 219/2023,1,2254,LUNA ZARATTINI
PL 220/2023,1,2254,LUNA ZARATTINI
PL 220/2023,2,2269,MARINA BRAGANTE
PL 220/2023,3,2279,SILVINHO LEITE
PL 221/2023,1,2185,CELSO GIANNAZI
PL 222/2023,1,155,ARSELINO TATTO
PL 223/2023,1,2152,RINALDI DIGILIO
PL 224/2023,1,2185,CELSO GIANNAZI
PL 225/2023,1,2248,JUSSARA BASSO
PL 226/2023,1,2219,MARCELO MESSIAS
PL 227/2023,1,2249,NUNES PEIXEIRO
PL 228/2023,1,1647,EDIR SALES
PL 228/2023,2,2218,THAMMY MIRANDA
PL 229/2023,1,1647,EDIR SALES
PL 229/2023,2,2224,SANDRA SANTANA
PL 230/2023,1,2154,CAMILO CRISTÓFARO
PL 231/2023,1,224,AURÉLIO NOMURA
PL 232/2023,1,776,ELISEU GABRIEL
PL 233/2023,1,2185,CELSO GIANNAZI
PL 234/2023,1,2250,CORONEL SALLES
PL 235/2023,1,2211,SIDNEY CRUZ
PL 236/2023,1,273,MILTON LEITE
PL 236/2023,2,2155,JANAÍNA LIMA
PL 236/2023,3,2180,MANOEL DEL RIO
PL 236/2023,4,2254,LUNA ZARATTINI
PL 237/2023,1,2185,CELSO GIANNAZI
PL 238/2023,1,155,ARSELINO TATTO
PL 239/2023,1,2214,RUBINHO NUNES
PL 239/2023,2,2246,MAJOR PALUMBO
PL 240/2023,1,1635,DRA. SANDRA TADEU
PL 241/2023,1,2249,NUNES PEIXEIRO
PL 242/2023,1,676,ATÍLIO FRANCISCO
PL 243/2023,1,2209,DANILO DO POSTO DE SAÚDE
PL 244/2023,1,2209,DANILO DO POSTO DE SAÚDE
PL 245/2023,1,776,ELISEU GABRIEL
PL 246/2023,1,308,TRIBUNAL DE CONTAS DO MUNICIPIO
PL 247/2023,1,2159,RUTE COSTA
PL 248/2023,1,2131,RODOLFO DESPACHANTE
PL 249/2023,1,187,GILSON BARRETO
PL 249/2023,2,2154,CAMILO CRISTÓFARO
PL 249/2023,3,2159,RUTE COSTA
PL 249/2023,4,2243,DR. ADRIANO SANTOS
PL 250/2023,1,2222,CRIS MONTEIRO
PL 251/2023,1,2219,MARCELO MESSIAS
PL 252/2023,1,2219,MARCELO MESSIAS
PL 252/2023,2,2221,ELI CORRÊA
PL 253/2023,1,2180,MANOEL DEL RIO
PL 254/2023,1,2180,MANOEL DEL RIO
PL 255/2023,1,2251,MESA DA CAMARA MUNICIPAL DE SAO PAULO
PL 256/2023,1,1636,DR. MILTON FERREIRA
PL 257/2023,1,2159,RUTE COSTA
PL 258/2023,1,1487,RICARDO TEIXEIRA
PL 259/2023,1,1487,RICARDO TEIXEIRA
PL 260/2023,1,1487,RICARDO TEIXEIRA
PL 261/2023,1,1487,RICARDO TEIXEIRA
PL 261/2023,2,2153,RODRIGO GOULART
PL 262/2023,1,1487,RICARDO TEIXEIRA
PL 262/2023,2,2217,SANSÃO PEREIRA
PL 262/2023,3,2219,MARCELO MESSIAS
PL 262/2023,4,2249,NUNES PEIXEIRO
PL 263/2023,1,2154,CAMILO CRISTÓFARO
PL 264/2023,1,1487,RICARDO TEIXEIRA
PL 265/2023,1,2154,CAMILO CRISTÓFARO
PL 266/2023,1,2251,MESA DA CAMARA MUNICIPAL DE SAO PAULO
PL 267/2023,1,2180,MANOEL DEL RIO
PL 268/2023,1,2219,MARCELO MESSIAS
PL 268/2023,2,2279,SILVINHO LEITE
PL 269/2023,1,224,AURÉLIO NOMURA
PL 269/2023,2,676,ATÍLIO FRANCISCO
PL 269/2023,3,1349,SENIVAL MOURA
PL 269/2023,4,1635,DRA. SANDRA TADEU
PL 269/2023,5,1647,EDIR SALES
PL 269/2023,6,2000,ALESSANDRO GUEDES
PL 269/2023,7,2001,JAIR TATTO
PL 269/2023,8,2144,FABIO RIVA
PL 269/2023,9,2147,ISAC FÉLIX
PL 269/2023,10,2152,RINALDI DIGILIO
PL 269/2023,11,2154,CAMILO CRISTÓFARO
PL 269/2023,12,2159,RUTE COSTA
PL 269/2023,13,2185,CELSO GIANNAZI
PL 269/2023,14,2217,SANSÃO PEREIRA
PL 269/2023,15,2221,ELI CORRÊA
PL 270/2023,1,2180,MANOEL DEL RIO
PL 271/2023,1,2152,RINALDI DIGILIO
PL 272/2023,1,2154,CAMILO CRISTÓFARO
PL 273/2023,1,2180,MANOEL DEL RIO
PL 274/2023,1,2219,MARCELO MESSIAS
PL 275/2023,1,2147,ISAC FÉLIX
PL 276/2023,1,1989,GEORGE HATO
PL 277/2023,1,1999,PROFESSOR TONINHO VESPOLI
PL 277/2023,2,2255,JOÃO ANANIAS
PL 278/2023,1,155,ARSELINO TATTO
PL 279/2023,1,2205,LUANA ALVES
PL 280/2023,1,2180,MANOEL DEL RIO
PL 281/2023,1,2180,MANOEL DEL RIO
PL 282/2023,1,2185,CELSO GIANNAZI
PL 283/2023,1,2254,LUNA ZARATTINI
PL 284/2023,1,2254,LUNA ZARATTINI
PL 285/2023,1,2254,LUNA ZARATTINI
PL 286/2023,1,2211,SIDNEY CRUZ
PL 286/2023,2,2218,THAMMY MIRANDA
PL 286/2023,3,2255,JOÃO ANANIAS
PL 286/2023,4,2267,AMANDA PASCHOAL
PL 286/2023,5,2272,DHEISON SILVA
PL 286/2023,6,2278,KEIT LIMA
PL 286/2023,7,2279,SILVINHO LEITE
PL 287/2023,1,155,ARSELINO TATTO
PL 287/2023,2,1349,SENIVAL MOURA
PL 287/2023,3,1999,PROFESSOR TONINHO VESPOLI
PL 287/2023,4,2000,ALESSANDRO GUEDES
PL 287/2023,5,2001,JAIR TATTO
PL 287/2023,6,2180,MANOEL DEL RIO
PL 287/2023,7,2185,CELSO GIANNAZI
PL 287/2023,8,2205,LUANA ALVES
PL 287/2023,9,2206,SILVIA DA BANCADA FEMINISTA
PL 287/2023,10,2208,ELAINE DO QUILOMBO PERIFÉRICO
PL 287/2023,11,2248,JUSSARA BASSO
PL 287/2023,12,2254,LUNA ZARATTINI
PL 287/2023,13,2255,JOÃO ANANIAS
PL 287/2023,14,2256,HÉLIO RODRIGUES
PL 288/2023,1,1635,DRA. SANDRA TADEU
PL 288/2023,2,2224,SANDRA SANTANA
PL 289/2023,1,1635,DRA. SANDRA TADEU
PL 290/2023,1,2222,CRIS MONTEIRO
PL 291/2023,1,2256,HÉLIO RODRIGUES
PL 292/2023,1,2147,ISAC FÉLIX
PL 292/2023,2,2219,MARCELO MESSIAS
PL 293/2023,1,676,ATÍLIO FRANCISCO
PL 293/2023,2,2131,RODOLFO DESPACHANTE
PL 294/2023,1,2255,JOÃO ANANIAS
PL 294/2023,2,2272,DHEISON SILVA
PL 294/2023,3,2276,SILVÃO LEITE
PL 294/2023,4,2278,KEIT LIMA
PL 294/2023,5,2279,SILVINHO LEITE
PL 295/2023,1,1487,RICARDO TEIXEIRA
PL 296/2023,1,1487,RICARDO TEIXEIRA
PL 296/2023,2,2219,MARCELO MESSIAS
PL 296/2023,3,2279,SILVINHO LEITE
PL 297/2023,1,155,ARSELINO TATTO
PL 298/2023,1,1635,DRA. SANDRA TADEU
PL 299/2023,1,2144,FABIO RIVA
PL 299/2023,2,2210,ELY TERUEL
PL 300/2023,1,1635,DRA. SANDRA TADEU
PL 301/2023,1,2153,RODRIGO GOULART
PL 301/2023,2,2218,THAMMY MIRANDA
PL 302/2023,1,2153,RODRIGO GOULART
PL 302/2023,2,2224,SANDRA SANTANA
PL 303/2023,1,1635,DRA. SANDRA TADEU
PL 304/2023,1,224,AURÉLIO NOMURA
PL 305/2023,1,2229,RICARDO NUNES
PL 306/2023,1,1487,RICARDO TEIXEIRA
PL 306/2023,2,1999,PROFESSOR TONINHO VESPOLI
PL 307/2023,1,1487,RICARDO TEIXEIRA
PL 308/2023,1,2180,MANOEL DEL RIO
PL 309/2023,1,2159,RUTE COSTA
PL 310/2023,1,2219,MARCELO MESSIAS
PL 311/2023,1,2154,CAMILO CRISTÓFARO
PL 312/2023,1,2154,CAMILO CRISTÓFARO
PL 313/2023,1,1647,EDIR SALES
PL 314/2023,1,155,ARSELINO TATTO
PL 314/2023,2,2001,JAIR TATTO
PL 315/2023,1,1487,RICARDO TEIXEIRA
PL 316/2023,1,1487,RICARDO TEIXEIRA
PL 317/2023,1,1487,RICARDO TEIXEIRA
PL 318/2023,1,1647,EDIR SALES
PL 319/2023,1,1487,RICARDO TEIXEIRA
PL 319/2023,2,2218,THAMMY MIRANDA
PL 320/2023,1,1635,DRA. SANDRA TADEU
PL 321/2023,1,1635,DRA. SANDRA TADEU
PL 322/2023,1,1635,DRA. SANDRA TADEU
PL 323/2023,1,2219,MARCELO MESSIAS
PL 324/2023,1,1487,RICARDO TEIXEIRA
PL 325/2023,1,2145,FERNANDO HOLIDAY
PL 325/2023,2,2146,GILBERTO NASCIMENTO
PL 325/2023,3,2214,RUBINHO NUNES
PL 326/2023,1,2248,JUSSARA BASSO
PL 327/2023,1,224,AURÉLIO NOMURA
PL 328/2023,1,2229,RICARDO NUNES
PL 329/2023,1,2159,RUTE COSTA
PL 330/2023,1,1647,EDIR SALES
PL 330/2023,2,2000,ALESSANDRO GUEDES
PL 330/2023,3,2145,FERNANDO HOLIDAY
PL 330/2023,4,2218,THAMMY MIRANDA
PL 330/2023,5,2224,SANDRA SANTANA
PL 330/2023,6,2250,CORONEL SALLES
PL 331/2023,1,187,GILSON BARRETO
PL 331/2023,2,2246,MAJOR PALUMBO
PL 332/2023,1,2229,RICARDO NUNES
PL 333/2023,1,1296,ADILSON AMADEU
PL 334/2023,1,155,ARSELINO TATTO
PL 334/2023,2,2218,THAMMY MIRANDA
PL 335/2023,1,155,ARSELINO TATTO
PL 335/2023,2,2001,JAIR TATTO
PL 336/2023,1,2224,SANDRA SANTANA
PL 336/2023,2,2250,CORONEL SALLES
PL 337/2023,1,187,GILSON BARRETO
PL 338/2023,1,1999,PROFESSOR TONINHO VESPOLI
PL 339/2023,1,2219,MARCELO MESSIAS
PL 339/2023,2,2279,SILVINHO LEITE
PL 340/2023,1,57,COMISSÃO DE FINANÇAS E ORÇAMENTO
PL 341/2023,1,2248,JUSSARA BASSO
PL 342/2023,1,2131,RODOLFO DESPACHANTE
PL 343/2023,1,1349,SENIVAL MOURA
PL 343/2023,2,2278,KEIT LIMA
PL 344/2023,1,1989,GEORGE HATO
PL 344/2023,2,2210,ELY TERUEL
PL 344/2023,3,2228,RENATA FALZONI
PL 344/2023,4,2247,LUIZ PROTEÇÃO ANIMAL
PL 344/2023,5,2254,LUNA ZARATTINI
PL 344/2023,6,2262,WALDIR JÚNIOR
PL 344/2023,7,2269,MARINA BRAGANTE
PL 344/2023,8,2278,KEIT LIMA
PL 344/2023,9,2279,SILVINHO LEITE
PL 345/2023,1,776,ELISEU GABRIEL
PL 346/2023,1,776,ELISEU GABRIEL
PL 347/2023,1,1487,RICARDO TEIXEIRA
PL 348/2023,1,1487,RICARDO TEIXEIRA
PL 349/2023,1,1487,RICARDO TEIXEIRA
PL 350/2023,1,267,PAULO FRANGE
PL 351/2023,1,2211,SIDNEY CRUZ
PL 351/2023,2,2218,THAMMY MIRANDA
PL 352/2023,1,2155,JANAÍNA LIMA
PL 353/2023,1,2146,GILBERTO NASCIMENTO
PL 353/2023,2,2154,CAMILO CRISTÓFARO
PL 353/2023,3,2159,RUTE COSTA
PL 353/2023,4,2219,MARCELO MESSIAS
PL 353/2023,5,2243,DR. ADRIANO SANTOS
PL 353/2023,6,2279,SILVINHO LEITE
PL 353/2023,7,2281,SIMONE GANEM
PL 354/2023,1,2001,JAIR TATTO
PL 355/2023,1,224,AURÉLIO NOMURA
PL 356/2023,1,2206,SILVIA DA BANCADA FEMINISTA
PL 357/2023,1,2206,SILVIA DA BANCADA FEMINISTA
PL 357/2023,2,2267,AMANDA PASCHOAL
PL 357/2023,3,2278,KEIT LIMA
PL 358/2023,1,273,MILTON LEITE
PL 359/2023,1,273,MILTON LEITE
PL 360/2023,1,2155,JANAÍNA LIMA
PL 361/2023,1,2155,JANAÍNA LIMA
PL 362/2023,1,2155,JANAÍNA LIMA
PL 363/2023,1,273,MILTON LEITE
PL 363/2023,2,2219,MARCELO MESSIAS
PL 363/2023,3,2273,DR. MURILLO LIMA
PL 363/2023,4,2276,SILVÃO LEITE
PL 363/2023,5,2279,SILVINHO LEITE
PL 363/2023,6,2281,SIMONE GANEM
PL 364/2023,1,2155,JANAÍNA LIMA
PL 365/2023,1,1635,DRA. SANDRA TADEU
PL 366/2023,1,155,ARSELINO TATTO
PL 366/2023,2,2001,JAIR TATTO
PL 366/2023,3,2153,RODRIGO GOULART
PL 366/2023,4,2219,MARCELO MESSIAS
PL 367/2023,1,2001,JAIR TATTO
PL 368/2023,1,155,ARSELINO TATTO
PL 368/2023,2,2001,JAIR TATTO
PL 369/2023,1,2001,JAIR TATTO
PL 369/2023,2,2224,SANDRA SANTANA
PL 369/2023,3,2278,KEIT LIMA
PL 369/2023,4,2279,SILVINHO LEITE
PL 369/2023,5,2281,SIMONE GANEM
PL 370/2023,1,2214,RUBINHO NUNES
PL 372/2023,1,2219,MARCELO MESSIAS
PL 373/2023,1,2219,MARCELO MESSIAS
PL 375/2023,1,2224,SANDRA SANTANA
PL 376/2023,1,2218,THAMMY MIRANDA
PL 377/2023,1,2131,RODOLFO DESPACHANTE
PL 378/2023,1,1296,ADILSON AMADEU
PL 379/2023,1,2153,RODRIGO GOULART
PL 380/2023,1,2214,RUBINHO NUNES
PL 381/2023,1,1647,EDIR SALES
PL 381/2023,2,2270,PASTORA SANDRA ALVES
PL 382/2023,1,2219,MARCELO MESSIAS
PL 383/2023,1,2219,MARCELO MESSIAS
PL 384/2023,1,1635,DRA. SANDRA TADEU
PL 384/2023,2,2152,RINALDI DIGILIO
PL 384/2023,3,2159,RUTE COSTA
PL 384/2023,4,2210,ELY TERUEL
PL 384/2023,5,2216,SONAIRA FERNANDES
PL 384/2023,6,2224,SANDRA SANTANA
PL 384/2023,7,2243,DR. ADRIANO SANTOS
PL 384/2023,8,2266,ADRILLES JORGE
PL 384/2023,9,2276,SILVÃO LEITE
PL 384/2023,10,2278,KEIT LIMA
PL 384/2023,11,2279,SILVINHO LEITE
PL 384/2023,12,2281,SIMONE GANEM
PL 384/2023,13,2282,LUCAS PAVANATO
PL 384/2023,14,2283,ZOE MARTÍNEZ
PL 385/2023,1,1636,DR. MILTON FERREIRA
PL 386/2023,1,2180,MANOEL DEL RIO
PL 387/2023,1,2180,MANOEL DEL RIO
PL 388/2023,1,1487,RICARDO TEIXEIRA
PL 388/2023,2,2155,JANAÍNA LIMA
PL 389/2023,1,1487,RICARDO TEIXEIRA
PL 389/2023,2,2218,THAMMY MIRANDA
PL 389/2023,3,2224,SANDRA SANTANA
PL 390/2023,1,2219,MARCELO MESSIAS
PL 391/2023,1,224,AURÉLIO NOMURA
PL 392/2023,1,2256,HÉLIO RODRIGUES
PL 393/2023,1,2248,JUSSARA BASSO
PL 394/2023,1,155,ARSELINO TATTO
PL 394/2023,2,1349,SENIVAL MOURA
PL 394/2023,3,2000,ALESSANDRO GUEDES
PL 394/2023,4,2001,JAIR TATTO
PL 394/2023,5,2180,MANOEL DEL RIO
PL 394/2023,6,2254,LUNA ZARATTINI
PL 394/2023,7,2255,JOÃO ANANIAS
PL 394/2023,8,2256,HÉLIO RODRIGUES
PL 396/2023,1,776,ELISEU GABRIEL
PL 397/2023,1,776,ELISEU GABRIEL
PL 398/2023,1,1487,RICARDO TEIXEIRA
PL 399/2023,1,1487,RICARDO TEIXEIRA
PL 400/2023,1,2185,CELSO GIANNAZI
PL 402/2023,1,224,AURÉLIO NOMURA
PL 402/2023,2,2146,GILBERTO NASCIMENTO
PL 403/2023,1,2153,RODRIGO GOULART
PL 403/2023,2,2214,RUBINHO NUNES
PL 403/2023,3,2222,CRIS MONTEIRO
PL 403/2023,4,2268,AMANDA VETTORAZZO
PL 404/2023,1,2222,CRIS MONTEIRO
PL 405/2023,1,1487,RICARDO TEIXEIRA
PL 406/2023,1,2219,MARCELO MESSIAS
PL 407/2023,1,2219,MARCELO MESSIAS
PL 408/2023,1,2219,MARCELO MESSIAS
PL 409/2023,1,2210,ELY TERUEL
PL 410/2023,1,1487,RICARDO TEIXEIRA
PL 411/2023,1,2248,JUSSARA BASSO
PL 412/2023,1,2211,SIDNEY CRUZ
PL 413/2023,1,308,TRIBUNAL DE CONTAS DO MUNICIPIO
PL 414/2023,1,2250,CORONEL SALLES
PL 415/2023,1,2001,JAIR TATTO
PL 416/2023,1,2219,MARCELO MESSIAS
PL 417/2023,1,2222,CRIS MONTEIRO
PL 417/2023,2,2264,EDSON JAPÃO
PL 418/2023,1,2150,ANDRÉ SANTOS
PL 420/2023,1,2131,RODOLFO DESPACHANTE
PL 420/2023,2,2249,NUNES PEIXEIRO
PL 421/2023,1,776,ELISEU GABRIEL
PL 422/2023,1,1636,DR. MILTON FERREIRA
PL 422/2023,2,1989,GEORGE HATO
PL 422/2023,3,2147,ISAC FÉLIX
PL 422/2023,4,2152,RINALDI DIGILIO
PL 422/2023,5,2209,DANILO DO POSTO DE SAÚDE
PL 422/2023,6,2211,SIDNEY CRUZ
PL 422/2023,7,2214,RUBINHO NUNES
PL 422/2023,8,2215,MARLON LUZ
PL 422/2023,9,2218,THAMMY MIRANDA
PL 422/2023,10,2219,MARCELO MESSIAS
PL 423/2023,1,2146,GILBERTO NASCIMENTO
PL 423/2023,2,2152,RINALDI DIGILIO
PL 424/2023,1,1989,GEORGE HATO
PL 425/2023,1,2218,THAMMY MIRANDA
PL 426/2023,1,2219,MARCELO MESSIAS
PL 427/2023,1,2214,RUBINHO NUNES
PL 428/2023,1,2000,ALESSANDRO GUEDES
PL 428/2023,2,2279,SILVINHO LEITE
PL 429/2023,1,2224,SANDRA SANTANA
PL 430/2023,1,1487,RICARDO TEIXEIRA
PL 431/2023,1,1487,RICARDO TEIXEIRA
PL 431/2023,2,2218,THAMMY MIRANDA
PL 431/2023,3,2279,SILVINHO LEITE
PL 432/2023,1,2206,SILVIA DA BANCADA FEMINISTA
PL 433/2023,1,2254,LUNA ZARATTINI
PL 433/2023,2,2279,SILVINHO LEITE
PL 434/2023,1,2254,LUNA ZARATTINI
PL 435/2023,1,2251,MESA DA CAMARA MUNICIPAL DE SAO PAULO
PL 436/2023,1,1647,EDIR SALES
PL 437/2023,1,2155,JANAÍNA LIMA
PL 438/2023,1,2217,SANSÃO PEREIRA
PL 439/2023,1,2218,THAMMY MIRANDA
PL 440/2023,1,2150,ANDRÉ SANTOS
PL 441/2023,1,2150,ANDRÉ SANTOS
PL 442/2023,1,2160,JOÃO JORGE
PL 442/2023,2,2210,ELY TERUEL
PL 442/2023,3,2214,RUBINHO NUNES
PL 442/2023,4,2246,MAJOR PALUMBO
PL 442/2023,5,2279,SILVINHO LEITE
PL 443/2023,1,1487,RICARDO TEIXEIRA
PL 444/2023,1,1487,RICARDO TEIXEIRA
PL 444/2023,2,2276,SILVÃO LEITE
PL 444/2023,3,2279,SILVINHO LEITE
PL 445/2023,1,2214,RUBINHO NUNES
PL 446/2023,1,2255,JOÃO ANANIAS
PL 446/2023,2,2272,DHEISON SILVA
PL 447/2023,1,2229,RICARDO NUNES
PL 448/2023,1,2229,RICARDO NUNES
PL 449/2023,1,2248,JUSSARA BASSO
PL 450/2023,1,1635,DRA. SANDRA TADEU
PL 450/2023,2,2210,ELY TERUEL
PL 450/2023,3,2216,SONAIRA FERNANDES
PL 450/2023,4,2224,SANDRA SANTANA
PL 450/2023,5,2254,LUNA ZARATTINI
PL 450/2023,6,2255,JOÃO ANANIAS
PL 450/2023,7,2269,MARINA BRAGANTE
PL 450/2023,8,2278,KEIT LIMA
PL 450/2023,9,2281,SIMONE GANEM
PL 451/2023,1,2255,JOÃO ANANIAS
PL 451/2023,2,2278,KEIT LIMA
PL 451/2023,3,2279,SILVINHO LEITE
PL 452/2023,1,2150,ANDRÉ SANTOS
PL 453/2023,1,2205,LUANA ALVES
PL 455/2023,1,224,AURÉLIO NOMURA
PL 456/2023,1,776,ELISEU GABRIEL
PL 457/2023,1,1487,RICARDO TEIXEIRA
PL 458/2023,1,1635,DRA. SANDRA TADEU
PL 459/2023,1,2145,FERNANDO HOLIDAY
PL 460/2023,1,2217,SANSÃO PEREIRA
PL 461/2023,1,2248,JUSSARA BASSO
PL 462/2023,1,1999,PROFESSOR TONINHO VESPOLI
PL 463/2023,1,187,GILSON BARRETO
PL 464/2023,1,1296,ADILSON AMADEU
PL 465/2023,1,2208,ELAINE DO QUILOMBO PERIFÉRICO
PL 466/2023,1,2206,SILVIA DA BANCADA FEMINISTA
PL 467/2023,1,2205,LUANA ALVES
PL 468/2023,1,1487,RICARDO TEIXEIRA
PL 468/2023,2,1989,GEORGE HATO
PL 468/2023,3,2219,MARCELO MESSIAS
PL 468/2023,4,2254,LUNA ZARATTINI
PL 469/2023,1,2147,ISAC FÉLIX
PL 470/2023,1,2147,ISAC FÉLIX
PL 470/2023,2,2214,RUBINHO NUNES
PL 471/2023,1,776,ELISEU GABRIEL
PL 472/2023,1,187,GILSON BARRETO
PL 473/2023,1,187,GILSON BARRETO
PL 474/2023,1,155,ARSELINO TATTO
PL 475/2023,1,2222,CRIS MONTEIRO
PL 476/2023,1,1349,SENIVAL MOURA
PL 477/2023,1,2218,THAMMY MIRANDA
PL 478/2023,1,2205,LUANA ALVES
PL 479/2023,1,2154,CAMILO CRISTÓFARO
PL 480/2023,1,2001,JAIR TATTO
PL 481/2023,1,2001,JAIR TATTO
PL 481/2023,2,2269,MARINA BRAGANTE
PL 481/2023,3,2279,SILVINHO LEITE
PL 482/2023,1,2001,JAIR TATTO
PL 482/2023,2,2217,SANSÃO PEREIRA
PL 483/2023,1,2001,JAIR TATTO
PL 484/2023,1,2209,DANILO DO POSTO DE SAÚDE
PL 485/2023,1,273,MILTON LEITE
PL 486/2023,1,1635,DRA. SANDRA TADEU
PL 487/2023,1,2208,ELAINE DO QUILOMBO PERIFÉRICO
PL 488/2023,1,2153,RODRIGO GOULART
PL 488/2023,2,2218,THAMMY MIRANDA
PL 489/2023,1,2256,HÉLIO RODRIGUES
PL 490/2023,1,1999,PROFESSOR TONINHO VESPOLI
PL 490/2023,2,2131,RODOLFO DESPACHANTE
PL 490/2023,3,2146,GILBERTO NASCIMENTO
PL 491/2023,1,2249,NUNES PEIXEIRO
PL 492/2023,1,2153,RODRIGO GOULART
PL 493/2023,1,2153,RODRIGO GOULART
PL 493/2023,2,2218,THAMMY MIRANDA
PL 494/2023,1,2205,LUANA ALVES
PL 495/2023,1,155,ARSELINO TATTO
PL 496/2023,1,2249,NUNES PEIXEIRO
PL 497/2023,1,2218,THAMMY MIRANDA
PL 498/2023,1,2209,DANILO DO POSTO DE SAÚDE
PL 500/2023,1,2219,MARCELO MESSIAS
PL 501/2023,1,1635,DRA. SANDRA TADEU
PL 501/2023,2,2216,SONAIRA FERNANDES
PL 501/2023,3,2218,THAMMY MIRANDA
PL 501/2023,4,2219,MARCELO MESSIAS
PL 502/2023,1,1635,DRA. SANDRA TADEU
PL 503/2023,1,2155,JANAÍNA LIMA
PL 503/2023,2,2277,JANAINA PASCHOAL
PL 504/2023,1,2155,JANAÍNA LIMA
PL 505/2023,1,2155,JANAÍNA LIMA
PL 507/2023,1,2248,JUSSARA BASSO
PL 508/2023,1,273,MILTON LEITE
PL 509/2023,1,2159,RUTE COSTA
PL 509/2023,2,2269,MARINA BRAGANTE
PL 510/2023,1,2224,SANDRA SANTANA
PL 511/2023,1,2229,RICARDO NUNES
PL 512/2023,1,2159,RUTE COSTA
PL 513/2023,1,2150,ANDRÉ SANTOS
PL 513/2023,2,2218,THAMMY MIRANDA
PL 514/2023,1,2150,ANDRÉ SANTOS
PL 515/2023,1,2150,ANDRÉ SANTOS
PL 515/2023,2,2214,RUBINHO NUNES
PL 516/2023,1,2150,ANDRÉ SANTOS
PL 517/2023,1,776,ELISEU GABRIEL
PL 518/2023,1,1647,EDIR SALES
PL 519/2023,1,2159,RUTE COSTA
PL 520/2023,1,2256,HÉLIO RODRIGUES
PL 521/2023,1,2254,LUNA ZARATTINI
PL 522/2023,1,1487,RICARDO TEIXEIRA
PL 523/2023,1,2147,ISAC FÉLIX
PL 524/2023,1,2206,SILVIA DA BANCADA FEMINISTA
PL 525/2023,1,1635,DRA. SANDRA TADEU
PL 525/2023,2,1999,PROFESSOR TONINHO VESPOLI
PL 525/2023,3,2159,RUTE COSTA
PL 525/2023,4,2210,ELY TERUEL
PL 526/2023,1,2159,RUTE COSTA
PL 526/2023,2,2218,THAMMY MIRANDA
PL 527/2023,1,776,ELISEU GABRIEL
PL 528/2023,1,2217,SANSÃO PEREIRA
PL 529/2023,1,2211,SIDNEY CRUZ
PL 530/2023,1,1999,PROFESSOR TONINHO VESPOLI
PL 531/2023,1,2001,JAIR TATTO
PL 532/2023,1,2248,JUSSARA BASSO
PL 533/2023,1,2159,RUTE COSTA
PL 534/2023,1,2219,MARCELO MESSIAS
PL 535/2023,1,2256,HÉLIO RODRIGUES
PL 536/2023,1,1635,DRA. SANDRA TADEU
PL 536/2023,2,1999,PROFESSOR TONINHO VESPOLI
PL 536/2023,3,2152,RINALDI DIGILIO
PL 536/2023,4,2153,RODRIGO GOULART
PL 536/2023,5,2159,RUTE COSTA
PL 536/2023,6,2160,JOÃO JORGE
PL 536/2023,7,2216,SONAIRA FERNANDES
PL 536/2023,8,2218,THAMMY MIRANDA
PL 536/2023,9,2219,MARCELO MESSIAS
PL 536/2023,10,2224,SANDRA SANTANA
PL 536/2023,11,2243,DR. ADRIANO SANTOS
PL 536/2023,12,2271,ANA CAROLINA OLIVEIRA
PL 536/2023,13,2279,SILVINHO LEITE
PL 537/2023,1,2222,CRIS MONTEIRO
PL 538/2023,1,1635,DRA. SANDRA TADEU
PL 539/2023,1,2255,JOÃO ANANIAS
PL 540/2023,1,2147,ISAC FÉLIX
PL 541/2023,1,1635,DRA. SANDRA TADEU
PL 542/2023,1,2218,THAMMY MIRANDA
PL 543/2023,1,2209,DANILO DO POSTO DE SAÚDE
PL 545/2023,1,2144,FABIO RIVA
PL 546/2023,1,2254,LUNA ZARATTINI
PL 547/2023,1,676,ATÍLIO FRANCISCO
PL 548/2023,1,2159,RUTE COSTA
PL 548/2023,2,2243,DR. ADRIANO SANTOS
PL 549/2023,1,2150,ANDRÉ SANTOS
PL 549/2023,2,2218,THAMMY MIRANDA
PL 550/2023,1,1635,DRA. SANDRA TADEU
PL 551/2023,1,1999,PROFESSOR TONINHO VESPOLI
PL 551/2023,2,2278,KEIT LIMA
PL 551/2023,3,2279,SILVINHO LEITE
PL 552/2023,1,1999,PROFESSOR TONINHO VESPOLI
PL 553/2023,1,2216,SONAIRA FERNANDES
PL 553/2023,2,2222,CRIS MONTEIRO
PL 554/2023,1,2208,ELAINE DO QUILOMBO PERIFÉRICO
PL 555/2023,1,1636,DR. MILTON FERREIRA
PL 555/2023,2,2210,ELY TERUEL
PL 556/2023,1,2246,MAJOR PALUMBO
PL 557/2023,1,2206,SILVIA DA BANCADA FEMINISTA
PL 558/2023,1,776,ELISEU GABRIEL
PL 559/2023,1,1487,RICARDO TEIXEIRA
PL 560/2023,1,2206,SILVIA DA BANCADA FEMINISTA
PL 561/2023,1,2206,SILVIA DA BANCADA FEMINISTA
PL 562/2023,1,2249,NUNES PEIXEIRO
PL 563/2023,1,2150,ANDRÉ SANTOS
PL 564/2023,1,2150,ANDRÉ SANTOS
PL 565/2023,1,2150,ANDRÉ SANTOS
PL 565/2023,2,2152,RINALDI DIGILIO
PL 566/2023,1,224,AURÉLIO NOMURA
PL 566/2023,2,776,ELISEU GABRIEL
PL 567/2023,1,1487,RICARDO TEIXEIRA
PL 568/2023,1,1487,RICARDO TEIXEIRA
PL 569/2023,1,2208,ELAINE DO QUILOMBO PERIFÉRICO
PL 570/2023,1,2206,SILVIA DA BANCADA FEMINISTA
PL 570/2023,2,2276,SILVÃO LEITE
PL 570/2023,3,2278,KEIT LIMA
PL 571/2023,1,187,GILSON BARRETO
PL 572/2023,1,2146,GILBERTO NASCIMENTO
PL 572/2023,2,2250,CORONEL SALLES
PL 572/2023,3,2279,SILVINHO LEITE
PL 573/2023,1,2155,JANAÍNA LIMA
PL 574/2023,1,2155,JANAÍNA LIMA
PL 575/2023,1,2206,SILVIA DA BANCADA FEMINISTA
PL 575/2023,2,2218,THAMMY MIRANDA
PL 575/2023,3,2267,AMANDA PASCHOAL
PL 575/2023,4,2278,KEIT LIMA
PL 575/2023,5,2279,SILVINHO LEITE
PL 576/2023,1,2152,RINALDI DIGILIO
PL 577/2023,1,155,ARSELINO TATTO
PL 577/2023,2,2243,DR. ADRIANO SANTOS
PL 578/2023,1,2229,RICARDO NUNES
PL 579/2023,1,2229,RICARDO NUNES
PL 580/2023,1,2001,JAIR TATTO
PL 581/2023,1,2219,MARCELO MESSIAS
PL 581/2023,2,2273,DR. MURILLO LIMA
PL 581/2023,3,2279,SILVINHO LEITE
PL 582/2023,1,2185,CELSO GIANNAZI
PL 583/2023,1,2155,JANAÍNA LIMA
PL 584/2023,1,1487,RICARDO TEIXEIRA
PL 585/2023,1,2155,JANAÍNA LIMA
PL 586/2023,1,2229,RICARDO NUNES
PL 587/2023,1,2248,JUSSARA BASSO
PL 588/2023,1,2224,SANDRA SANTANA
PL 589/2023,1,2248,JUSSARA BASSO
PL 590/2023,1,2224,SANDRA SANTANA
PL 591/2023,1,1999,PROFESSOR TONINHO VESPOLI
PL 591/2023,2,2180,MANOEL DEL RIO
PL 591/2023,3,2205,LUANA ALVES
PL 591/2023,4,2254,LUNA ZARATTINI
PL 591/2023,5,2255,JOÃO ANANIAS
PL 591/2023,6,2269,MARINA BRAGANTE
PL 591/2023,7,2279,SILVINHO LEITE
PL 592/2023,1,2206,SILVIA DA BANCADA FEMINISTA
PL 592/2023,2,2278,KEIT LIMA
PL 593/2023,1,187,GILSON BARRETO
PL 594/2023,1,2217,SANSÃO PEREIRA
PL 595/2023,1,1635,DRA. SANDRA TADEU
PL 596/2023,1,2248,JUSSARA BASSO
PL 597/2023,1,2248,JUSSARA BASSO
PL 598/2023,1,2159,RUTE COSTA
PL 598/2023,2,2243,DR. ADRIANO SANTOS
PL 598/2023,3,2279,SILVINHO LEITE
PL 599/2023,1,1487,RICARDO TEIXEIRA
PL 600/2023,1,224,AURÉLIO NOMURA
PL 600/2023,2,2146,GILBERTO NASCIMENTO
PL 601/2023,1,2260,ARMANDINHO FERREIRO
PL 602/2023,1,2153,RODRIGO GOULART
PL 602/2023,2,2218,THAMMY MIRANDA
PL 603/2023,1,1647,EDIR SALES
PL 603/2023,2,1989,GEORGE HATO
PL 603/2023,3,2160,JOÃO JORGE
PL 604/2023,1,2243,DR. ADRIANO SANTOS
PL 605/2023,1,2209,DANILO DO POSTO DE SAÚDE
PL 606/2023,1,2205,LUANA ALVES
PL 606/2023,2,2279,SILVINHO LEITE
PL 607/2023,1,2218,THAMMY MIRANDA
PL 608/2023,1,2144,FABIO RIVA
PL 609/2023,1,2260,ARMANDINHO FERREIRO
PL 610/2023,1,1635,DRA. SANDRA TADEU
PL 610/2023,2,2249,NUNES PEIXEIRO
PL 610/2023,3,2279,SILVINHO LEITE
PL 611/2023,1,1635,DRA. SANDRA TADEU
PL 612/2023,1,187,GILSON BARRETO
PL 612/2023,2,273,MILTON LEITE
PL 612/2023,3,676,ATÍLIO FRANCISCO
PL 612/2023,4,2144,FABIO RIVA
PL 612/2023,5,2145,FERNANDO HOLIDAY
PL 612/2023,6,2159,RUTE COSTA
PL 612/2023,7,2222,CRIS MONTEIRO
PL 612/2023,8,2243,DR. ADRIANO SANTOS
PL 613/2023,1,2215,MARLON LUZ
PL 614/2023,1,267,PAULO FRANGE
PL 614/2023,2,2144,FABIO RIVA
PL 614/2023,3,2219,MARCELO MESSIAS
PL 614/2023,4,2276,SILVÃO LEITE
PL 614/2023,5,2278,KEIT LIMA
PL 615/2023,1,267,PAULO FRANGE
PL 616/2023,1,776,ELISEU GABRIEL
PL 617/2023,1,2155,JANAÍNA LIMA
PL 618/2023,1,1635,DRA. SANDRA TADEU
PL 618/2023,2,2214,RUBINHO NUNES
PL 619/2023,1,2260,ARMANDINHO FERREIRO
PL 620/2023,1,2144,FABIO RIVA
PL 620/2023,2,2153,RODRIGO GOULART
PL 620/2023,3,2216,SONAIRA FERNANDES
PL 621/2023,1,2244,JORGE WILSON FILHO
PL 622/2023,1,2249,NUNES PEIXEIRO
PL 623/2023,1,2254,LUNA ZARATTINI
PL 623/2023,2,2270,PASTORA SANDRA ALVES
PL 623/2023,3,2279,SILVINHO LEITE
PL 624/2023,1,2218,THAMMY MIRANDA
PL 624/2023,2,2279,SILVINHO LEITE
PL 625/2023,1,2260,ARMANDINHO FERREIRO
PL 626/2023,1,2260,ARMANDINHO FERREIRO
PL 627/2023,1,2260,ARMANDINHO FERREIRO
PL 628/2023,1,1999,PROFESSOR TONINHO VESPOLI
PL 629/2023,1,2147,ISAC FÉLIX
PL 630/2023,1,2147,ISAC FÉLIX
PL 631/2023,1,2144,FABIO RIVA
PL 632/2023,1,1989,GEORGE HATO
PL 632/2023,2,2159,RUTE COSTA
PL 632/2023,3,2217,SANSÃO PEREIRA
PL 632/2023,4,2224,SANDRA SANTANA
PL 632/2023,5,2276,SILVÃO LEITE
PL 633/2023,1,776,ELISEU GABRIEL
PL 634/2023,1,2185,CELSO GIANNAZI
PL 635/2023,1,2185,CELSO GIANNAZI
PL 636/2023,1,1487,RICARDO TEIXEIRA
PL 637/2023,1,2254,LUNA ZARATTINI
PL 638/2023,1,155,ARSELINO TATTO
PL 639/2023,1,936,NABIL BONDUKI
PL 639/2023,2,1999,PROFESSOR TONINHO VESPOLI
PL 639/2023,3,2000,ALESSANDRO GUEDES
PL 639/2023,4,2269,MARINA BRAGANTE
PL 640/2023,1,2000,ALESSANDRO GUEDES
PL 641/2023,1,2260,ARMANDINHO FERREIRO
PL 642/2023,1,2260,ARMANDINHO FERREIRO
PL 643/2023,1,2260,ARMANDINHO FERREIRO
PL 644/2023,1,273,MILTON LEITE
PL 645/2023,1,1635,DRA. SANDRA TADEU
PL 646/2023,1,2160,JOÃO JORGE
PL 647/2023,1,2206,SILVIA DA BANCADA FEMINISTA
PL 647/2023,2,2278,KEIT LIMA
PL 648/2023,1,273,MILTON LEITE
PL 649/2023,1,1999,PROFESSOR TONINHO VESPOLI
PL 649/2023,2,2146,GILBERTO NASCIMENTO
PL 649/2023,3,2160,JOÃO JORGE
PL 649/2023,4,2206,SILVIA DA BANCADA FEMINISTA
PL 649/2023,5,2217,SANSÃO PEREIRA
PL 649/2023,6,2269,MARINA BRAGANTE
PL 649/2023,7,2278,KEIT LIMA
PL 650/2023,1,2214,RUBINHO NUNES
PL 651/2023,1,2254,LUNA ZARATTINI
PL 652/2023,1,2243,DR. ADRIANO SANTOS
PL 652/2023,2,2254,LUNA ZARATTINI
PL 653/2023,1,2186,BETO DO SOCIAL
PL 654/2023,1,1999,PROFESSOR TONINHO VESPOLI
PL 654/2023,2,2278,KEIT LIMA
PL 655/2023,1,1999,PROFESSOR TONINHO VESPOLI
PL 656/2023,1,2222,CRIS MONTEIRO
PL 657/2023,1,2150,ANDRÉ SANTOS
PL 658/2023,1,2222,CRIS MONTEIRO
PL 659/2023,1,776,ELISEU GABRIEL
PL 660/2023,1,2224,SANDRA SANTANA
PL 661/2023,1,2246,MAJOR PALUMBO
PL 662/2023,1,2215,MARLON LUZ
PL 663/2023,1,776,ELISEU GABRIEL
PL 664/2023,1,2249,NUNES PEIXEIRO
PL 665/2023,1,224,AURÉLIO NOMURA
PL 666/2023,1,776,ELISEU GABRIEL
PL 667/2023,1,2249,NUNES PEIXEIRO
PL 668/2023,1,2243,DR. ADRIANO SANTOS
PL 668/2023,2,2256,HÉLIO RODRIGUES
PL 669/2023,1,1999,PROFESSOR TONINHO VESPOLI
PL 670/2023,1,2155,JANAÍNA LIMA
PL 671/2023,1,2186,BETO DO SOCIAL
PL 672/2023,1,2146,GILBERTO NASCIMENTO
PL 672/2023,2,2249,NUNES PEIXEIRO
PL 673/2023,1,776,ELISEU GABRIEL
PL 674/2023,1,187,GILSON BARRETO
PL 674/2023,2,2224,SANDRA SANTANA
PL 675/2023,1,1487,RICARDO TEIXEIRA
PL 676/2023,1,1487,RICARDO TEIXEIRA
PL 677/2023,1,1999,PROFESSOR TONINHO VESPOLI
PL 678/2023,1,2205,LUANA ALVES
PL 679/2023,1,776,ELISEU GABRIEL
PL 680/2023,1,2206,SILVIA DA BANCADA FEMINISTA
PL 681/2023,1,2224,SANDRA SANTANA
PL 682/2023,1,2206,SILVIA DA BANCADA FEMINISTA
PL 683/2023,1,2246,MAJOR PALUMBO
PL 684/2023,1,155,ARSELINO TATTO
PL 686/2023,1,2255,JOÃO ANANIAS
PL 687/2023,1,2147,ISAC FÉLIX
PL 688/2023,1,2217,SANSÃO PEREIRA
PL 688/2023,2,2218,THAMMY MIRANDA
PL 688/2023,3,2278,KEIT LIMA
PL 688/2023,4,2279,SILVINHO LEITE
PL 689/2023,1,2248,JUSSARA BASSO
PL 690/2023,1,2147,ISAC FÉLIX
PL 690/2023,2,2279,SILVINHO LEITE
PL 691/2023,1,2209,DANILO DO POSTO DE SAÚDE
PL 692/2023,1,2147,ISAC FÉLIX
PL 693/2023,1,267,PAULO FRANGE
PL 693/2023,2,1487,RICARDO TEIXEIRA
PL 693/2023,3,1999,PROFESSOR TONINHO VESPOLI
PL 693/2023,4,2228,RENATA FALZONI
PL 694/2023,1,1487,RICARDO TEIXEIRA
PL 695/2023,1,1487,RICARDO TEIXEIRA
PL 696/2023,1,1647,EDIR SALES
PL 697/2023,1,2145,FERNANDO HOLIDAY
PL 698/2023,1,1296,ADILSON AMADEU
PL 699/2023,1,2159,RUTE COSTA
PL 700/2023,1,1349,SENIVAL MOURA
PL 701/2023,1,187,GILSON BARRETO
PL 702/2023,1,776,ELISEU GABRIEL
PL 703/2023,1,2206,SILVIA DA BANCADA FEMINISTA
PL 704/2023,1,2208,ELAINE DO QUILOMBO PERIFÉRICO
PL 705/2023,1,2185,CELSO GIANNAZI
PL 706/2023,1,2209,DANILO DO POSTO DE SAÚDE
PL 706/2023,2,2210,ELY TERUEL
PL 706/2023,3,2219,MARCELO MESSIAS
PL 706/2023,4,2228,RENATA FALZONI
PL 706/2023,5,2273,DR. MURILLO LIMA
PL 706/2023,6,2279,SILVINHO LEITE
PL 706/2023,7,2281,SIMONE GANEM
PL 707/2023,1,2209,DANILO DO POSTO DE SAÚDE
PL 708/2023,1,2254,LUNA ZARATTINI
PL 708/2023,2,2255,JOÃO ANANIAS
PL 708/2023,3,2278,KEIT LIMA
PL 708/2023,4,2279,SILVINHO LEITE
PL 709/2023,1,2160,JOÃO JORGE
PL 710/2023,1,2216,SONAIRA FERNANDES
PL 710/2023,2,2219,MARCELO MESSIAS
PL 711/2023,1,2145,FERNANDO HOLIDAY
PL 712/2023,1,2229,RICARDO NUNES
PL 713/2023,1,1635,DRA. SANDRA TADEU
PL 713/2023,2,2210,ELY TERUEL
PL 713/2023,3,2221,ELI CORRÊA
PL 713/2023,4,2279,SILVINHO LEITE
PL 714/2023,1,2210,ELY TERUEL
PL 715/2023,1,2254,LUNA ZARATTINI
PL 716/2023,1,2254,LUNA ZARATTINI
PL 717/2023,1,2147,ISAC FÉLIX
PL 718/2023,1,2001,JAIR TATTO
PL 719/2023,1,267,PAULO FRANGE
PL 719/2023,2,2001,JAIR TATTO
PL 719/2023,3,2269,MARINA BRAGANTE
PL 720/2023,1,2001,JAIR TATTO
PL 721/2023,1,2001,JAIR TATTO
PL 722/2023,1,1487,RICARDO TEIXEIRA
PL 723/2023,1,2150,ANDRÉ SANTOS
PL 724/2023,1,2248,JUSSARA BASSO
PL 725/2023,1,2248,JUSSARA BASSO
PL 726/2023,1,1647,EDIR SALES
PL 727/2023,1,1647,EDIR SALES
PL 728/2023,1,224,AURÉLIO NOMURA
PL 728/2023,2,2146,GILBERTO NASCIMENTO
PL 729/2023,1,1487,RICARDO TEIXEIRA
PL 730/2023,1,1487,RICARDO TEIXEIRA
PL 731/2023,1,1487,RICARDO TEIXEIRA
PL 732/2023,1,2159,RUTE COSTA
PL 733/2023,1,2255,JOÃO ANANIAS
PL 734/2023,1,2248,JUSSARA BASSO
PL 735/2023,1,2206,SILVIA DA BANCADA FEMINISTA
PL 736/2023,1,2210,ELY TERUEL
PL 736/2023,2,2222,CRIS MONTEIRO
PL 736/2023,3,2270,PASTORA SANDRA ALVES
PL 736/2023,4,2279,SILVINHO LEITE
PL 737/2023,1,2000,ALESSANDRO GUEDES
PL 738/2023,1,2000,ALESSANDRO GUEDES
PL 739/2023,1,2000,ALESSANDRO GUEDES
PL 740/2023,1,2000,ALESSANDRO GUEDES
PL 741/2023,1,1636,DR. MILTON FERREIRA
PL 742/2023,1,2155,JANAÍNA LIMA
PL 743/2023,1,273,MILTON LEITE
PL 744/2023,1,2219,MARCELO MESSIAS
PL 745/2023,1,2152,RINALDI DIGILIO
PL 746/2023,1,2215,MARLON LUZ
PL 747/2023,1,1487,RICARDO TEIXEIRA
PL 748/2023,1,1487,RICARDO TEIXEIRA
PL 749/2023,1,1487,RICARDO TEIXEIRA
PL 750/2023,1,1487,RICARDO TEIXEIRA
PL 751/2023,1,1487,RICARDO TEIXEIRA
PL 752/2023,1,1647,EDIR SALES
PL 753/2023,1,1647,EDIR SALES
PL 753/2023,2,2250,CORONEL SALLES
PL 753/2023,3,2254,LUNA ZARATTINI
PL 754/2023,1,1647,EDIR SALES
PL 754/2023,2,2160,JOÃO JORGE
PL 754/2023,3,2228,RENATA FALZONI
PL 755/2023,1,2229,RICARDO NUNES
PL 756/2023,1,2147,ISAC FÉLIX
PL 757/2023,1,2147,ISAC FÉLIX
PL 757/2023,2,2279,SILVINHO LEITE
PL 758/2023,1,1647,EDIR SALES
PL 759/2023,1,2218,THAMMY MIRANDA
PL 759/2023,2,2224,SANDRA SANTANA
PL 759/2023,3,2279,SILVINHO LEITE
PL 760/2023,1,2159,RUTE COSTA
PL 760/2023,2,2218,THAMMY MIRANDA
PL 761/2023,1,2214,RUBINHO NUNES
PL 761/2023,2,2279,SILVINHO LEITE
PL 762/2023,1,676,ATÍLIO FRANCISCO
PL 763/2023,1,2159,RUTE COSTA
PL 763/2023,2,2219,MARCELO MESSIAS
PL 764/2023,1,2159,RUTE COSTA
PL 765/2023,1,2131,RODOLFO DESPACHANTE
PL 765/2023,2,2249,NUNES PEIXEIRO
PL 766/2023,1,1487,RICARDO TEIXEIRA
PL 767/2023,1,1487,RICARDO TEIXEIRA
PL 768/2023,1,2219,MARCELO MESSIAS
PL 769/2023,1,2219,MARCELO MESSIAS
PL 770/2023,1,2219,MARCELO MESSIAS
PL 771/2023,1,2219,MARCELO MESSIAS
PL 771/2023,2,2272,DHEISON SILVA
PL 772/2023,1,2249,NUNES PEIXEIRO
PL 773/2023,1,2222,CRIS MONTEIRO
PL 774/2023,1,2180,MANOEL DEL RIO
PL 774/2023,2,2272,DHEISON SILVA
PL 775/2023,1,2214,RUBINHO NUNES
PL 775/2023,2,2268,AMANDA VETTORAZZO
PL 775/2023,3,2280,KENJI ITO
PL 776/2023,1,1487,RICARDO TEIXEIRA
PL 777/2023,1,224,AURÉLIO NOMURA
PL 778/2023,1,224,AURÉLIO NOMURA
PL 779/2023,1,1647,EDIR SALES
PL 780/2023,1,2185,CELSO GIANNAZI
PL 781/2023,1,2001,JAIR TATTO
PL 781/2023,2,2243,DR. ADRIANO SANTOS
PL 782/2023,1,2150,ANDRÉ SANTOS
PL 784/2023,1,1647,EDIR SALES
PL 785/2023,1,2205,LUANA ALVES
PL 786/2023,1,1635,DRA. SANDRA TADEU
PL 787/2023,1,2146,GILBERTO NASCIMENTO
PL 788/2023,1,2146,GILBERTO NASCIMENTO
PL 789/2023,1,2244,JORGE WILSON FILHO
PL 790/2023,1,2244,JORGE WILSON FILHO
PL 1/2024,1,2153,RODRIGO GOULART
PL 2/2024,1,2152,RINALDI DIGILIO
PL 3/2024,1,2255,JOÃO ANANIAS
PL 4/2024,1,2255,JOÃO ANANIAS
PL 5/2024,1,187,GILSON BARRETO
PL 6/2024,1,1487,RICARDO TEIXEIRA
PL 6/2024,2,2210,ELY TERUEL
PL 6/2024,3,2217,SANSÃO PEREIRA
PL 6/2024,4,2268,AMANDA VETTORAZZO
PL 6/2024,5,2279,SILVINHO LEITE
PL 7/2024,1,1487,RICARDO TEIXEIRA
PL 8/2024,1,1487,RICARDO TEIXEIRA
PL 9/2024,1,224,AURÉLIO NOMURA
PL 10/2024,1,224,AURÉLIO NOMURA
PL 12/2024,1,224,AURÉLIO NOMURA
PL 13/2024,1,936,NABIL BONDUKI
PL 13/2024,2,2180,MANOEL DEL RIO
PL 14/2024,1,2243,DR. ADRIANO SANTOS
PL 15/2024,1,1296,ADILSON AMADEU
PL 15/2024,2,1487,RICARDO TEIXEIRA
PL 16/2024,1,1487,RICARDO TEIXEIRA
PL 17/2024,1,1487,RICARDO TEIXEIRA
PL 17/2024,2,2224,SANDRA SANTANA
PL 17/2024,3,2243,DR. ADRIANO SANTOS
PL 18/2024,1,1487,RICARDO TEIXEIRA
PL 19/2024,1,2155,JANAÍNA LIMA
PL 20/2024,1,1647,EDIR SALES
PL 20/2024,2,2219,MARCELO MESSIAS
PL 20/2024,3,2262,WALDIR JÚNIOR
PL 21/2024,1,1647,EDIR SALES
PL 21/2024,2,2262,WALDIR JÚNIOR
PL 22/2024,1,1647,EDIR SALES
PL 22/2024,2,2262,WALDIR JÚNIOR
PL 23/2024,1,1647,EDIR SALES
PL 23/2024,2,2262,WALDIR JÚNIOR
PL 24/2024,1,2145,FERNANDO HOLIDAY
PL 25/2024,1,1487,RICARDO TEIXEIRA
PL 26/2024,1,1647,EDIR SALES
PL 26/2024,2,2262,WALDIR JÚNIOR
PL 27/2024,1,1989,GEORGE HATO
PL 28/2024,1,224,AURÉLIO NOMURA
PL 29/2024,1,2211,SIDNEY CRUZ
PL 29/2024,2,2224,SANDRA SANTANA
PL 30/2024,1,2150,ANDRÉ SANTOS
PL 30/2024,2,2211,SIDNEY CRUZ
PL 30/2024,3,2219,MARCELO MESSIAS
PL 30/2024,4,2278,KEIT LIMA
PL 30/2024,5,2279,SILVINHO LEITE
PL 31/2024,1,2211,SIDNEY CRUZ
PL 33/2024,1,267,PAULO FRANGE
PL 34/2024,1,2211,SIDNEY CRUZ
PL 34/2024,2,2224,SANDRA SANTANA
PL 35/2024,1,1647,EDIR SALES
PL 35/2024,2,2262,WALDIR JÚNIOR
PL 38/2024,1,2250,CORONEL SALLES
PL 40/2024,1,2250,CORONEL SALLES
PL 41/2024,1,1487,RICARDO TEIXEIRA
PL 42/2024,1,1487,RICARDO TEIXEIRA
PL 43/2024,1,1647,EDIR SALES
PL 43/2024,2,2262,WALDIR JÚNIOR
PL 44/2024,1,2211,SIDNEY CRUZ
PL 45/2024,1,2211,SIDNEY CRUZ
PL 46/2024,1,2254,LUNA ZARATTINI
PL 47/2024,1,2001,JAIR TATTO
PL 47/2024,2,2211,SIDNEY CRUZ
PL 47/2024,3,2219,MARCELO MESSIAS
PL 47/2024,4,2279,SILVINHO LEITE
PL 48/2024,1,2254,LUNA ZARATTINI
PL 49/2024,1,2216,SONAIRA FERNANDES
PL 49/2024,2,2222,CRIS MONTEIRO
PL 50/2024,1,2206,SILVIA DA BANCADA FEMINISTA
PL 51/2024,1,2205,LUANA ALVES
PL 52/2024,1,2218,THAMMY MIRANDA
PL 52/2024,2,2250,CORONEL SALLES
PL 53/2024,1,2215,MARLON LUZ
PL 54/2024,1,2144,FABIO RIVA
PL 55/2024,1,1999,PROFESSOR TONINHO VESPOLI
PL 55/2024,2,2001,JAIR TATTO
PL 55/2024,3,2243,DR. ADRIANO SANTOS
PL 56/2024,1,1487,RICARDO TEIXEIRA
PL 57/2024,1,1487,RICARDO TEIXEIRA
PL 58/2024,1,1487,RICARDO TEIXEIRA
PL 58/2024,2,2279,SILVINHO LEITE
PL 59/2024,1,1647,EDIR SALES
PL 59/2024,2,2262,WALDIR JÚNIOR
PL 60/2024,1,1647,EDIR SALES
PL 60/2024,2,2153,RODRIGO GOULART
PL 60/2024,3,2159,RUTE COSTA
PL 60/2024,4,2218,THAMMY MIRANDA
PL 60/2024,5,2224,SANDRA SANTANA
PL 60/2024,6,2262,WALDIR JÚNIOR
PL 61/2024,1,2209,DANILO DO POSTO DE SAÚDE
PL 62/2024,1,2160,JOÃO JORGE
PL 63/2024,1,1487,RICARDO TEIXEIRA
PL 64/2024,1,1487,RICARDO TEIXEIRA
PL 66/2024,1,776,ELISEU GABRIEL
PL 67/2024,1,224,AURÉLIO NOMURA
PL 68/2024,1,2150,ANDRÉ SANTOS
PL 69/2024,1,2147,ISAC FÉLIX
PL 69/2024,2,2246,MAJOR PALUMBO
PL 69/2024,3,2279,SILVINHO LEITE
PL 70/2024,1,776,ELISEU GABRIEL
PL 70/2024,2,2279,SILVINHO LEITE
PL 71/2024,1,2243,DR. ADRIANO SANTOS
PL 72/2024,1,2243,DR. ADRIANO SANTOS
PL 73/2024,1,1647,EDIR SALES
PL 73/2024,2,2262,WALDIR JÚNIOR
PL 74/2024,1,776,ELISEU GABRIEL
PL 75/2024,1,2160,JOÃO JORGE
PL 76/2024,1,776,ELISEU GABRIEL
PL 77/2024,1,1487,RICARDO TEIXEIRA
PL 78/2024,1,2211,SIDNEY CRUZ
PL 79/2024,1,224,AURÉLIO NOMURA
PL 80/2024,1,2153,RODRIGO GOULART
PL 80/2024,2,2218,THAMMY MIRANDA
PL 81/2024,1,1999,PROFESSOR TONINHO VESPOLI
PL 82/2024,1,2180,MANOEL DEL RIO
PL 83/2024,1,2180,MANOEL DEL RIO
PL 84/2024,1,2180,MANOEL DEL RIO
PL 85/2024,1,1487,RICARDO TEIXEIRA
PL 86/2024,1,1487,RICARDO TEIXEIRA
PL 87/2024,1,1487,RICARDO TEIXEIRA
PL 87/2024,2,2216,SONAIRA FERNANDES
PL 88/2024,1,2243,DR. ADRIANO SANTOS
PL 89/2024,1,2229,RICARDO NUNES
PL 90/2024,1,1647,EDIR SALES
PL 91/2024,1,2206,SILVIA DA BANCADA FEMINISTA
PL 92/2024,1,2218,THAMMY MIRANDA
PL 92/2024,2,2224,SANDRA SANTANA
PL 93/2024,1,2180,MANOEL DEL RIO
PL 94/2024,1,2180,MANOEL DEL RIO
PL 94/2024,2,2272,DHEISON SILVA
PL 95/2024,1,1635,DRA. SANDRA TADEU
PL 95/2024,2,2221,ELI CORRÊA
PL 96/2024,1,1635,DRA. SANDRA TADEU
PL 97/2024,1,2152,RINALDI DIGILIO
PL 98/2024,1,1647,EDIR SALES
PL 99/2024,1,2152,RINALDI DIGILIO
PL 100/2024,1,2250,CORONEL SALLES
PL 101/2024,1,2147,ISAC FÉLIX
PL 102/2024,1,2147,ISAC FÉLIX
PL 103/2024,1,2229,RICARDO NUNES
PL 104/2024,1,2224,SANDRA SANTANA
PL 105/2024,1,2224,SANDRA SANTANA
PL 105/2024,2,2278,KEIT LIMA
PL 106/2024,1,2219,MARCELO MESSIAS
PL 107/2024,1,1647,EDIR SALES
PL 107/2024,2,2000,ALESSANDRO GUEDES
PL 107/2024,3,2159,RUTE COSTA
PL 107/2024,4,2218,THAMMY MIRANDA
PL 107/2024,5,2250,CORONEL SALLES
PL 108/2024,1,2219,MARCELO MESSIAS
PL 109/2024,1,224,AURÉLIO NOMURA
PL 110/2024,1,224,AURÉLIO NOMURA
PL 110/2024,2,2146,GILBERTO NASCIMENTO
PL 111/2024,1,2211,SIDNEY CRUZ
PL 112/2024,1,1487,RICARDO TEIXEIRA
PL 113/2024,1,2218,THAMMY MIRANDA
PL 114/2024,1,2153,RODRIGO GOULART
PL 114/2024,2,2218,THAMMY MIRANDA
PL 115/2024,1,2150,ANDRÉ SANTOS
PL 116/2024,1,2000,ALESSANDRO GUEDES
PL 116/2024,2,2219,MARCELO MESSIAS
PL 116/2024,3,2255,JOÃO ANANIAS
PL 116/2024,4,2270,PASTORA SANDRA ALVES
PL 116/2024,5,2274,SARGENTO NANTES
PL 116/2024,6,2278,KEIT LIMA
PL 116/2024,7,2279,SILVINHO LEITE
PL 117/2024,1,2205,LUANA ALVES
PL 118/2024,1,187,GILSON BARRETO
PL 119/2024,1,1647,EDIR SALES
PL 120/2024,1,2160,JOÃO JORGE
PL 120/2024,2,2270,PASTORA SANDRA ALVES
PL 120/2024,3,2275,GABRIEL ABREU
PL 120/2024,4,2283,ZOE MARTÍNEZ
PL 121/2024,1,2214,RUBINHO NUNES
PL 122/2024,1,2180,MANOEL DEL RIO
PL 122/2024,2,2255,JOÃO ANANIAS
PL 122/2024,3,2256,HÉLIO RODRIGUES
PL 122/2024,4,2278,KEIT LIMA
PL 123/2024,1,2211,SIDNEY CRUZ
PL 124/2024,1,1487,RICARDO TEIXEIRA
PL 125/2024,1,2180,MANOEL DEL RIO
PL 126/2024,1,1487,RICARDO TEIXEIRA
PL 127/2024,1,1487,RICARDO TEIXEIRA
PL 127/2024,2,2147,ISAC FÉLIX
PL 127/2024,3,2218,THAMMY MIRANDA
PL 127/2024,4,2219,MARCELO MESSIAS
PL 127/2024,5,2221,ELI CORRÊA
PL 128/2024,1,2147,ISAC FÉLIX
PL 129/2024,1,2224,SANDRA SANTANA
PL 130/2024,1,224,AURÉLIO NOMURA
PL 131/2024,1,224,AURÉLIO NOMURA
PL 132/2024,1,2221,ELI CORRÊA
PL 133/2024,1,776,ELISEU GABRIEL
PL 134/2024,1,2243,DR. ADRIANO SANTOS
PL 135/2024,1,1635,DRA. SANDRA TADEU
PL 136/2024,1,2001,JAIR TATTO
PL 136/2024,2,2243,DR. ADRIANO SANTOS
PL 137/2024,1,155,ARSELINO TATTO
PL 137/2024,2,2001,JAIR TATTO
PL 138/2024,1,2250,CORONEL SALLES
PL 139/2024,1,2000,ALESSANDRO GUEDES
PL 140/2024,1,776,ELISEU GABRIEL
PL 141/2024,1,776,ELISEU GABRIEL
PL 142/2024,1,267,PAULO FRANGE
PL 143/2024,1,2208,ELAINE DO QUILOMBO PERIFÉRICO
PL 144/2024,1,2150,ANDRÉ SANTOS
PL 144/2024,2,2210,ELY TERUEL
PL 144/2024,3,2279,SILVINHO LEITE
PL 145/2024,1,2219,MARCELO MESSIAS
PL 145/2024,2,2268,AMANDA VETTORAZZO
PL 145/2024,3,2279,SILVINHO LEITE
PL 146/2024,1,2250,CORONEL SALLES
PL 147/2024,1,2263,MESA DA CAMARA MUNICIPAL DE SAO PAULO
PL 148/2024,1,267,PAULO FRANGE
PL 148/2024,2,1487,RICARDO TEIXEIRA
PL 148/2024,3,2216,SONAIRA FERNANDES
PL 148/2024,4,2246,MAJOR PALUMBO
PL 149/2024,1,224,AURÉLIO NOMURA
PL 150/2024,1,2147,ISAC FÉLIX
PL 150/2024,2,2219,MARCELO MESSIAS
PL 150/2024,3,2276,SILVÃO LEITE
PL 150/2024,4,2278,KEIT LIMA
PL 150/2024,5,2279,SILVINHO LEITE
PL 151/2024,1,1999,PROFESSOR TONINHO VESPOLI
PL 151/2024,2,2147,ISAC FÉLIX
PL 151/2024,3,2216,SONAIRA FERNANDES
PL 151/2024,4,2279,SILVINHO LEITE
PL 151/2024,5,2288,ANDRÉ SOUZA
PL 152/2024,1,2000,ALESSANDRO GUEDES
PL 153/2024,1,2000,ALESSANDRO GUEDES
PL 154/2024,1,2249,NUNES PEIXEIRO
PL 155/2024,1,2229,RICARDO NUNES
PL 156/2024,1,2249,NUNES PEIXEIRO
PL 157/2024,1,2147,ISAC FÉLIX
PL 158/2024,1,936,NABIL BONDUKI
PL 158/2024,2,1999,PROFESSOR TONINHO VESPOLI
PL 158/2024,3,2206,SILVIA DA BANCADA FEMINISTA
PL 158/2024,4,2228,RENATA FALZONI
PL 158/2024,5,2254,LUNA ZARATTINI
PL 158/2024,6,2269,MARINA BRAGANTE
PL 160/2024,1,2254,LUNA ZARATTINI
PL 161/2024,1,2180,MANOEL DEL RIO
PL 162/2024,1,1647,EDIR SALES
PL 163/2024,1,2229,RICARDO NUNES
PL 164/2024,1,2000,ALESSANDRO GUEDES
PL 165/2024,1,2000,ALESSANDRO GUEDES
PL 166/2024,1,2248,JUSSARA BASSO
PL 167/2024,1,2249,NUNES PEIXEIRO
PL 168/2024,1,2144,FABIO RIVA
PL 169/2024,1,308,TRIBUNAL DE CONTAS DO MUNICIPIO
PL 170/2024,1,308,TRIBUNAL DE CONTAS DO MUNICIPIO
PL 171/2024,1,2263,MESA DA CAMARA MUNICIPAL DE SAO PAULO
PL 172/2024,1,776,ELISEU GABRIEL
PL 173/2024,1,1349,SENIVAL MOURA
PL 174/2024,1,2146,GILBERTO NASCIMENTO
PL 174/2024,2,2221,ELI CORRÊA
PL 175/2024,1,2206,SILVIA DA BANCADA FEMINISTA
PL 176/2024,1,2218,THAMMY MIRANDA
PL 177/2024,1,2206,SILVIA DA BANCADA FEMINISTA
PL 178/2024,1,1487,RICARDO TEIXEIRA
PL 179/2024,1,2205,LUANA ALVES
PL 180/2024,1,2205,LUANA ALVES
PL 181/2024,1,2205,LUANA ALVES
PL 182/2024,1,2205,LUANA ALVES
PL 183/2024,1,2211,SIDNEY CRUZ
PL 184/2024,1,2001,JAIR TATTO
PL 184/2024,2,2243,DR. ADRIANO SANTOS
PL 185/2024,1,2147,ISAC FÉLIX
PL 185/2024,2,2279,SILVINHO LEITE
PL 186/2024,1,1999,PROFESSOR TONINHO VESPOLI
PL 187/2024,1,1999,PROFESSOR TONINHO VESPOLI
PL 188/2024,1,1999,PROFESSOR TONINHO VESPOLI
PL 189/2024,1,2254,LUNA ZARATTINI
PL 190/2024,1,2222,CRIS MONTEIRO
PL 190/2024,2,2283,ZOE MARTÍNEZ
PL 191/2024,1,2144,FABIO RIVA
PL 192/2024,1,2206,SILVIA DA BANCADA FEMINISTA
PL 193/2024,1,2224,SANDRA SANTANA
PL 194/2024,1,2224,SANDRA SANTANA
PL 195/2024,1,2224,SANDRA SANTANA
PL 195/2024,2,2279,SILVINHO LEITE
PL 196/2024,1,155,ARSELINO TATTO
PL 197/2024,1,2145,FERNANDO HOLIDAY
PL 197/2024,2,2214,RUBINHO NUNES
PL 197/2024,3,2216,SONAIRA FERNANDES
PL 197/2024,4,2249,NUNES PEIXEIRO
PL 197/2024,5,2250,CORONEL SALLES
PL 198/2024,1,1989,GEORGE HATO
PL 199/2024,1,2222,CRIS MONTEIRO
PL 199/2024,2,2279,SILVINHO LEITE
PL 200/2024,1,2229,RICARDO NUNES
PL 201/2024,1,1487,RICARDO TEIXEIRA
PL 201/2024,2,1636,DR. MILTON FERREIRA
PL 201/2024,3,2216,SONAIRA FERNANDES
PL 201/2024,4,2269,MARINA BRAGANTE
PL 201/2024,5,2279,SILVINHO LEITE
PL 201/2024,6,2281,SIMONE GANEM
PL 202/2024,1,2185,CELSO GIANNAZI
PL 203/2024,1,224,AURÉLIO NOMURA
PL 203/2024,2,2218,THAMMY MIRANDA
PL 204/2024,1,155,ARSELINO TATTO
PL 205/2024,1,1999,PROFESSOR TONINHO VESPOLI
PL 206/2024,1,2152,RINALDI DIGILIO
PL 207/2024,1,2205,LUANA ALVES
PL 208/2024,1,2131,RODOLFO DESPACHANTE
PL 209/2024,1,2224,SANDRA SANTANA
PL 210/2024,1,2147,ISAC FÉLIX
PL 211/2024,1,2224,SANDRA SANTANA
PL 212/2024,1,1487,RICARDO TEIXEIRA
PL 213/2024,1,1647,EDIR SALES
PL 214/2024,1,1635,DRA. SANDRA TADEU
PL 215/2024,1,2224,SANDRA SANTANA
PL 216/2024,1,2206,SILVIA DA BANCADA FEMINISTA
PL 217/2024,1,2001,JAIR TATTO
PL 217/2024,2,2180,MANOEL DEL RIO
PL 218/2024,1,2153,RODRIGO GOULART
PL 218/2024,2,2218,THAMMY MIRANDA
PL 219/2024,1,2180,MANOEL DEL RIO
PL 220/2024,1,2146,GILBERTO NASCIMENTO
PL 220/2024,2,2153,RODRIGO GOULART
PL 221/2024,1,2180,MANOEL DEL RIO
PL 222/2024,1,2229,RICARDO NUNES
PL 223/2024,1,1635,DRA. SANDRA TADEU
PL 224/2024,1,1635,DRA. SANDRA TADEU
PL 225/2024,1,2152,RINALDI DIGILIO
PL 226/2024,1,2205,LUANA ALVES
PL 227/2024,1,2249,NUNES PEIXEIRO
PL 228/2024,1,1647,EDIR SALES
PL 228/2024,2,2218,THAMMY MIRANDA
PL 228/2024,3,2279,SILVINHO LEITE
PL 229/2024,1,1487,RICARDO TEIXEIRA
PL 230/2024,1,1487,RICARDO TEIXEIRA
PL 231/2024,1,1487,RICARDO TEIXEIRA
PL 232/2024,1,1487,RICARDO TEIXEIRA
PL 233/2024,1,2256,HÉLIO RODRIGUES
PL 233/2024,2,2278,KEIT LIMA
PL 235/2024,1,2219,MARCELO MESSIAS
PL 236/2024,1,2219,MARCELO MESSIAS
PL 237/2024,1,2217,SANSÃO PEREIRA
PL 237/2024,2,2279,SILVINHO LEITE
PL 238/2024,1,2254,LUNA ZARATTINI
PL 239/2024,1,2254,LUNA ZARATTINI
PL 240/2024,1,2217,SANSÃO PEREIRA
PL 241/2024,1,2217,SANSÃO PEREIRA
PL 242/2024,1,2214,RUBINHO NUNES
PL 243/2024,1,2209,DANILO DO POSTO DE SAÚDE
PL 244/2024,1,1647,EDIR SALES
PL 245/2024,1,2219,MARCELO MESSIAS
PL 247/2024,1,2229,RICARDO NUNES
PL 248/2024,1,776,ELISEU GABRIEL
PL 249/2024,1,776,ELISEU GABRIEL
PL 250/2024,1,776,ELISEU GABRIEL
PL 250/2024,2,2278,KEIT LIMA
PL 251/2024,1,1647,EDIR SALES
PL 252/2024,1,2000,ALESSANDRO GUEDES
PL 252/2024,2,2275,GABRIEL ABREU
PL 252/2024,3,2278,KEIT LIMA
PL 253/2024,1,187,GILSON BARRETO
PL 254/2024,1,273,MILTON LEITE
PL 254/2024,2,2271,ANA CAROLINA OLIVEIRA
PL 254/2024,3,2276,SILVÃO LEITE
PL 254/2024,4,2279,SILVINHO LEITE
PL 255/2024,1,2221,ELI CORRÊA
PL 256/2024,1,2221,ELI CORRÊA
PL 257/2024,1,2180,MANOEL DEL RIO
PL 258/2024,1,2221,ELI CORRÊA
PL 259/2024,1,2146,GILBERTO NASCIMENTO
PL 259/2024,2,2221,ELI CORRÊA
PL 259/2024,3,2279,SILVINHO LEITE
PL 261/2024,1,1487,RICARDO TEIXEIRA
PL 262/2024,1,1636,DR. MILTON FERREIRA
PL 263/2024,1,1636,DR. MILTON FERREIRA
PL 264/2024,1,2153,RODRIGO GOULART
PL 264/2024,2,2218,THAMMY MIRANDA
PL 264/2024,3,2279,SILVINHO LEITE
PL 265/2024,1,1999,PROFESSOR TONINHO VESPOLI
PL 265/2024,2,2270,PASTORA SANDRA ALVES
PL 265/2024,3,2278,KEIT LIMA
PL 265/2024,4,2279,SILVINHO LEITE
PL 266/2024,1,1635,DRA. SANDRA TADEU
PL 267/2024,1,1487,RICARDO TEIXEIRA
PL 267/2024,2,2246,MAJOR PALUMBO
PL 267/2024,3,2268,AMANDA VETTORAZZO
PL 267/2024,4,2274,SARGENTO NANTES
PL 268/2024,1,2254,LUNA ZARATTINI
PL 269/2024,1,187,GILSON BARRETO
PL 270/2024,1,2001,JAIR TATTO
PL 270/2024,2,2144,FABIO RIVA
PL 270/2024,3,2150,ANDRÉ SANTOS
PL 270/2024,4,2219,MARCELO MESSIAS
PL 270/2024,5,2221,ELI CORRÊA
PL 270/2024,6,2249,NUNES PEIXEIRO
PL 271/2024,1,2222,CRIS MONTEIRO
PL 271/2024,2,2224,SANDRA SANTANA
PL 271/2024,3,2279,SILVINHO LEITE
PL 272/2024,1,2214,RUBINHO NUNES
PL 273/2024,1,2222,CRIS MONTEIRO
PL 273/2024,2,2279,SILVINHO LEITE
PL 274/2024,1,155,ARSELINO TATTO
PL 275/2024,1,1635,DRA. SANDRA TADEU
PL 276/2024,1,2159,RUTE COSTA
PL 277/2024,1,2159,RUTE COSTA
PL 278/2024,1,1487,RICARDO TEIXEIRA
PL 279/2024,1,1999,PROFESSOR TONINHO VESPOLI
PL 280/2024,1,2219,MARCELO MESSIAS
PL 281/2024,1,2152,RINALDI DIGILIO
PL 282/2024,1,2256,HÉLIO RODRIGUES
PL 282/2024,2,2270,PASTORA SANDRA ALVES
PL 283/2024,1,2147,ISAC FÉLIX
PL 284/2024,1,1989,GEORGE HATO
PL 285/2024,1,1989,GEORGE HATO
PL 286/2024,1,2152,RINALDI DIGILIO
PL 287/2024,1,2248,JUSSARA BASSO
PL 288/2024,1,2219,MARCELO MESSIAS
PL 289/2024,1,2001,JAIR TATTO
PL 290/2024,1,2001,JAIR TATTO
PL 291/2024,1,2001,JAIR TATTO
PL 291/2024,2,2279,SILVINHO LEITE
PL 292/2024,1,2001,JAIR TATTO
PL 292/2024,2,2224,SANDRA SANTANA
PL 292/2024,3,2279,SILVINHO LEITE
PL 293/2024,1,2001,JAIR TATTO
PL 293/2024,2,2273,DR. MURILLO LIMA
PL 293/2024,3,2278,KEIT LIMA
PL 293/2024,4,2279,SILVINHO LEITE
PL 294/2024,1,2001,JAIR TATTO
PL 295/2024,1,2001,JAIR TATTO
PL 296/2024,1,2001,JAIR TATTO
PL 297/2024,1,1487,RICARDO TEIXEIRA
PL 298/2024,1,1487,RICARDO TEIXEIRA
PL 299/2024,1,1487,RICARDO TEIXEIRA
PL 300/2024,1,1487,RICARDO TEIXEIRA
PL 300/2024,2,2228,RENATA FALZONI
PL 301/2024,1,1487,RICARDO TEIXEIRA
PL 301/2024,2,2228,RENATA FALZONI
PL 301/2024,3,2269,MARINA BRAGANTE
PL 302/2024,1,2205,LUANA ALVES
PL 302/2024,2,2254,LUNA ZARATTINI
PL 303/2024,1,2209,DANILO DO POSTO DE SAÚDE
PL 304/2024,1,1487,RICARDO TEIXEIRA
PL 305/2024,1,2000,ALESSANDRO GUEDES
PL 306/2024,1,2205,LUANA ALVES
PL 306/2024,2,2254,LUNA ZARATTINI
PL 307/2024,1,1635,DRA. SANDRA TADEU
PL 307/2024,2,2278,KEIT LIMA
PL 308/2024,1,1635,DRA. SANDRA TADEU
PL 309/2024,1,2218,THAMMY MIRANDA
PL 309/2024,2,2279,SILVINHO LEITE
PL 310/2024,1,2185,CELSO GIANNAZI
PL 311/2024,1,2217,SANSÃO PEREIRA
PL 312/2024,1,2155,JANAÍNA LIMA
PL 313/2024,1,2185,CELSO GIANNAZI
PL 314/2024,1,187,GILSON BARRETO
PL 315/2024,1,1487,RICARDO TEIXEIRA
PL 316/2024,1,1487,RICARDO TEIXEIRA
PL 317/2024,1,1487,RICARDO TEIXEIRA
PL 318/2024,1,1487,RICARDO TEIXEIRA
PL 319/2024,1,2146,GILBERTO NASCIMENTO
PL 320/2024,1,2216,SONAIRA FERNANDES
PL 320/2024,2,2219,MARCELO MESSIAS
PL 321/2024,1,155,ARSELINO TATTO
PL 322/2024,1,2214,RUBINHO NUNES
PL 323/2024,1,2152,RINALDI DIGILIO
PL 324/2024,1,2000,ALESSANDRO GUEDES
PL 325/2024,1,267,PAULO FRANGE
PL 327/2024,1,2206,SILVIA DA BANCADA FEMINISTA
PL 328/2024,1,2248,JUSSARA BASSO
PL 329/2024,1,1989,GEORGE HATO
PL 330/2024,1,1635,DRA. SANDRA TADEU
PL 331/2024,1,2249,NUNES PEIXEIRO
PL 332/2024,1,2152,RINALDI DIGILIO
PL 333/2024,1,1647,EDIR SALES
PL 334/2024,1,2206,SILVIA DA BANCADA FEMINISTA
PL 335/2024,1,2000,ALESSANDRO GUEDES
PL 336/2024,1,2185,CELSO GIANNAZI
PL 337/2024,1,2209,DANILO DO POSTO DE SAÚDE
PL 338/2024,1,1296,ADILSON AMADEU
PL 339/2024,1,2222,CRIS MONTEIRO
PL 339/2024,2,2224,SANDRA SANTANA
PL 339/2024,3,2269,MARINA BRAGANTE
PL 340/2024,1,267,PAULO FRANGE
PL 341/2024,1,2208,ELAINE DO QUILOMBO PERIFÉRICO
PL 342/2024,1,2256,HÉLIO RODRIGUES
PL 343/2024,1,2256,HÉLIO RODRIGUES
PL 344/2024,1,2218,THAMMY MIRANDA
PL 345/2024,1,2001,JAIR TATTO
PL 345/2024,2,2243,DR. ADRIANO SANTOS
PL 346/2024,1,2254,LUNA ZARATTINI
PL 347/2024,1,1635,DRA. SANDRA TADEU
PL 348/2024,1,1635,DRA. SANDRA TADEU
PL 349/2024,1,2248,JUSSARA BASSO
PL 351/2024,1,2248,JUSSARA BASSO
PL 352/2024,1,2205,LUANA ALVES
PL 352/2024,2,2206,SILVIA DA BANCADA FEMINISTA
PL 352/2024,3,2269,MARINA BRAGANTE
PL 352/2024,4,2278,KEIT LIMA
PL 352/2024,5,2279,SILVINHO LEITE
PL 353/2024,1,2205,LUANA ALVES
PL 353/2024,2,2278,KEIT LIMA
PL 354/2024,1,2205,LUANA ALVES
PL 355/2024,1,2254,LUNA ZARATTINI
PL 358/2024,1,1635,DRA. SANDRA TADEU
PL 359/2024,1,1487,RICARDO TEIXEIRA
PL 359/2024,2,2001,JAIR TATTO
PL 359/2024,3,2146,GILBERTO NASCIMENTO
PL 359/2024,4,2217,SANSÃO PEREIRA
PL 359/2024,5,2218,THAMMY MIRANDA
PL 359/2024,6,2256,HÉLIO RODRIGUES
PL 359/2024,7,2271,ANA CAROLINA OLIVEIRA
PL 359/2024,8,2276,SILVÃO LEITE
PL 359/2024,9,2278,KEIT LIMA
PL 359/2024,10,2279,SILVINHO LEITE
PL 359/2024,11,2281,SIMONE GANEM
PL 359/2024,12,2282,LUCAS PAVANATO
PL 360/2024,1,1487,RICARDO TEIXEIRA
PL 361/2024,1,2185,CELSO GIANNAZI
PL 362/2024,1,1487,RICARDO TEIXEIRA
PL 362/2024,2,2219,MARCELO MESSIAS
PL 362/2024,3,2224,SANDRA SANTANA
PL 363/2024,1,1487,RICARDO TEIXEIRA
PL 364/2024,1,1647,EDIR SALES
PL 364/2024,2,2210,ELY TERUEL
PL 365/2024,1,2248,JUSSARA BASSO
PL 366/2024,1,2153,RODRIGO GOULART
PL 366/2024,2,2218,THAMMY MIRANDA
PL 367/2024,1,2256,HÉLIO RODRIGUES
PL 368/2024,1,1349,SENIVAL MOURA
PL 369/2024,1,2144,FABIO RIVA
PL 369/2024,2,2210,ELY TERUEL
PL 369/2024,3,2279,SILVINHO LEITE
PL 370/2024,1,2001,JAIR TATTO
PL 370/2024,2,2243,DR. ADRIANO SANTOS
PL 371/2024,1,2001,JAIR TATTO
PL 371/2024,2,2243,DR. ADRIANO SANTOS
PL 371/2024,3,2278,KEIT LIMA
PL 372/2024,1,2185,CELSO GIANNAZI
PL 373/2024,1,1349,SENIVAL MOURA
PL 374/2024,1,2243,DR. ADRIANO SANTOS
PL 375/2024,1,2254,LUNA ZARATTINI
PL 376/2024,1,1487,RICARDO TEIXEIRA
PL 377/2024,1,2146,GILBERTO NASCIMENTO
PL 378/2024,1,1647,EDIR SALES
PL 379/2024,1,2153,RODRIGO GOULART
PL 379/2024,2,2218,THAMMY MIRANDA
PL 380/2024,1,1487,RICARDO TEIXEIRA
PL 381/2024,1,2205,LUANA ALVES
PL 382/2024,1,1647,EDIR SALES
PL 382/2024,2,2268,AMANDA VETTORAZZO
PL 382/2024,3,2274,SARGENTO NANTES
PL 383/2024,1,2146,GILBERTO NASCIMENTO
PL 384/2024,1,2185,CELSO GIANNAZI
PL 385/2024,1,273,MILTON LEITE
PL 385/2024,2,2146,GILBERTO NASCIMENTO
PL 385/2024,3,2159,RUTE COSTA
PL 386/2024,1,2153,RODRIGO GOULART
PL 386/2024,2,2218,THAMMY MIRANDA
PL 387/2024,1,2146,GILBERTO NASCIMENTO
PL 387/2024,2,2150,ANDRÉ SANTOS
PL 387/2024,3,2159,RUTE COSTA
PL 387/2024,4,2216,SONAIRA FERNANDES
PL 387/2024,5,2224,SANDRA SANTANA
PL 387/2024,6,2267,AMANDA PASCHOAL
PL 387/2024,7,2268,AMANDA VETTORAZZO
PL 387/2024,8,2278,KEIT LIMA
PL 387/2024,9,2279,SILVINHO LEITE
PL 388/2024,1,2159,RUTE COSTA
PL 389/2024,1,1487,RICARDO TEIXEIRA
PL 390/2024,1,2155,JANAÍNA LIMA
PL 391/2024,1,2205,LUANA ALVES
PL 391/2024,2,2278,KEIT LIMA
PL 392/2024,1,2155,JANAÍNA LIMA
PL 393/2024,1,2205,LUANA ALVES
PL 394/2024,1,2254,LUNA ZARATTINI
PL 395/2024,1,155,ARSELINO TATTO
PL 396/2024,1,2153,RODRIGO GOULART
PL 396/2024,2,2218,THAMMY MIRANDA
PL 397/2024,1,1989,GEORGE HATO
PL 398/2024,1,2150,ANDRÉ SANTOS
PL 399/2024,1,58,"COMISSÃO DE POLÍTICA URBANA, METROPOLITANA E MEIO AMBIENTE"
PL 400/2024,1,58,"COMISSÃO DE POLÍTICA URBANA, METROPOLITANA E MEIO AMBIENTE"
PL 401/2024,1,267,PAULO FRANGE
PL 402/2024,1,224,AURÉLIO NOMURA
PL 403/2024,1,2248,JUSSARA BASSO
PL 404/2024,1,2160,JOÃO JORGE
PL 405/2024,1,2160,JOÃO JORGE
PL 406/2024,1,2155,JANAÍNA LIMA
PL 407/2024,1,2155,JANAÍNA LIMA
PL 408/2024,1,2155,JANAÍNA LIMA
PL 409/2024,1,2155,JANAÍNA LIMA
PL 409/2024,2,2273,DR. MURILLO LIMA
PL 410/2024,1,2229,RICARDO NUNES
PL 411/2024,1,155,ARSELINO TATTO
PL 412/2024,1,2001,JAIR TATTO
PL 412/2024,2,2243,DR. ADRIANO SANTOS
PL 413/2024,1,2001,JAIR TATTO
PL 413/2024,2,2243,DR. ADRIANO SANTOS
PL 414/2024,1,2153,RODRIGO GOULART
PL 414/2024,2,2254,LUNA ZARATTINI
PL 415/2024,1,2185,CELSO GIANNAZI
PL 416/2024,1,2217,SANSÃO PEREIRA
PL 417/2024,1,1999,PROFESSOR TONINHO VESPOLI
PL 417/2024,2,2206,SILVIA DA BANCADA FEMINISTA
PL 418/2024,1,1296,ADILSON AMADEU
PL 419/2024,1,187,GILSON BARRETO
PL 420/2024,1,155,ARSELINO TATTO
PL 421/2024,1,155,ARSELINO TATTO
PL 422/2024,1,155,ARSELINO TATTO
PL 423/2024,1,155,ARSELINO TATTO
PL 424/2024,1,155,ARSELINO TATTO
PL 425/2024,1,155,ARSELINO TATTO
PL 426/2024,1,155,ARSELINO TATTO
PL 427/2024,1,2146,GILBERTO NASCIMENTO
PL 428/2024,1,1999,PROFESSOR TONINHO VESPOLI
PL 429/2024,1,1296,ADILSON AMADEU
PL 430/2024,1,2214,RUBINHO NUNES
PL 431/2024,1,2146,GILBERTO NASCIMENTO
PL 431/2024,2,2210,ELY TERUEL
PL 431/2024,3,2246,MAJOR PALUMBO
PL 431/2024,4,2266,ADRILLES JORGE
PL 431/2024,5,2268,AMANDA VETTORAZZO
PL 431/2024,6,2274,SARGENTO NANTES
PL 432/2024,1,2246,MAJOR PALUMBO
PL 433/2024,1,2146,GILBERTO NASCIMENTO
PL 433/2024,2,2279,SILVINHO LEITE
PL 434/2024,1,2146,GILBERTO NASCIMENTO
PL 435/2024,1,2146,GILBERTO NASCIMENTO
PL 436/2024,1,2215,MARLON LUZ
PL 437/2024,1,273,MILTON LEITE
PL 438/2024,1,2205,LUANA ALVES
PL 438/2024,2,2206,SILVIA DA BANCADA FEMINISTA
PL 438/2024,3,2278,KEIT LIMA
PL 439/2024,1,2248,JUSSARA BASSO
PL 440/2024,1,2248,JUSSARA BASSO
PL 441/2024,1,2264,EDSON JAPÃO
PL 442/2024,1,2146,GILBERTO NASCIMENTO
PL 442/2024,2,2152,RINALDI DIGILIO
PL 443/2024,1,1999,PROFESSOR TONINHO VESPOLI
PL 444/2024,1,2229,RICARDO NUNES
PL 445/2024,1,2229,RICARDO NUNES
PL 446/2024,1,1635,DRA. SANDRA TADEU
PL 446/2024,2,1999,PROFESSOR TONINHO VESPOLI
PL 446/2024,3,2159,RUTE COSTA
PL 446/2024,4,2217,SANSÃO PEREIRA
PL 446/2024,5,2218,THAMMY MIRANDA
PL 446/2024,6,2270,PASTORA SANDRA ALVES
PL 446/2024,7,2279,SILVINHO LEITE
PL 447/2024,1,776,ELISEU GABRIEL
PL 448/2024,1,224,AURÉLIO NOMURA
PL 449/2024,1,2146,GILBERTO NASCIMENTO
PL 449/2024,2,2279,SILVINHO LEITE
PL 450/2024,1,2153,RODRIGO GOULART
PL 450/2024,2,2218,THAMMY MIRANDA
PL 451/2024,1,155,ARSELINO TATTO
PL 452/2024,1,2146,GILBERTO NASCIMENTO
PL 453/2024,1,2219,MARCELO MESSIAS
PL 454/2024,1,2209,DANILO DO POSTO DE SAÚDE
PL 455/2024,1,2208,ELAINE DO QUILOMBO PERIFÉRICO
PL 456/2024,1,2229,RICARDO NUNES
PL 457/2024,1,776,ELISEU GABRIEL
PL 458/2024,1,2217,SANSÃO PEREIRA
PL 458/2024,2,2219,MARCELO MESSIAS
PL 459/2024,1,187,GILSON BARRETO
PL 460/2024,1,2180,MANOEL DEL RIO
PL 461/2024,1,224,AURÉLIO NOMURA
PL 461/2024,2,2146,GILBERTO NASCIMENTO
PL 461/2024,3,2221,ELI CORRÊA
PL 461/2024,4,2250,CORONEL SALLES
PL 461/2024,5,2256,HÉLIO RODRIGUES
PL 462/2024,1,2146,GILBERTO NASCIMENTO
PL 463/2024,1,1349,SENIVAL MOURA
PL 463/2024,2,2160,JOÃO JORGE
PL 463/2024,3,2279,SILVINHO LEITE
PL 464/2024,1,2208,ELAINE DO QUILOMBO PERIFÉRICO
PL 465/2024,1,2217,SANSÃO PEREIRA
PL 465/2024,2,2218,THAMMY MIRANDA
PL 465/2024,3,2224,SANDRA SANTANA
PL 465/2024,4,2276,SILVÃO LEITE
PL 466/2024,1,1999,PROFESSOR TONINHO VESPOLI
PL 467/2024,1,155,ARSELINO TATTO
PL 468/2024,1,2160,JOÃO JORGE
PL 469/2024,1,2160,JOÃO JORGE
PL 470/2024,1,2160,JOÃO JORGE
PL 471/2024,1,2211,SIDNEY CRUZ
PL 472/2024,1,2216,SONAIRA FERNANDES
PL 473/2024,1,2160,JOÃO JORGE
PL 474/2024,1,2222,CRIS MONTEIRO
PL 475/2024,1,187,GILSON BARRETO
PL 476/2024,1,2219,MARCELO MESSIAS
PL 477/2024,1,776,ELISEU GABRIEL
PL 478/2024,1,2180,MANOEL DEL RIO
PL 479/2024,1,2155,JANAÍNA LIMA
PL 481/2024,1,2160,JOÃO JORGE
PL 481/2024,2,2216,SONAIRA FERNANDES
PL 481/2024,3,2218,THAMMY MIRANDA
PL 481/2024,4,2219,MARCELO MESSIAS
PL 481/2024,5,2278,KEIT LIMA
PL 481/2024,6,2279,SILVINHO LEITE
PL 482/2024,1,2219,MARCELO MESSIAS
PL 484/2024,1,273,MILTON LEITE
PL 484/2024,2,1349,SENIVAL MOURA
PL 484/2024,3,1635,DRA. SANDRA TADEU
PL 484/2024,4,1999,PROFESSOR TONINHO VESPOLI
PL 484/2024,5,2000,ALESSANDRO GUEDES
PL 484/2024,6,2001,JAIR TATTO
PL 484/2024,7,2147,ISAC FÉLIX
PL 484/2024,8,2158,XEXÉU TRIPOLI
PL 484/2024,9,2205,LUANA ALVES
PL 484/2024,10,2211,SIDNEY CRUZ
PL 484/2024,11,2218,THAMMY MIRANDA
PL 484/2024,12,2221,ELI CORRÊA
PL 484/2024,13,2222,CRIS MONTEIRO
PL 484/2024,14,2243,DR. ADRIANO SANTOS
PL 484/2024,15,2248,JUSSARA BASSO
PL 484/2024,16,2249,NUNES PEIXEIRO
PL 484/2024,17,2254,LUNA ZARATTINI
PL 484/2024,18,2255,JOÃO ANANIAS
PL 485/2024,1,2000,ALESSANDRO GUEDES
PL 486/2024,1,776,ELISEU GABRIEL
PL 486/2024,2,936,NABIL BONDUKI
PL 486/2024,3,2228,RENATA FALZONI
PL 486/2024,4,2269,MARINA BRAGANTE
PL 486/2024,5,2288,ANDRÉ SOUZA
PL 487/2024,1,155,ARSELINO TATTO
PL 488/2024,1,1349,SENIVAL MOURA
PL 489/2024,1,1999,PROFESSOR TONINHO VESPOLI
PL 490/2024,1,1487,RICARDO TEIXEIRA
PL 491/2024,1,1647,EDIR SALES
PL 491/2024,2,2218,THAMMY MIRANDA
PL 491/2024,3,2276,SILVÃO LEITE
PL 491/2024,4,2279,SILVINHO LEITE
PL 492/2024,1,1999,PROFESSOR TONINHO VESPOLI
PL 492/2024,2,2001,JAIR TATTO
PL 492/2024,3,2218,THAMMY MIRANDA
PL 492/2024,4,2254,LUNA ZARATTINI
PL 492/2024,5,2278,KEIT LIMA
PL 492/2024,6,2279,SILVINHO LEITE
PL 493/2024,1,2001,JAIR TATTO
PL 493/2024,2,2278,KEIT LIMA
PL 494/2024,1,2001,JAIR TATTO
PL 495/2024,1,2150,ANDRÉ SANTOS
PL 495/2024,2,2217,SANSÃO PEREIRA
PL 495/2024,3,2224,SANDRA SANTANA
PL 496/2024,1,1647,EDIR SALES
PL 497/2024,1,2185,CELSO GIANNAZI
PL 497/2024,2,2210,ELY TERUEL
PL 498/2024,1,2185,CELSO GIANNAZI
PL 499/2024,1,2208,ELAINE DO QUILOMBO PERIFÉRICO
PL 500/2024,1,1487,RICARDO TEIXEIRA
PL 501/2024,1,1487,RICARDO TEIXEIRA
PL 502/2024,1,1635,DRA. SANDRA TADEU
PL 502/2024,2,2219,MARCELO MESSIAS
PL 502/2024,3,2279,SILVINHO LEITE
PL 503/2024,1,2205,LUANA ALVES
PL 504/2024,1,2219,MARCELO MESSIAS
PL 504/2024,2,2279,SILVINHO LEITE
PL 505/2024,1,2219,MARCELO MESSIAS
PL 505/2024,2,2279,SILVINHO LEITE
PL 506/2024,1,2159,RUTE COSTA
PL 507/2024,1,1635,DRA. SANDRA TADEU
PL 508/2024,1,2144,FABIO RIVA
PL 509/2024,1,267,PAULO FRANGE
PL 510/2024,1,2215,MARLON LUZ
PL 511/2024,1,2250,CORONEL SALLES
PL 512/2024,1,2185,CELSO GIANNAZI
PL 513/2024,1,2146,GILBERTO NASCIMENTO
PL 514/2024,1,2180,MANOEL DEL RIO
PL 515/2024,1,2180,MANOEL DEL RIO
PL 516/2024,1,1999,PROFESSOR TONINHO VESPOLI
PL 517/2024,1,187,GILSON BARRETO
PL 518/2024,1,2180,MANOEL DEL RIO
PL 519/2024,1,155,ARSELINO TATTO
PL 520/2024,1,1999,PROFESSOR TONINHO VESPOLI
PL 520/2024,2,2219,MARCELO MESSIAS
PL 521/2024,1,2250,CORONEL SALLES
PL 522/2024,1,2147,ISAC FÉLIX
PL 523/2024,1,2180,MANOEL DEL RIO
PL 524/2024,1,2255,JOÃO ANANIAS
PL 524/2024,2,2272,DHEISON SILVA
PL 525/2024,1,1487,RICARDO TEIXEIRA
PL 526/2024,1,1487,RICARDO TEIXEIRA
PL 527/2024,1,1487,RICARDO TEIXEIRA
PL 528/2024,1,1635,DRA. SANDRA TADEU
PL 528/2024,2,2228,RENATA FALZONI
PL 529/2024,1,1487,RICARDO TEIXEIRA
PL 530/2024,1,2208,ELAINE DO QUILOMBO PERIFÉRICO
PL 531/2024,1,2208,ELAINE DO QUILOMBO PERIFÉRICO
PL 532/2024,1,2150,ANDRÉ SANTOS
PL 534/2024,1,155,ARSELINO TATTO
PL 535/2024,1,2146,GILBERTO NASCIMENTO
PL 535/2024,2,2250,CORONEL SALLES
PL 536/2024,1,2185,CELSO GIANNAZI
PL 537/2024,1,2222,CRIS MONTEIRO
PL 538/2024,1,2215,MARLON LUZ
PL 539/2024,1,2215,MARLON LUZ
PL 540/2024,1,2147,ISAC FÉLIX
PL 541/2024,1,2147,ISAC FÉLIX
PL 542/2024,1,2147,ISAC FÉLIX
PL 543/2024,1,2147,ISAC FÉLIX
PL 544/2024,1,2147,ISAC FÉLIX
PL 545/2024,1,1635,DRA. SANDRA TADEU
PL 546/2024,1,1635,DRA. SANDRA TADEU
PL 547/2024,1,1349,SENIVAL MOURA
PL 548/2024,1,1349,SENIVAL MOURA
PL 550/2024,1,2250,CORONEL SALLES
PL 551/2024,1,155,ARSELINO TATTO
PL 552/2024,1,2001,JAIR TATTO
PL 552/2024,2,2243,DR. ADRIANO SANTOS
PL 552/2024,3,2254,LUNA ZARATTINI
PL 553/2024,1,155,ARSELINO TATTO
PL 554/2024,1,155,ARSELINO TATTO
PL 556/2024,1,2001,JAIR TATTO
PL 556/2024,2,2243,DR. ADRIANO SANTOS
PL 557/2024,1,155,ARSELINO TATTO
PL 558/2024,1,155,ARSELINO TATTO
PL 559/2024,1,155,ARSELINO TATTO
PL 560/2024,1,155,ARSELINO TATTO
PL 561/2024,1,187,GILSON BARRETO
PL 562/2024,1,155,ARSELINO TATTO
PL 563/2024,1,2000,ALESSANDRO GUEDES
PL 564/2024,1,2215,MARLON LUZ
PL 565/2024,1,2206,SILVIA DA BANCADA FEMINISTA
PL 566/2024,1,2214,RUBINHO NUNES
PL 567/2024,1,776,ELISEU GABRIEL
PL 568/2024,1,2248,JUSSARA BASSO
PL 569/2024,1,2146,GILBERTO NASCIMENTO
PL 570/2024,1,2248,JUSSARA BASSO
PL 571/2024,1,2206,SILVIA DA BANCADA FEMINISTA
PL 572/2024,1,2152,RINALDI DIGILIO
PL 573/2024,1,2206,SILVIA DA BANCADA FEMINISTA
PL 573/2024,2,2279,SILVINHO LEITE
PL 574/2024,1,2229,RICARDO NUNES
PL 575/2024,1,2206,SILVIA DA BANCADA FEMINISTA
PL 575/2024,2,2278,KEIT LIMA
PL 576/2024,1,936,NABIL BONDUKI
PL 576/2024,2,1349,SENIVAL MOURA
PL 576/2024,3,2205,LUANA ALVES
PL 576/2024,4,2206,SILVIA DA BANCADA FEMINISTA
PL 576/2024,5,2218,THAMMY MIRANDA
PL 576/2024,6,2228,RENATA FALZONI
PL 576/2024,7,2254,LUNA ZARATTINI
PL 576/2024,8,2255,JOÃO ANANIAS
PL 576/2024,9,2267,AMANDA PASCHOAL
PL 576/2024,10,2269,MARINA BRAGANTE
PL 576/2024,11,2277,JANAINA PASCHOAL
PL 576/2024,12,2278,KEIT LIMA
PL 577/2024,1,696,CARLOS BEZERRA JR.
PL 577/2024,2,1999,PROFESSOR TONINHO VESPOLI
PL 577/2024,3,2147,ISAC FÉLIX
PL 577/2024,4,2217,SANSÃO PEREIRA
PL 577/2024,5,2224,SANDRA SANTANA
PL 577/2024,6,2228,RENATA FALZONI
PL 577/2024,7,2269,MARINA BRAGANTE
PL 577/2024,8,2276,SILVÃO LEITE
PL 577/2024,9,2278,KEIT LIMA
PL 577/2024,10,2279,SILVINHO LEITE
PL 577/2024,11,2288,ANDRÉ SOUZA
PL 578/2024,1,2249,NUNES PEIXEIRO
PL 579/2024,1,2150,ANDRÉ SANTOS
PL 580/2024,1,776,ELISEU GABRIEL
PL 580/2024,2,2276,SILVÃO LEITE
PL 581/2024,1,2185,CELSO GIANNAZI
PL 582/2024,1,2248,JUSSARA BASSO
PL 583/2024,1,2208,ELAINE DO QUILOMBO PERIFÉRICO
PL 583/2024,2,2254,LUNA ZARATTINI
PL 584/2024,1,2159,RUTE COSTA
PL 585/2024,1,1487,RICARDO TEIXEIRA
PL 586/2024,1,2159,RUTE COSTA
PL 587/2024,1,2159,RUTE COSTA
PL 588/2024,1,2159,RUTE COSTA
PL 589/2024,1,155,ARSELINO TATTO
PL 590/2024,1,2208,ELAINE DO QUILOMBO PERIFÉRICO
PL 591/2024,1,2206,SILVIA DA BANCADA FEMINISTA
PL 592/2024,1,2153,RODRIGO GOULART
PL 592/2024,2,2218,THAMMY MIRANDA
PL 594/2024,1,776,ELISEU GABRIEL
PL 595/2024,1,776,ELISEU GABRIEL
PL 596/2024,1,2216,SONAIRA FERNANDES
PL 597/2024,1,1487,RICARDO TEIXEIRA
PL 598/2024,1,1487,RICARDO TEIXEIRA
PL 599/2024,1,2208,ELAINE DO QUILOMBO PERIFÉRICO
PL 600/2024,1,2209,DANILO DO POSTO DE SAÚDE
PL 601/2024,1,2146,GILBERTO NASCIMENTO
PL 602/2024,1,2160,JOÃO JORGE
PL 602/2024,2,2214,RUBINHO NUNES
PL 603/2024,1,2185,CELSO GIANNAZI
PL 603/2024,2,2276,SILVÃO LEITE
PL 604/2024,1,2152,RINALDI DIGILIO
PL 605/2024,1,2219,MARCELO MESSIAS
PL 606/2024,1,1635,DRA. SANDRA TADEU
PL 607/2024,1,2153,RODRIGO GOULART
PL 607/2024,2,2218,THAMMY MIRANDA
PL 608/2024,1,2153,RODRIGO GOULART
PL 608/2024,2,2218,THAMMY MIRANDA
PL 608/2024,3,2279,SILVINHO LEITE
PL 609/2024,1,1349,SENIVAL MOURA
PL 610/2024,1,224,AURÉLIO NOMURA
PL 611/2024,1,155,ARSELINO TATTO
PL 612/2024,1,2205,LUANA ALVES
PL 613/2024,1,2205,LUANA ALVES
PL 614/2024,1,2248,JUSSARA BASSO
PL 615/2024,1,2250,CORONEL SALLES
PL 617/2024,1,2256,HÉLIO RODRIGUES
PL 618/2024,1,696,CARLOS BEZERRA JR.
PL 619/2024,1,2160,JOÃO JORGE
PL 620/2024,1,776,ELISEU GABRIEL
PL 621/2024,1,776,ELISEU GABRIEL
PL 622/2024,1,2146,GILBERTO NASCIMENTO
PL 622/2024,2,2185,CELSO GIANNAZI
PL 623/2024,1,2146,GILBERTO NASCIMENTO
PL 623/2024,2,2150,ANDRÉ SANTOS
PL 624/2024,1,776,ELISEU GABRIEL
PL 625/2024,1,2160,JOÃO JORGE
PL 626/2024,1,2185,CELSO GIANNAZI
PL 627/2024,1,2205,LUANA ALVES
PL 628/2024,1,2219,MARCELO MESSIAS
PL 629/2024,1,155,ARSELINO TATTO
PL 630/2024,1,2219,MARCELO MESSIAS
PL 630/2024,2,2250,CORONEL SALLES
PL 631/2024,1,1487,RICARDO TEIXEIRA
PL 632/2024,1,776,ELISEU GABRIEL
PL 633/2024,1,776,ELISEU GABRIEL
PL 634/2024,1,2208,ELAINE DO QUILOMBO PERIFÉRICO
PL 635/2024,1,2215,MARLON LUZ
PL 637/2024,1,2215,MARLON LUZ
PL 637/2024,2,2219,MARCELO MESSIAS
PL 639/2024,1,2250,CORONEL SALLES
PL 640/2024,1,2215,MARLON LUZ
PL 641/2024,1,2215,MARLON LUZ
PL 642/2024,1,155,ARSELINO TATTO
PL 643/2024,1,155,ARSELINO TATTO
PL 644/2024,1,155,ARSELINO TATTO
PL 645/2024,1,2255,JOÃO ANANIAS
PL 646/2024,1,2215,MARLON LUZ
PL 647/2024,1,2217,SANSÃO PEREIRA
PL 648/2024,1,2217,SANSÃO PEREIRA
PL 649/2024,1,2150,ANDRÉ SANTOS
PL 649/2024,2,2217,SANSÃO PEREIRA
PL 649/2024,3,2279,SILVINHO LEITE
PL 650/2024,1,2215,MARLON LUZ
PL 651/2024,1,776,ELISEU GABRIEL
PL 652/2024,1,1999,PROFESSOR TONINHO VESPOLI
PL 652/2024,2,2278,KEIT LIMA
PL 653/2024,1,2217,SANSÃO PEREIRA
PL 654/2024,1,155,ARSELINO TATTO
PL 656/2024,1,2147,ISAC FÉLIX
PL 656/2024,2,2219,MARCELO MESSIAS
PL 657/2024,1,1636,DR. MILTON FERREIRA
PL 657/2024,2,2279,SILVINHO LEITE
PL 658/2024,1,155,ARSELINO TATTO
PL 659/2024,1,2250,CORONEL SALLES
PL 660/2024,1,2215,MARLON LUZ
PL 661/2024,1,2215,MARLON LUZ
PL 662/2024,1,2215,MARLON LUZ
PL 663/2024,1,2215,MARLON LUZ
PL 664/2024,1,155,ARSELINO TATTO
PL 665/2024,1,2150,ANDRÉ SANTOS
PL 665/2024,2,2276,SILVÃO LEITE
PL 666/2024,1,2215,MARLON LUZ
PL 667/2024,1,2215,MARLON LUZ
PL 668/2024,1,2217,SANSÃO PEREIRA
PL 668/2024,2,2278,KEIT LIMA
PL 669/2024,1,1487,RICARDO TEIXEIRA
PL 670/2024,1,2215,MARLON LUZ
PL 671/2024,1,2180,MANOEL DEL RIO
PL 672/2024,1,2180,MANOEL DEL RIO
PL 673/2024,1,2150,ANDRÉ SANTOS
PL 673/2024,2,2160,JOÃO JORGE
PL 673/2024,3,2217,SANSÃO PEREIRA
PL 673/2024,4,2219,MARCELO MESSIAS
PL 673/2024,5,2224,SANDRA SANTANA
PL 674/2024,1,2205,LUANA ALVES
PL 675/2024,1,2215,MARLON LUZ
PL 676/2024,1,2217,SANSÃO PEREIRA
PL 676/2024,2,2276,SILVÃO LEITE
PL 676/2024,3,2278,KEIT LIMA
PL 676/2024,4,2279,SILVINHO LEITE
PL 677/2024,1,2217,SANSÃO PEREIRA
PL 677/2024,2,2278,KEIT LIMA
PL 677/2024,3,2279,SILVINHO LEITE
PL 678/2024,1,2217,SANSÃO PEREIRA
PL 678/2024,2,2279,SILVINHO LEITE
PL 679/2024,1,2217,SANSÃO PEREIRA
PL 679/2024,2,2224,SANDRA SANTANA
PL 679/2024,3,2278,KEIT LIMA
PL 680/2024,1,2150,ANDRÉ SANTOS
PL 680/2024,2,2217,SANSÃO PEREIRA
PL 680/2024,3,2219,MARCELO MESSIAS
PL 680/2024,4,2278,KEIT LIMA
PL 680/2024,5,2279,SILVINHO LEITE
PL 681/2024,1,267,PAULO FRANGE
PL 681/2024,2,2153,RODRIGO GOULART
PL 681/2024,3,2218,THAMMY MIRANDA
PL 681/2024,4,2219,MARCELO MESSIAS
PL 682/2024,1,2219,MARCELO MESSIAS
PL 683/2024,1,2144,FABIO RIVA
PL 684/2024,1,2217,SANSÃO PEREIRA
PL 685/2024,1,2217,SANSÃO PEREIRA
PL 685/2024,2,2278,KEIT LIMA
PL 685/2024,3,2279,SILVINHO LEITE
PL 686/2024,1,2217,SANSÃO PEREIRA
PL 687/2024,1,2215,MARLON LUZ
PL 688/2024,1,776,ELISEU GABRIEL
PL 689/2024,1,2185,CELSO GIANNAZI
PL 690/2024,1,2248,JUSSARA BASSO
PL 691/2024,1,2185,CELSO GIANNAZI
PL 692/2024,1,2215,MARLON LUZ
PL 693/2024,1,2215,MARLON LUZ
PL 694/2024,1,56,"COMISSÃO DE CONSTITUIÇÃO, JUSTIÇA E LEGISLAÇÃO PARTICIPATIVA"
PL 695/2024,1,187,GILSON BARRETO
PL 696/2024,1,2215,MARLON LUZ
PL 697/2024,1,2215,MARLON LUZ
PL 698/2024,1,776,ELISEU GABRIEL
PL 700/2024,1,2218,THAMMY MIRANDA
PL 700/2024,2,2219,MARCELO MESSIAS
PL 701/2024,1,1636,DR. MILTON FERREIRA
PL 701/2024,2,2210,ELY TERUEL
PL 701/2024,3,2279,SILVINHO LEITE
PL 702/2024,1,2215,MARLON LUZ
PL 703/2024,1,2217,SANSÃO PEREIRA
PL 703/2024,2,2224,SANDRA SANTANA
PL 704/2024,1,2217,SANSÃO PEREIRA
PL 705/2024,1,2217,SANSÃO PEREIRA
PL 706/2024,1,2217,SANSÃO PEREIRA
PL 706/2024,2,2278,KEIT LIMA
PL 706/2024,3,2279,SILVINHO LEITE
PL 707/2024,1,2217,SANSÃO PEREIRA
PL 708/2024,1,2248,JUSSARA BASSO
PL 709/2024,1,2215,MARLON LUZ
PL 710/2024,1,2206,SILVIA DA BANCADA FEMINISTA
PL 711/2024,1,2254,LUNA ZARATTINI
PL 711/2024,2,2279,SILVINHO LEITE
PL 712/2024,1,2215,MARLON LUZ
PL 713/2024,1,776,ELISEU GABRIEL
PL 713/2024,2,2150,ANDRÉ SANTOS
PL 713/2024,3,2160,JOÃO JORGE
PL 713/2024,4,2274,SARGENTO NANTES
PL 713/2024,5,2278,KEIT LIMA
PL 713/2024,6,2279,SILVINHO LEITE
PL 714/2024,1,2001,JAIR TATTO
PL 714/2024,2,2243,DR. ADRIANO SANTOS
PL 715/2024,1,2215,MARLON LUZ
PL 716/2024,1,2215,MARLON LUZ
PL 717/2024,1,2215,MARLON LUZ
PL 718/2024,1,2001,JAIR TATTO
PL 718/2024,2,2243,DR. ADRIANO SANTOS
PL 719/2024,1,2001,JAIR TATTO
PL 719/2024,2,2243,DR. ADRIANO SANTOS
PL 720/2024,1,273,MILTON LEITE
PL 720/2024,2,2219,MARCELO MESSIAS
PL 720/2024,3,2270,PASTORA SANDRA ALVES
PL 720/2024,4,2276,SILVÃO LEITE
PL 720/2024,5,2279,SILVINHO LEITE
PL 721/2024,1,224,AURÉLIO NOMURA
PL 722/2024,1,776,ELISEU GABRIEL
PL 723/2024,1,2160,JOÃO JORGE
PL 724/2024,1,2206,SILVIA DA BANCADA FEMINISTA
PL 725/2024,1,1999,PROFESSOR TONINHO VESPOLI
PL 726/2024,1,1999,PROFESSOR TONINHO VESPOLI
PL 727/2024,1,2248,JUSSARA BASSO
PL 728/2024,1,2256,HÉLIO RODRIGUES
PL 729/2024,1,2229,RICARDO NUNES
PL 730/2024,1,776,ELISEU GABRIEL
PL 731/2024,1,776,ELISEU GABRIEL
PL 732/2024,1,2155,JANAÍNA LIMA
PL 733/2024,1,2215,MARLON LUZ
PL 734/2024,1,2146,GILBERTO NASCIMENTO
PL 734/2024,2,2152,RINALDI DIGILIO
PL 735/2024,1,776,ELISEU GABRIEL
PL 736/2024,1,776,ELISEU GABRIEL
PL 737/2024,1,2219,MARCELO MESSIAS
PL 738/2024,1,2180,MANOEL DEL RIO
PL 739/2024,1,2217,SANSÃO PEREIRA
PL 740/2024,1,2147,ISAC FÉLIX
PL 741/2024,1,2147,ISAC FÉLIX
PL 741/2024,2,2219,MARCELO MESSIAS
PL 741/2024,3,2224,SANDRA SANTANA
PL 742/2024,1,1487,RICARDO TEIXEIRA
PL 743/2024,1,2147,ISAC FÉLIX
PL 743/2024,2,2152,RINALDI DIGILIO
PL 743/2024,3,2159,RUTE COSTA
PL 744/2024,1,2147,ISAC FÉLIX
PL 744/2024,2,2152,RINALDI DIGILIO
PL 744/2024,3,2159,RUTE COSTA
PL 745/2024,1,2185,CELSO GIANNAZI
PL 746/2024,1,2205,LUANA ALVES
PL 747/2024,1,1487,RICARDO TEIXEIRA
PL 748/2024,1,1487,RICARDO TEIXEIRA
PL 748/2024,2,2218,THAMMY MIRANDA
PL 748/2024,3,2279,SILVINHO LEITE
PL 749/2024,1,273,MILTON LEITE
PL 750/2024,1,1487,RICARDO TEIXEIRA
PL 751/2024,1,1487,RICARDO TEIXEIRA
PL 752/2024,1,2216,SONAIRA FERNANDES
PL 753/2024,1,2216,SONAIRA FERNANDES
PL 754/2024,1,1635,DRA. SANDRA TADEU
PL 754/2024,2,2216,SONAIRA FERNANDES
PL 754/2024,3,2218,THAMMY MIRANDA
PL 754/2024,4,2219,MARCELO MESSIAS
PL 754/2024,5,2279,SILVINHO LEITE
PL 755/2024,1,2210,ELY TERUEL
PL 755/2024,2,2216,SONAIRA FERNANDES
PL 755/2024,3,2279,SILVINHO LEITE
PL 756/2024,1,2216,SONAIRA FERNANDES
PL 757/2024,1,2216,SONAIRA FERNANDES
PL 758/2024,1,2159,RUTE COSTA
PL 759/2024,1,273,MILTON LEITE
PL 759/2024,2,2270,PASTORA SANDRA ALVES
PL 759/2024,3,2276,SILVÃO LEITE
PL 759/2024,4,2279,SILVINHO LEITE
PL 760/2024,1,2159,RUTE COSTA
PL 761/2024,1,2217,SANSÃO PEREIRA
PL 762/2024,1,2217,SANSÃO PEREIRA
PL 762/2024,2,2279,SILVINHO LEITE
PL 763/2024,1,2217,SANSÃO PEREIRA
PL 764/2024,1,2217,SANSÃO PEREIRA
PL 765/2024,1,2217,SANSÃO PEREIRA
PL 765/2024,2,2219,MARCELO MESSIAS
PL 765/2024,3,2276,SILVÃO LEITE
PL 766/2024,1,2217,SANSÃO PEREIRA
PL 766/2024,2,2218,THAMMY MIRANDA
PL 767/2024,1,2217,SANSÃO PEREIRA
PL 767/2024,2,2219,MARCELO MESSIAS
PL 767/2024,3,2221,ELI CORRÊA
PL 767/2024,4,2279,SILVINHO LEITE
PL 768/2024,1,2217,SANSÃO PEREIRA
PL 769/2024,1,1647,EDIR SALES
PL 769/2024,2,2150,ANDRÉ SANTOS
PL 769/2024,3,2216,SONAIRA FERNANDES
PL 769/2024,4,2218,THAMMY MIRANDA
PL 769/2024,5,2219,MARCELO MESSIAS
PL 769/2024,6,2221,ELI CORRÊA
PL 769/2024,7,2224,SANDRA SANTANA
PL 769/2024,8,2271,ANA CAROLINA OLIVEIRA
PL 770/2024,1,2150,ANDRÉ SANTOS
PL 770/2024,2,2219,MARCELO MESSIAS
PL 770/2024,3,2224,SANDRA SANTANA
PL 770/2024,4,2279,SILVINHO LEITE
PL 771/2024,1,2153,RODRIGO GOULART
PL 771/2024,2,2218,THAMMY MIRANDA
PL 771/2024,3,2224,SANDRA SANTANA
PL 772/2024,1,2217,SANSÃO PEREIRA
PL 773/2024,1,2217,SANSÃO PEREIRA
PL 774/2024,1,224,AURÉLIO NOMURA
PL 774/2024,2,676,ATÍLIO FRANCISCO
PL 774/2024,3,1636,DR. MILTON FERREIRA
PL 774/2024,4,2146,GILBERTO NASCIMENTO
PL 774/2024,5,2147,ISAC FÉLIX
PL 774/2024,6,2150,ANDRÉ SANTOS
PL 774/2024,7,2153,RODRIGO GOULART
PL 774/2024,8,2215,MARLON LUZ
PL 774/2024,9,2216,SONAIRA FERNANDES
PL 774/2024,10,2217,SANSÃO PEREIRA
PL 774/2024,11,2218,THAMMY MIRANDA
PL 774/2024,12,2219,MARCELO MESSIAS
PL 774/2024,13,2249,NUNES PEIXEIRO
PL 774/2024,14,2250,CORONEL SALLES
PL 775/2024,1,2216,SONAIRA FERNANDES
PL 775/2024,2,2282,LUCAS PAVANATO
PL 776/2024,1,2216,SONAIRA FERNANDES
PL 777/2024,1,2001,JAIR TATTO
PL 777/2024,2,2218,THAMMY MIRANDA
PL 778/2024,1,2001,JAIR TATTO
PL 778/2024,2,2278,KEIT LIMA
PL 779/2024,1,2205,LUANA ALVES
PL 781/2024,1,2224,SANDRA SANTANA
PL 782/2024,1,2224,SANDRA SANTANA
PL 783/2024,1,2146,GILBERTO NASCIMENTO
PL 784/2024,1,1635,DRA. SANDRA TADEU
PL 784/2024,2,1636,DR. MILTON FERREIRA
PL 784/2024,3,1647,EDIR SALES
PL 784/2024,4,2217,SANSÃO PEREIRA
PL 784/2024,5,2218,THAMMY MIRANDA
PL 784/2024,6,2224,SANDRA SANTANA
PL 784/2024,7,2279,SILVINHO LEITE
PL 785/2024,1,2146,GILBERTO NASCIMENTO
PL 786/2024,1,2219,MARCELO MESSIAS
PL 787/2024,1,1487,RICARDO TEIXEIRA
PL 788/2024,1,2001,JAIR TATTO
PL 788/2024,2,2243,DR. ADRIANO SANTOS
PL 789/2024,1,2180,MANOEL DEL RIO
PL 789/2024,2,2272,DHEISON SILVA
PL 790/2024,1,2256,HÉLIO RODRIGUES
PL 791/2024,1,267,PAULO FRANGE
PL 792/2024,1,1296,ADILSON AMADEU
PL 793/2024,1,2205,LUANA ALVES
PL 794/2024,1,776,ELISEU GABRIEL
PL 795/2024,1,776,ELISEU GABRIEL
PL 796/2024,1,776,ELISEU GABRIEL
PL 797/2024,1,776,ELISEU GABRIEL
PL 798/2024,1,1635,DRA. SANDRA TADEU
PL 799/2024,1,2229,RICARDO NUNES
PL 800/2024,1,2248,JUSSARA BASSO
PL 801/2024,1,2229,RICARDO NUNES
PL 802/2024,1,2263,MESA DA CAMARA MUNICIPAL DE SAO PAULO
PL 803/2024,1,308,TRIBUNAL DE CONTAS DO MUNICIPIO
PL 804/2024,1,2256,HÉLIO RODRIGUES
PL 805/2024,1,2205,LUANA ALVES
PL 806/2024,1,2205,LUANA ALVES
PL 807/2024,1,2185,CELSO GIANNAZI
PL 808/2024,1,2205,LUANA ALVES
PL 809/2024,1,2206,SILVIA DA BANCADA FEMINISTA
PL 810/2024,1,1635,DRA. SANDRA TADEU
PL 810/2024,2,2269,MARINA BRAGANTE
PL 810/2024,3,2279,SILVINHO LEITE
PL 811/2024,1,776,ELISEU GABRIEL
PL 812/2024,1,2185,CELSO GIANNAZI
PL 813/2024,1,2185,CELSO GIANNAZI
PL 814/2024,1,155,ARSELINO TATTO
PL 815/2024,1,776,ELISEU GABRIEL
PL 815/2024,2,2274,SARGENTO NANTES
PL 816/2024,1,2144,FABIO RIVA
PL 817/2024,1,2144,FABIO RIVA
PL 818/2024,1,2229,RICARDO NUNES
PL 819/2024,1,776,ELISEU GABRIEL
PL 820/2024,1,187,GILSON BARRETO
PL 821/2024,1,2222,CRIS MONTEIRO
PL 822/2024,1,2206,SILVIA DA BANCADA FEMINISTA
PL 822/2024,2,2254,LUNA ZARATTINI
PL 823/2024,1,2229,RICARDO NUNES
PL 824/2024,1,1487,RICARDO TEIXEIRA
PL 825/2024,1,273,MILTON LEITE
PL 826/2024,1,2229,RICARDO NUNES
PL 827/2024,1,2229,RICARDO NUNES
PL 828/2024,1,2216,SONAIRA FERNANDES
PL 829/2024,1,2218,THAMMY MIRANDA
PL 829/2024,2,2224,SANDRA SANTANA
PL 829/2024,3,2276,SILVÃO LEITE
PL 829/2024,4,2278,KEIT LIMA
PL 830/2024,1,1989,GEORGE HATO
PL 831/2024,1,2001,JAIR TATTO
PL 831/2024,2,2219,MARCELO MESSIAS
PL 832/2024,1,2001,JAIR TATTO
PL 833/2024,1,2001,JAIR TATTO
PL 834/2024,1,2001,JAIR TATTO
PL 835/2024,1,2229,RICARDO NUNES
PL 836/2024,1,2229,RICARDO NUNES
PL 837/2024,1,2229,RICARDO NUNES
PL 838/2024,1,2150,ANDRÉ SANTOS
PL 839/2024,1,2249,NUNES PEIXEIRO
PL 840/2024,1,2001,JAIR TATTO
PL 840/2024,2,2243,DR. ADRIANO SANTOS
PL 846/2024,1,2001,JAIR TATTO
PL 847/2024,1,2001,JAIR TATTO
PL 848/2024,1,2001,JAIR TATTO
PL 857/2024,1,2206,SILVIA DA BANCADA FEMINISTA
PL 892/2024,1,1636,DR. MILTON FERREIRA
PL 893/2024,1,2159,RUTE COSTA
PL 894/2024,1,1989,GEORGE HATO
PL 895/2024,1,2001,JAIR TATTO
PL 896/2024,1,1999,PROFESSOR TONINHO VESPOLI
PL 897/2024,1,2159,RUTE COSTA
PL 897/2024,2,2216,SONAIRA FERNANDES
PL 897/2024,3,2217,SANSÃO PEREIRA
PL 897/2024,4,2276,SILVÃO LEITE
PL 897/2024,5,2279,SILVINHO LEITE
PL 898/2024,1,2159,RUTE COSTA
PL 898/2024,2,2219,MARCELO MESSIAS
PL 898/2024,3,2282,LUCAS PAVANATO
PL 899/2024,1,2159,RUTE COSTA
PL 900/2024,1,2150,ANDRÉ SANTOS
PL 900/2024,2,2160,JOÃO JORGE
PL 900/2024,3,2211,SIDNEY CRUZ
PL 900/2024,4,2228,RENATA FALZONI
PL 900/2024,5,2270,PASTORA SANDRA ALVES
PL 900/2024,6,2279,SILVINHO LEITE
PL 901/2024,1,2211,SIDNEY CRUZ
PL 902/2024,1,2249,NUNES PEIXEIRO
PL 903/2024,1,2146,GILBERTO NASCIMENTO
PL 904/2024,1,2224,SANDRA SANTANA
PL 1/2025,1,2205,LUANA ALVES
PL 2/2025,1,1999,PROFESSOR TONINHO VESPOLI
PL 2/2025,2,2210,ELY TERUEL
PL 2/2025,3,2219,MARCELO MESSIAS
PL 2/2025,4,2268,AMANDA VETTORAZZO
PL 2/2025,5,2273,DR. MURILLO LIMA
PL 2/2025,6,2275,GABRIEL ABREU
PL 2/2025,7,2279,SILVINHO LEITE
PL 2/2025,8,2281,SIMONE GANEM
PL 3/2025,1,2268,AMANDA VETTORAZZO
PL 4/2025,1,2268,AMANDA VETTORAZZO
PL 5/2025,1,2282,LUCAS PAVANATO
PL 6/2025,1,2282,LUCAS PAVANATO
PL 7/2025,1,2282,LUCAS PAVANATO
PL 8/2025,1,2282,LUCAS PAVANATO
PL 9/2025,1,2216,SONAIRA FERNANDES
PL 9/2025,2,2282,LUCAS PAVANATO
PL 10/2025,1,2267,AMANDA PASCHOAL
PL 10/2025,2,2278,KEIT LIMA
PL 11/2025,1,2282,LUCAS PAVANATO
PL 12/2025,1,2254,LUNA ZARATTINI
PL 12/2025,2,2279,SILVINHO LEITE
PL 13/2025,1,2219,MARCELO MESSIAS
PL 14/2025,1,2219,MARCELO MESSIAS
PL 15/2025,1,2000,ALESSANDRO GUEDES
PL 16/2025,1,2146,GILBERTO NASCIMENTO
PL 16/2025,2,2160,JOÃO JORGE
PL 16/2025,3,2274,SARGENTO NANTES
PL 16/2025,4,2279,SILVINHO LEITE
PL 16/2025,5,2281,SIMONE GANEM
PL 17/2025,1,2280,KENJI ITO
PL 17/2025,2,2282,LUCAS PAVANATO
PL 18/2025,1,2282,LUCAS PAVANATO
PL 19/2025,1,2266,ADRILLES JORGE
PL 19/2025,2,2268,AMANDA VETTORAZZO
PL 20/2025,1,776,ELISEU GABRIEL
PL 21/2025,1,2269,MARINA BRAGANTE
PL 22/2025,1,2271,ANA CAROLINA OLIVEIRA
PL 22/2025,2,2280,KENJI ITO
PL 23/2025,1,1999,PROFESSOR TONINHO VESPOLI
PL 23/2025,2,2266,ADRILLES JORGE
PL 23/2025,3,2279,SILVINHO LEITE
PL 24/2025,1,2219,MARCELO MESSIAS
PL 25/2025,1,1635,DRA. SANDRA TADEU
PL 25/2025,2,2219,MARCELO MESSIAS
PL 26/2025,1,1487,RICARDO TEIXEIRA
PL 26/2025,2,2146,GILBERTO NASCIMENTO
PL 26/2025,3,2147,ISAC FÉLIX
PL 26/2025,4,2159,RUTE COSTA
PL 26/2025,5,2160,JOÃO JORGE
PL 26/2025,6,2210,ELY TERUEL
PL 26/2025,7,2214,RUBINHO NUNES
PL 26/2025,8,2216,SONAIRA FERNANDES
PL 26/2025,9,2221,ELI CORRÊA
PL 26/2025,10,2246,MAJOR PALUMBO
PL 26/2025,11,2266,ADRILLES JORGE
PL 26/2025,12,2268,AMANDA VETTORAZZO
PL 26/2025,13,2270,PASTORA SANDRA ALVES
PL 26/2025,14,2274,SARGENTO NANTES
PL 26/2025,15,2280,KENJI ITO
PL 26/2025,16,2281,SIMONE GANEM
PL 26/2025,17,2282,LUCAS PAVANATO
PL 26/2025,18,2283,ZOE MARTÍNEZ
PL 27/2025,1,2283,ZOE MARTÍNEZ
PL 28/2025,1,2266,ADRILLES JORGE
PL 30/2025,1,2214,RUBINHO NUNES
PL 30/2025,2,2282,LUCAS PAVANATO
PL 31/2025,1,2219,MARCELO MESSIAS
PL 32/2025,1,2224,SANDRA SANTANA
PL 33/2025,1,2146,GILBERTO NASCIMENTO
PL 33/2025,2,2210,ELY TERUEL
PL 33/2025,3,2219,MARCELO MESSIAS
PL 33/2025,4,2266,ADRILLES JORGE
PL 33/2025,5,2270,PASTORA SANDRA ALVES
PL 33/2025,6,2274,SARGENTO NANTES
PL 34/2025,1,2219,MARCELO MESSIAS
PL 35/2025,1,2219,MARCELO MESSIAS
PL 38/2025,1,2266,ADRILLES JORGE
PL 39/2025,1,2280,KENJI ITO
PL 40/2025,1,2255,JOÃO ANANIAS
PL 40/2025,2,2278,KEIT LIMA
PL 41/2025,1,2146,GILBERTO NASCIMENTO
PL 41/2025,2,2217,SANSÃO PEREIRA
PL 41/2025,3,2218,THAMMY MIRANDA
PL 41/2025,4,2219,MARCELO MESSIAS
PL 41/2025,5,2224,SANDRA SANTANA
PL 41/2025,6,2268,AMANDA VETTORAZZO
PL 41/2025,7,2274,SARGENTO NANTES
PL 41/2025,8,2279,SILVINHO LEITE
PL 41/2025,9,2282,LUCAS PAVANATO
PL 42/2025,1,2144,FABIO RIVA
PL 42/2025,2,2146,GILBERTO NASCIMENTO
PL 42/2025,3,2147,ISAC FÉLIX
PL 42/2025,4,2150,ANDRÉ SANTOS
PL 42/2025,5,2160,JOÃO JORGE
PL 42/2025,6,2270,PASTORA SANDRA ALVES
PL 42/2025,7,2279,SILVINHO LEITE
PL 42/2025,8,2281,SIMONE GANEM
PL 42/2025,9,2283,ZOE MARTÍNEZ
PL 43/2025,1,2283,ZOE MARTÍNEZ
PL 44/2025,1,2283,ZOE MARTÍNEZ
PL 45/2025,1,2267,AMANDA PASCHOAL
PL 46/2025,1,2267,AMANDA PASCHOAL
PL 47/2025,1,1999,PROFESSOR TONINHO VESPOLI
PL 47/2025,2,2267,AMANDA PASCHOAL
PL 47/2025,3,2278,KEIT LIMA
PL 48/2025,1,2267,AMANDA PASCHOAL
PL 49/2025,1,2214,RUBINHO NUNES
PL 49/2025,2,2217,SANSÃO PEREIRA
PL 49/2025,3,2266,ADRILLES JORGE
PL 49/2025,4,2270,PASTORA SANDRA ALVES
PL 50/2025,1,2146,GILBERTO NASCIMENTO
PL 50/2025,2,2159,RUTE COSTA
PL 50/2025,3,2214,RUBINHO NUNES
PL 50/2025,4,2274,SARGENTO NANTES
PL 51/2025,1,2214,RUBINHO NUNES
PL 52/2025,1,2277,JANAINA PASCHOAL
PL 53/2025,1,2214,RUBINHO NUNES
PL 53/2025,2,2280,KENJI ITO
PL 54/2025,1,2219,MARCELO MESSIAS
PL 54/2025,2,2279,SILVINHO LEITE
PL 55/2025,1,2282,LUCAS PAVANATO
PL 57/2025,1,2268,AMANDA VETTORAZZO
PL 57/2025,2,2279,SILVINHO LEITE
PL 57/2025,3,2283,ZOE MARTÍNEZ
PL 58/2025,1,2267,AMANDA PASCHOAL
PL 58/2025,2,2278,KEIT LIMA
PL 59/2025,1,2269,MARINA BRAGANTE
PL 60/2025,1,1635,DRA. SANDRA TADEU
PL 60/2025,2,2277,JANAINA PASCHOAL
PL 60/2025,3,2278,KEIT LIMA
PL 60/2025,4,2279,SILVINHO LEITE
PL 61/2025,1,2001,JAIR TATTO
PL 62/2025,1,2001,JAIR TATTO
PL 63/2025,1,2001,JAIR TATTO
PL 64/2025,1,936,NABIL BONDUKI
PL 64/2025,2,2000,ALESSANDRO GUEDES
PL 64/2025,3,2279,SILVINHO LEITE
PL 65/2025,1,2205,LUANA ALVES
PL 66/2025,1,2277,JANAINA PASCHOAL
PL 66/2025,2,2279,SILVINHO LEITE
PL 67/2025,1,2216,SONAIRA FERNANDES
PL 68/2025,1,2150,ANDRÉ SANTOS
PL 69/2025,1,1635,DRA. SANDRA TADEU
PL 69/2025,2,2159,RUTE COSTA
PL 69/2025,3,2210,ELY TERUEL
PL 69/2025,4,2214,RUBINHO NUNES
PL 69/2025,5,2216,SONAIRA FERNANDES
PL 69/2025,6,2217,SANSÃO PEREIRA
PL 69/2025,7,2270,PASTORA SANDRA ALVES
PL 69/2025,8,2279,SILVINHO LEITE
PL 69/2025,9,2282,LUCAS PAVANATO
PL 70/2025,1,2147,ISAC FÉLIX
PL 71/2025,1,2000,ALESSANDRO GUEDES
PL 72/2025,1,2150,ANDRÉ SANTOS
PL 73/2025,1,2282,LUCAS PAVANATO
PL 74/2025,1,2206,SILVIA DA BANCADA FEMINISTA
PL 75/2025,1,1635,DRA. SANDRA TADEU
PL 75/2025,2,2279,SILVINHO LEITE
PL 76/2025,1,2214,RUBINHO NUNES
PL 76/2025,2,2266,ADRILLES JORGE
PL 77/2025,1,2001,JAIR TATTO
PL 77/2025,2,2219,MARCELO MESSIAS
PL 77/2025,3,2228,RENATA FALZONI
PL 78/2025,1,2001,JAIR TATTO
PL 79/2025,1,2001,JAIR TATTO
PL 79/2025,2,2214,RUBINHO NUNES
PL 80/2025,1,2001,JAIR TATTO
PL 80/2025,2,2218,THAMMY MIRANDA
PL 80/2025,3,2219,MARCELO MESSIAS
PL 80/2025,4,2279,SILVINHO LEITE
PL 81/2025,1,2217,SANSÃO PEREIRA
PL 81/2025,2,2279,SILVINHO LEITE
PL 82/2025,1,1635,DRA. SANDRA TADEU
PL 82/2025,2,2210,ELY TERUEL
PL 82/2025,3,2219,MARCELO MESSIAS
PL 82/2025,4,2266,ADRILLES JORGE
PL 82/2025,5,2270,PASTORA SANDRA ALVES
PL 82/2025,6,2271,ANA CAROLINA OLIVEIRA
PL 82/2025,7,2276,SILVÃO LEITE
PL 82/2025,8,2277,JANAINA PASCHOAL
PL 82/2025,9,2278,KEIT LIMA
PL 82/2025,10,2279,SILVINHO LEITE
PL 83/2025,1,2150,ANDRÉ SANTOS
PL 83/2025,2,2218,THAMMY MIRANDA
PL 83/2025,3,2279,SILVINHO LEITE
PL 84/2025,1,2150,ANDRÉ SANTOS
PL 84/2025,2,2218,THAMMY MIRANDA
PL 84/2025,3,2278,KEIT LIMA
PL 84/2025,4,2279,SILVINHO LEITE
PL 84/2025,5,2281,SIMONE GANEM
PL 85/2025,1,2146,GILBERTO NASCIMENTO
PL 85/2025,2,2150,ANDRÉ SANTOS
PL 85/2025,3,2219,MARCELO MESSIAS
PL 85/2025,4,2270,PASTORA SANDRA ALVES
PL 85/2025,5,2271,ANA CAROLINA OLIVEIRA
PL 85/2025,6,2279,SILVINHO LEITE
PL 86/2025,1,2150,ANDRÉ SANTOS
PL 87/2025,1,2150,ANDRÉ SANTOS
PL 88/2025,1,2254,LUNA ZARATTINI
PL 88/2025,2,2267,AMANDA PASCHOAL
PL 89/2025,1,2150,ANDRÉ SANTOS
PL 90/2025,1,2216,SONAIRA FERNANDES
PL 91/2025,1,2283,ZOE MARTÍNEZ
PL 92/2025,1,2282,LUCAS PAVANATO
PL 93/2025,1,2282,LUCAS PAVANATO
PL 94/2025,1,2160,JOÃO JORGE
PL 94/2025,2,2210,ELY TERUEL
PL 94/2025,3,2216,SONAIRA FERNANDES
PL 94/2025,4,2266,ADRILLES JORGE
PL 94/2025,5,2269,MARINA BRAGANTE
PL 94/2025,6,2278,KEIT LIMA
PL 94/2025,7,2281,SIMONE GANEM
PL 94/2025,8,2282,LUCAS PAVANATO
PL 94/2025,9,2288,ANDRÉ SOUZA
PL 95/2025,1,2214,RUBINHO NUNES
PL 96/2025,1,2214,RUBINHO NUNES
PL 97/2025,1,2229,RICARDO NUNES
PL 98/2025,1,2216,SONAIRA FERNANDES
PL 99/2025,1,2216,SONAIRA FERNANDES
PL 100/2025,1,2216,SONAIRA FERNANDES
PL 101/2025,1,2216,SONAIRA FERNANDES
PL 102/2025,1,2216,SONAIRA FERNANDES
PL 103/2025,1,2267,AMANDA PASCHOAL
PL 104/2025,1,2282,LUCAS PAVANATO
PL 105/2025,1,1635,DRA. SANDRA TADEU
PL 105/2025,2,2222,CRIS MONTEIRO
PL 105/2025,3,2246,MAJOR PALUMBO
PL 105/2025,4,2279,SILVINHO LEITE
PL 106/2025,1,1635,DRA. SANDRA TADEU
PL 106/2025,2,2271,ANA CAROLINA OLIVEIRA
PL 106/2025,3,2278,KEIT LIMA
PL 106/2025,4,2279,SILVINHO LEITE
PL 107/2025,1,2159,RUTE COSTA
PL 108/2025,1,2159,RUTE COSTA
PL 108/2025,2,2279,SILVINHO LEITE
PL 109/2025,1,2159,RUTE COSTA
PL 110/2025,1,2159,RUTE COSTA
PL 111/2025,1,2159,RUTE COSTA
PL 112/2025,1,2269,MARINA BRAGANTE
PL 113/2025,1,2228,RENATA FALZONI
PL 114/2025,1,936,NABIL BONDUKI
PL 114/2025,2,2278,KEIT LIMA
PL 115/2025,1,2216,SONAIRA FERNANDES
PL 116/2025,1,2282,LUCAS PAVANATO
PL 117/2025,1,2267,AMANDA PASCHOAL
PL 118/2025,1,2219,MARCELO MESSIAS
PL 119/2025,1,2256,HÉLIO RODRIGUES
PL 120/2025,1,1635,DRA. SANDRA TADEU
PL 121/2025,1,2214,RUBINHO NUNES
PL 121/2025,2,2280,KENJI ITO
PL 121/2025,3,2282,LUCAS PAVANATO
PL 122/2025,1,2219,MARCELO MESSIAS
PL 123/2025,1,2219,MARCELO MESSIAS
PL 124/2025,1,1635,DRA. SANDRA TADEU
PL 124/2025,2,2218,THAMMY MIRANDA
PL 125/2025,1,2210,ELY TERUEL
PL 125/2025,2,2270,PASTORA SANDRA ALVES
PL 125/2025,3,2271,ANA CAROLINA OLIVEIRA
PL 125/2025,4,2276,SILVÃO LEITE
PL 126/2025,1,2219,MARCELO MESSIAS
PL 127/2025,1,2146,GILBERTO NASCIMENTO
PL 128/2025,1,1635,DRA. SANDRA TADEU
PL 128/2025,2,2218,THAMMY MIRANDA
PL 129/2025,1,2268,AMANDA VETTORAZZO
PL 129/2025,2,2280,KENJI ITO
PL 130/2025,1,1349,SENIVAL MOURA
PL 131/2025,1,1349,SENIVAL MOURA
PL 132/2025,1,2216,SONAIRA FERNANDES
PL 133/2025,1,2146,GILBERTO NASCIMENTO
PL 133/2025,2,2159,RUTE COSTA
PL 133/2025,3,2216,SONAIRA FERNANDES
PL 133/2025,4,2266,ADRILLES JORGE
PL 133/2025,5,2268,AMANDA VETTORAZZO
PL 133/2025,6,2270,PASTORA SANDRA ALVES
PL 134/2025,1,1999,PROFESSOR TONINHO VESPOLI
PL 134/2025,2,2228,RENATA FALZONI
PL 134/2025,3,2276,SILVÃO LEITE
PL 134/2025,4,2279,SILVINHO LEITE
PL 136/2025,1,2271,ANA CAROLINA OLIVEIRA
PL 137/2025,1,2210,ELY TERUEL
PL 137/2025,2,2218,THAMMY MIRANDA
PL 137/2025,3,2219,MARCELO MESSIAS
PL 137/2025,4,2270,PASTORA SANDRA ALVES
PL 137/2025,5,2271,ANA CAROLINA OLIVEIRA
PL 137/2025,6,2279,SILVINHO LEITE
PL 137/2025,7,2282,LUCAS PAVANATO
PL 138/2025,1,2281,SIMONE GANEM
PL 139/2025,1,1635,DRA. SANDRA TADEU
PL 140/2025,1,1999,PROFESSOR TONINHO VESPOLI
PL 140/2025,2,2267,AMANDA PASCHOAL
PL 140/2025,3,2269,MARINA BRAGANTE
PL 140/2025,4,2278,KEIT LIMA
PL 140/2025,5,2279,SILVINHO LEITE
PL 141/2025,1,2282,LUCAS PAVANATO
PL 142/2025,1,2270,PASTORA SANDRA ALVES
PL 142/2025,2,2282,LUCAS PAVANATO
PL 143/2025,1,2146,GILBERTO NASCIMENTO
PL 143/2025,2,2210,ELY TERUEL
PL 143/2025,3,2268,AMANDA VETTORAZZO
PL 143/2025,4,2273,DR. MURILLO LIMA
PL 143/2025,5,2275,GABRIEL ABREU
PL 143/2025,6,2281,SIMONE GANEM
PL 144/2025,1,2282,LUCAS PAVANATO
PL 145/2025,1,2281,SIMONE GANEM
PL 146/2025,1,2282,LUCAS PAVANATO
PL 147/2025,1,2282,LUCAS PAVANATO
PL 148/2025,1,2282,LUCAS PAVANATO
PL 149/2025,1,936,NABIL BONDUKI
PL 149/2025,2,1647,EDIR SALES
PL 149/2025,3,2269,MARINA BRAGANTE
PL 149/2025,4,2278,KEIT LIMA
PL 150/2025,1,2206,SILVIA DA BANCADA FEMINISTA
PL 151/2025,1,2268,AMANDA VETTORAZZO
PL 152/2025,1,2185,CELSO GIANNAZI
PL 153/2025,1,2000,ALESSANDRO GUEDES
PL 154/2025,1,1647,EDIR SALES
PL 154/2025,2,2279,SILVINHO LEITE
PL 155/2025,1,2278,KEIT LIMA
PL 156/2025,1,2159,RUTE COSTA
PL 156/2025,2,2224,SANDRA SANTANA
PL 156/2025,3,2279,SILVINHO LEITE
PL 157/2025,1,2159,RUTE COSTA
PL 158/2025,1,2214,RUBINHO NUNES
PL 159/2025,1,1487,RICARDO TEIXEIRA
PL 159/2025,2,1635,DRA. SANDRA TADEU
PL 159/2025,3,1647,EDIR SALES
PL 159/2025,4,2146,GILBERTO NASCIMENTO
PL 159/2025,5,2159,RUTE COSTA
PL 159/2025,6,2210,ELY TERUEL
PL 159/2025,7,2214,RUBINHO NUNES
PL 159/2025,8,2218,THAMMY MIRANDA
PL 159/2025,9,2219,MARCELO MESSIAS
PL 159/2025,10,2224,SANDRA SANTANA
PL 159/2025,11,2266,ADRILLES JORGE
PL 159/2025,12,2270,PASTORA SANDRA ALVES
PL 159/2025,13,2277,JANAINA PASCHOAL
PL 159/2025,14,2279,SILVINHO LEITE
PL 160/2025,1,2266,ADRILLES JORGE
PL 161/2025,1,2269,MARINA BRAGANTE
PL 161/2025,2,2278,KEIT LIMA
PL 162/2025,1,2278,KEIT LIMA
PL 163/2025,1,2185,CELSO GIANNAZI
PL 164/2025,1,1635,DRA. SANDRA TADEU
PL 164/2025,2,2219,MARCELO MESSIAS
PL 165/2025,1,2214,RUBINHO NUNES
PL 165/2025,2,2266,ADRILLES JORGE
PL 165/2025,3,2268,AMANDA VETTORAZZO
PL 165/2025,4,2282,LUCAS PAVANATO
PL 166/2025,1,2280,KENJI ITO
PL 167/2025,1,1487,RICARDO TEIXEIRA
PL 168/2025,1,1487,RICARDO TEIXEIRA
PL 168/2025,2,2214,RUBINHO NUNES
PL 168/2025,3,2218,THAMMY MIRANDA
PL 168/2025,4,2276,SILVÃO LEITE
PL 169/2025,1,1487,RICARDO TEIXEIRA
PL 170/2025,1,1487,RICARDO TEIXEIRA
PL 170/2025,2,2275,GABRIEL ABREU
PL 171/2025,1,1487,RICARDO TEIXEIRA
PL 172/2025,1,1487,RICARDO TEIXEIRA
PL 172/2025,2,1647,EDIR SALES
PL 173/2025,1,1487,RICARDO TEIXEIRA
PL 173/2025,2,2150,ANDRÉ SANTOS
PL 174/2025,1,2219,MARCELO MESSIAS
PL 175/2025,1,2274,SARGENTO NANTES
PL 176/2025,1,1999,PROFESSOR TONINHO VESPOLI
PL 177/2025,1,2229,RICARDO NUNES
PL 178/2025,1,2270,PASTORA SANDRA ALVES
PL 178/2025,2,2279,SILVINHO LEITE
PL 179/2025,1,2210,ELY TERUEL
PL 179/2025,2,2218,THAMMY MIRANDA
PL 179/2025,3,2219,MARCELO MESSIAS
PL 179/2025,4,2277,JANAINA PASCHOAL
PL 179/2025,5,2279,SILVINHO LEITE
PL 180/2025,1,2219,MARCELO MESSIAS
PL 181/2025,1,2219,MARCELO MESSIAS
PL 182/2025,1,2219,MARCELO MESSIAS
PL 182/2025,2,2221,ELI CORRÊA
PL 182/2025,3,2279,SILVINHO LEITE
PL 183/2025,1,2219,MARCELO MESSIAS
PL 184/2025,1,2150,ANDRÉ SANTOS
PL 185/2025,1,2205,LUANA ALVES
PL 186/2025,1,2150,ANDRÉ SANTOS
PL 187/2025,1,2268,AMANDA VETTORAZZO
PL 188/2025,1,2150,ANDRÉ SANTOS
PL 188/2025,2,2279,SILVINHO LEITE
PL 189/2025,1,2268,AMANDA VETTORAZZO
PL 189/2025,2,2274,SARGENTO NANTES
PL 190/2025,1,2216,SONAIRA FERNANDES
PL 190/2025,2,2246,MAJOR PALUMBO
PL 190/2025,3,2274,SARGENTO NANTES
PL 190/2025,4,2276,SILVÃO LEITE
PL 191/2025,1,1999,PROFESSOR TONINHO VESPOLI
PL 192/2025,1,2150,ANDRÉ SANTOS
PL 192/2025,2,2218,THAMMY MIRANDA
PL 192/2025,3,2279,SILVINHO LEITE
PL 193/2025,1,2150,ANDRÉ SANTOS
PL 193/2025,2,2218,THAMMY MIRANDA
PL 194/2025,1,1487,RICARDO TEIXEIRA
PL 195/2025,1,1487,RICARDO TEIXEIRA
PL 195/2025,2,2150,ANDRÉ SANTOS
PL 196/2025,1,2160,JOÃO JORGE
PL 196/2025,2,2275,GABRIEL ABREU
PL 197/2025,1,2275,GABRIEL ABREU
PL 198/2025,1,2214,RUBINHO NUNES
PL 198/2025,2,2246,MAJOR PALUMBO
PL 198/2025,3,2279,SILVINHO LEITE
PL 199/2025,1,2271,ANA CAROLINA OLIVEIRA
PL 200/2025,1,2271,ANA CAROLINA OLIVEIRA
PL 200/2025,2,2279,SILVINHO LEITE
PL 201/2025,1,2222,CRIS MONTEIRO
PL 201/2025,2,2279,SILVINHO LEITE
PL 202/2025,1,2159,RUTE COSTA
PL 202/2025,2,2279,SILVINHO LEITE
PL 203/2025,1,2159,RUTE COSTA
PL 203/2025,2,2282,LUCAS PAVANATO
PL 204/2025,1,2159,RUTE COSTA
PL 204/2025,2,2210,ELY TERUEL
PL 204/2025,3,2216,SONAIRA FERNANDES
PL 204/2025,4,2219,MARCELO MESSIAS
PL 204/2025,5,2224,SANDRA SANTANA
PL 204/2025,6,2269,MARINA BRAGANTE
PL 204/2025,7,2271,ANA CAROLINA OLIVEIRA
PL 204/2025,8,2278,KEIT LIMA
PL 204/2025,9,2279,SILVINHO LEITE
PL 205/2025,1,2000,ALESSANDRO GUEDES
PL 206/2025,1,2218,THAMMY MIRANDA
PL 206/2025,2,2266,ADRILLES JORGE
PL 207/2025,1,2278,KEIT LIMA
PL 208/2025,1,2278,KEIT LIMA
PL 210/2025,1,2267,AMANDA PASCHOAL
PL 211/2025,1,2281,SIMONE GANEM
PL 212/2025,1,2281,SIMONE GANEM
PL 213/2025,1,2281,SIMONE GANEM
PL 215/2025,1,2274,SARGENTO NANTES
PL 216/2025,1,2281,SIMONE GANEM
PL 218/2025,1,2229,RICARDO NUNES
PL 219/2025,1,2266,ADRILLES JORGE
PL 220/2025,1,2274,SARGENTO NANTES
PL 221/2025,1,2274,SARGENTO NANTES
PL 222/2025,1,2274,SARGENTO NANTES
PL 223/2025,1,2278,KEIT LIMA
PL 224/2025,1,2255,JOÃO ANANIAS
PL 224/2025,2,2278,KEIT LIMA
PL 225/2025,1,2206,SILVIA DA BANCADA FEMINISTA
PL 226/2025,1,1999,PROFESSOR TONINHO VESPOLI
PL 226/2025,2,2146,GILBERTO NASCIMENTO
PL 226/2025,3,2224,SANDRA SANTANA
PL 226/2025,4,2228,RENATA FALZONI
PL 226/2025,5,2269,MARINA BRAGANTE
PL 226/2025,6,2273,DR. MURILLO LIMA
PL 226/2025,7,2276,SILVÃO LEITE
PL 226/2025,8,2278,KEIT LIMA
PL 226/2025,9,2279,SILVINHO LEITE
PL 226/2025,10,2281,SIMONE GANEM
PL 227/2025,1,2210,ELY TERUEL
PL 227/2025,2,2217,SANSÃO PEREIRA
PL 227/2025,3,2219,MARCELO MESSIAS
PL 227/2025,4,2273,DR. MURILLO LIMA
PL 227/2025,5,2279,SILVINHO LEITE
PL 227/2025,6,2281,SIMONE GANEM
PL 228/2025,1,2217,SANSÃO PEREIRA
PL 228/2025,2,2282,LUCAS PAVANATO
PL 229/2025,1,2001,JAIR TATTO
PL 230/2025,1,2159,RUTE COSTA
PL 230/2025,2,2218,THAMMY MIRANDA
PL 230/2025,3,2281,SIMONE GANEM
PL 231/2025,1,2247,LUIZ PROTEÇÃO ANIMAL
PL 231/2025,2,2281,SIMONE GANEM
PL 232/2025,1,1635,DRA. SANDRA TADEU
PL 233/2025,1,1635,DRA. SANDRA TADEU
PL 233/2025,2,2279,SILVINHO LEITE
PL 234/2025,1,2275,GABRIEL ABREU
PL 234/2025,2,2278,KEIT LIMA
PL 235/2025,1,2228,RENATA FALZONI
PL 236/2025,1,2222,CRIS MONTEIRO
PL 236/2025,2,2268,AMANDA VETTORAZZO
PL 237/2025,1,1999,PROFESSOR TONINHO VESPOLI
PL 238/2025,1,1989,GEORGE HATO
PL 239/2025,1,696,CARLOS BEZERRA JR.
PL 240/2025,1,2281,SIMONE GANEM
PL 241/2025,1,2281,SIMONE GANEM
PL 242/2025,1,2281,SIMONE GANEM
PL 243/2025,1,2159,RUTE COSTA
PL 244/2025,1,2222,CRIS MONTEIRO
PL 245/2025,1,2000,ALESSANDRO GUEDES
PL 245/2025,2,2278,KEIT LIMA
PL 246/2025,1,2000,ALESSANDRO GUEDES
PL 247/2025,1,2000,ALESSANDRO GUEDES
PL 248/2025,1,2000,ALESSANDRO GUEDES
PL 249/2025,1,2000,ALESSANDRO GUEDES
PL 250/2025,1,2000,ALESSANDRO GUEDES
PL 250/2025,2,2206,SILVIA DA BANCADA FEMINISTA
PL 250/2025,3,2217,SANSÃO PEREIRA
PL 250/2025,4,2276,SILVÃO LEITE
PL 250/2025,5,2278,KEIT LIMA
PL 250/2025,6,2279,SILVINHO LEITE
PL 251/2025,1,936,NABIL BONDUKI
PL 252/2025,1,1635,DRA. SANDRA TADEU
PL 252/2025,2,2159,RUTE COSTA
PL 253/2025,1,2271,ANA CAROLINA OLIVEIRA
PL 254/2025,1,2282,LUCAS PAVANATO
PL 255/2025,1,2282,LUCAS PAVANATO
PL 256/2025,1,2217,SANSÃO PEREIRA
PL 257/2025,1,2217,SANSÃO PEREIRA
PL 258/2025,1,2217,SANSÃO PEREIRA
PL 259/2025,1,2217,SANSÃO PEREIRA
PL 260/2025,1,2217,SANSÃO PEREIRA
PL 261/2025,1,2217,SANSÃO PEREIRA
PL 262/2025,1,2217,SANSÃO PEREIRA
PL 263/2025,1,2150,ANDRÉ SANTOS
PL 263/2025,2,2217,SANSÃO PEREIRA
PL 264/2025,1,2147,ISAC FÉLIX
PL 265/2025,1,2147,ISAC FÉLIX
PL 266/2025,1,2267,AMANDA PASCHOAL
PL 267/2025,1,2267,AMANDA PASCHOAL
PL 268/2025,1,2267,AMANDA PASCHOAL
PL 268/2025,2,2278,KEIT LIMA
PL 269/2025,1,2267,AMANDA PASCHOAL
PL 270/2025,1,1647,EDIR SALES
PL 271/2025,1,1647,EDIR SALES
PL 272/2025,1,2219,MARCELO MESSIAS
PL 272/2025,2,2221,ELI CORRÊA
PL 273/2025,1,2283,ZOE MARTÍNEZ
PL 274/2025,1,2150,ANDRÉ SANTOS
PL 274/2025,2,2216,SONAIRA FERNANDES
PL 274/2025,3,2282,LUCAS PAVANATO
PL 275/2025,1,2206,SILVIA DA BANCADA FEMINISTA
PL 276/2025,1,2205,LUANA ALVES
PL 277/2025,1,2147,ISAC FÉLIX
PL 277/2025,2,2219,MARCELO MESSIAS
PL 277/2025,3,2224,SANDRA SANTANA
PL 277/2025,4,2278,KEIT LIMA
PL 277/2025,5,2281,SIMONE GANEM
PL 278/2025,1,2185,CELSO GIANNAZI
PL 279/2025,1,2279,SILVINHO LEITE
PL 280/2025,1,2146,GILBERTO NASCIMENTO
PL 281/2025,1,2146,GILBERTO NASCIMENTO
PL 282/2025,1,1635,DRA. SANDRA TADEU
PL 283/2025,1,776,ELISEU GABRIEL
PL 284/2025,1,2255,JOÃO ANANIAS
PL 284/2025,2,2278,KEIT LIMA
PL 285/2025,1,2159,RUTE COSTA
PL 285/2025,2,2160,JOÃO JORGE
PL 285/2025,3,2282,LUCAS PAVANATO
PL 286/2025,1,2282,LUCAS PAVANATO
PL 287/2025,1,2210,ELY TERUEL
PL 287/2025,2,2221,ELI CORRÊA
PL 287/2025,3,2270,PASTORA SANDRA ALVES
PL 287/2025,4,2282,LUCAS PAVANATO
PL 288/2025,1,2159,RUTE COSTA
PL 289/2025,1,2219,MARCELO MESSIAS
PL 290/2025,1,2219,MARCELO MESSIAS
PL 291/2025,1,2219,MARCELO MESSIAS
PL 292/2025,1,2274,SARGENTO NANTES
PL 293/2025,1,1999,PROFESSOR TONINHO VESPOLI
PL 293/2025,2,2206,SILVIA DA BANCADA FEMINISTA
PL 293/2025,3,2269,MARINA BRAGANTE
PL 294/2025,1,1999,PROFESSOR TONINHO VESPOLI
PL 294/2025,2,2267,AMANDA PASCHOAL
PL 295/2025,1,2219,MARCELO MESSIAS
PL 296/2025,1,2219,MARCELO MESSIAS
PL 297/2025,1,2219,MARCELO MESSIAS
PL 297/2025,2,2279,SILVINHO LEITE
PL 298/2025,1,1487,RICARDO TEIXEIRA
PL 299/2025,1,2219,MARCELO MESSIAS
PL 300/2025,1,2219,MARCELO MESSIAS
PL 301/2025,1,2219,MARCELO MESSIAS
PL 302/2025,1,2219,MARCELO MESSIAS
PL 303/2025,1,2256,HÉLIO RODRIGUES
PL 304/2025,1,2267,AMANDA PASCHOAL
PL 305/2025,1,2271,ANA CAROLINA OLIVEIRA
PL 306/2025,1,2282,LUCAS PAVANATO
PL 307/2025,1,2150,ANDRÉ SANTOS
PL 307/2025,2,2160,JOÃO JORGE
PL 307/2025,3,2210,ELY TERUEL
PL 307/2025,4,2216,SONAIRA FERNANDES
PL 307/2025,5,2278,KEIT LIMA
PL 307/2025,6,2279,SILVINHO LEITE
PL 308/2025,1,2281,SIMONE GANEM
PL 309/2025,1,2280,KENJI ITO
PL 310/2025,1,2217,SANSÃO PEREIRA
PL 310/2025,2,2281,SIMONE GANEM
PL 311/2025,1,2281,SIMONE GANEM
PL 312/2025,1,2281,SIMONE GANEM
PL 313/2025,1,2247,LUIZ PROTEÇÃO ANIMAL
PL 313/2025,2,2281,SIMONE GANEM
PL 314/2025,1,2281,SIMONE GANEM
PL 315/2025,1,2282,LUCAS PAVANATO
PL 316/2025,1,267,PAULO FRANGE
PL 316/2025,2,2269,MARINA BRAGANTE
PL 317/2025,1,2160,JOÃO JORGE
PL 317/2025,2,2266,ADRILLES JORGE
PL 317/2025,3,2280,KENJI ITO
PL 318/2025,1,2001,JAIR TATTO
PL 319/2025,1,2001,JAIR TATTO
PL 320/2025,1,2273,DR. MURILLO LIMA
PL 320/2025,2,2279,SILVINHO LEITE
PL 320/2025,3,2281,SIMONE GANEM
PL 321/2025,1,1635,DRA. SANDRA TADEU
PL 321/2025,2,1999,PROFESSOR TONINHO VESPOLI
PL 321/2025,3,2210,ELY TERUEL
PL 321/2025,4,2228,RENATA FALZONI
PL 321/2025,5,2269,MARINA BRAGANTE
PL 321/2025,6,2273,DR. MURILLO LIMA
PL 321/2025,7,2275,GABRIEL ABREU
PL 321/2025,8,2279,SILVINHO LEITE
PL 322/2025,1,1487,RICARDO TEIXEIRA
PL 322/2025,2,2224,SANDRA SANTANA
PL 322/2025,3,2276,SILVÃO LEITE
PL 323/2025,1,1487,RICARDO TEIXEIRA
PL 324/2025,1,2146,GILBERTO NASCIMENTO
PL 324/2025,2,2279,SILVINHO LEITE
PL 324/2025,3,2281,SIMONE GANEM
PL 325/2025,1,2281,SIMONE GANEM
PL 326/2025,1,2281,SIMONE GANEM
PL 327/2025,1,2278,KEIT LIMA
PL 328/2025,1,1487,RICARDO TEIXEIRA
PL 328/2025,2,1635,DRA. SANDRA TADEU
PL 328/2025,3,1999,PROFESSOR TONINHO VESPOLI
PL 328/2025,4,2160,JOÃO JORGE
PL 328/2025,5,2217,SANSÃO PEREIRA
PL 328/2025,6,2219,MARCELO MESSIAS
PL 328/2025,7,2224,SANDRA SANTANA
PL 328/2025,8,2276,SILVÃO LEITE
PL 328/2025,9,2279,SILVINHO LEITE
PL 328/2025,10,2281,SIMONE GANEM
PL 329/2025,1,2146,GILBERTO NASCIMENTO
PL 329/2025,2,2270,PASTORA SANDRA ALVES
PL 330/2025,1,2268,AMANDA VETTORAZZO
PL 331/2025,1,2282,LUCAS PAVANATO
PL 332/2025,1,2282,LUCAS PAVANATO
PL 333/2025,1,2282,LUCAS PAVANATO
PL 334/2025,1,2282,LUCAS PAVANATO
PL 335/2025,1,2282,LUCAS PAVANATO
PL 336/2025,1,2282,LUCAS PAVANATO
PL 337/2025,1,2278,KEIT LIMA
PL 338/2025,1,2278,KEIT LIMA
PL 339/2025,1,2219,MARCELO MESSIAS
PL 339/2025,2,2221,ELI CORRÊA
PL 339/2025,3,2266,ADRILLES JORGE
PL 340/2025,1,2256,HÉLIO RODRIGUES
PL 341/2025,1,1999,PROFESSOR TONINHO VESPOLI
PL 342/2025,1,2268,AMANDA VETTORAZZO
PL 343/2025,1,2268,AMANDA VETTORAZZO
PL 344/2025,1,2159,RUTE COSTA
PL 345/2025,1,2159,RUTE COSTA
PL 346/2025,1,2150,ANDRÉ SANTOS
PL 346/2025,2,2266,ADRILLES JORGE
PL 346/2025,3,2270,PASTORA SANDRA ALVES
PL 347/2025,1,1635,DRA. SANDRA TADEU
PL 348/2025,1,2160,JOÃO JORGE
PL 349/2025,1,2206,SILVIA DA BANCADA FEMINISTA
PL 350/2025,1,2150,ANDRÉ SANTOS
PL 350/2025,2,2271,ANA CAROLINA OLIVEIRA
PL 351/2025,1,2224,SANDRA SANTANA
PL 351/2025,2,2271,ANA CAROLINA OLIVEIRA
PL 351/2025,3,2279,SILVINHO LEITE
PL 352/2025,1,2271,ANA CAROLINA OLIVEIRA
PL 353/2025,1,2271,ANA CAROLINA OLIVEIRA
PL 354/2025,1,308,TRIBUNAL DE CONTAS DO MUNICIPIO
PL 355/2025,1,936,NABIL BONDUKI
PL 356/2025,1,2147,ISAC FÉLIX
PL 357/2025,1,2000,ALESSANDRO GUEDES
PL 357/2025,2,2278,KEIT LIMA
PL 358/2025,1,1999,PROFESSOR TONINHO VESPOLI
PL 359/2025,1,1999,PROFESSOR TONINHO VESPOLI
PL 360/2025,1,1999,PROFESSOR TONINHO VESPOLI
PL 361/2025,1,2268,AMANDA VETTORAZZO
PL 362/2025,1,2205,LUANA ALVES
PL 363/2025,1,2268,AMANDA VETTORAZZO
PL 364/2025,1,2268,AMANDA VETTORAZZO
PL 365/2025,1,2268,AMANDA VETTORAZZO
PL 365/2025,2,2274,SARGENTO NANTES
PL 366/2025,1,2278,KEIT LIMA
PL 367/2025,1,2278,KEIT LIMA
PL 368/2025,1,2278,KEIT LIMA
PL 369/2025,1,696,CARLOS BEZERRA JR.
PL 369/2025,2,2144,FABIO RIVA
PL 369/2025,3,2146,GILBERTO NASCIMENTO
PL 369/2025,4,2147,ISAC FÉLIX
PL 369/2025,5,2160,JOÃO JORGE
PL 369/2025,6,2210,ELY TERUEL
PL 369/2025,7,2217,SANSÃO PEREIRA
PL 369/2025,8,2218,THAMMY MIRANDA
PL 369/2025,9,2219,MARCELO MESSIAS
PL 369/2025,10,2222,CRIS MONTEIRO
PL 369/2025,11,2266,ADRILLES JORGE
PL 369/2025,12,2270,PASTORA SANDRA ALVES
PL 369/2025,13,2271,ANA CAROLINA OLIVEIRA
PL 369/2025,14,2275,GABRIEL ABREU
PL 369/2025,15,2279,SILVINHO LEITE
PL 369/2025,16,2288,ANDRÉ SOUZA
PL 370/2025,1,1999,PROFESSOR TONINHO VESPOLI
PL 370/2025,2,2210,ELY TERUEL
PL 370/2025,3,2247,LUIZ PROTEÇÃO ANIMAL
PL 370/2025,4,2268,AMANDA VETTORAZZO
PL 370/2025,5,2273,DR. MURILLO LIMA
PL 370/2025,6,2278,KEIT LIMA
PL 370/2025,7,2279,SILVINHO LEITE
PL 370/2025,8,2281,SIMONE GANEM
PL 371/2025,1,2266,ADRILLES JORGE
PL 372/2025,1,2277,JANAINA PASCHOAL
PL 372/2025,2,2279,SILVINHO LEITE
PL 373/2025,1,1349,SENIVAL MOURA
PL 374/2025,1,2284,MESA DA CAMARA MUNICIPAL DE SAO PAULO
PL 375/2025,1,2219,MARCELO MESSIAS
PL 376/2025,1,936,NABIL BONDUKI
PL 377/2025,1,2147,ISAC FÉLIX
PL 378/2025,1,776,ELISEU GABRIEL
PL 378/2025,2,936,NABIL BONDUKI
PL 378/2025,3,1999,PROFESSOR TONINHO VESPOLI
PL 378/2025,4,2144,FABIO RIVA
PL 378/2025,5,2146,GILBERTO NASCIMENTO
PL 378/2025,6,2160,JOÃO JORGE
PL 378/2025,7,2219,MARCELO MESSIAS
PL 378/2025,8,2224,SANDRA SANTANA
PL 378/2025,9,2228,RENATA FALZONI
PL 378/2025,10,2269,MARINA BRAGANTE
PL 378/2025,11,2278,KEIT LIMA
PL 378/2025,12,2279,SILVINHO LEITE
PL 379/2025,1,1487,RICARDO TEIXEIRA
PL 380/2025,1,2214,RUBINHO NUNES
PL 380/2025,2,2266,ADRILLES JORGE
PL 380/2025,3,2282,LUCAS PAVANATO
PL 381/2025,1,2283,ZOE MARTÍNEZ
PL 382/2025,1,2228,RENATA FALZONI
PL 382/2025,2,2269,MARINA BRAGANTE
PL 382/2025,3,2278,KEIT LIMA
PL 383/2025,1,2147,ISAC FÉLIX
PL 384/2025,1,2268,AMANDA VETTORAZZO
PL 385/2025,1,2246,MAJOR PALUMBO
PL 386/2025,1,2001,JAIR TATTO
PL 387/2025,1,1635,DRA. SANDRA TADEU
PL 387/2025,2,2150,ANDRÉ SANTOS
PL 388/2025,1,1635,DRA. SANDRA TADEU
PL 388/2025,2,2218,THAMMY MIRANDA
PL 389/2025,1,2278,KEIT LIMA
PL 391/2025,1,2268,AMANDA VETTORAZZO
PL 392/2025,1,2268,AMANDA VETTORAZZO
PL 393/2025,1,2283,ZOE MARTÍNEZ
PL 394/2025,1,2281,SIMONE GANEM
PL 395/2025,1,2279,SILVINHO LEITE
PL 395/2025,2,2281,SIMONE GANEM
PL 396/2025,1,1999,PROFESSOR TONINHO VESPOLI
PL 397/2025,1,2281,SIMONE GANEM
PL 398/2025,1,2279,SILVINHO LEITE
PL 398/2025,2,2281,SIMONE GANEM
PL 399/2025,1,2218,THAMMY MIRANDA
PL 399/2025,2,2221,ELI CORRÊA
PL 399/2025,3,2276,SILVÃO LEITE
PL 400/2025,1,1999,PROFESSOR TONINHO VESPOLI
PL 400/2025,2,2146,GILBERTO NASCIMENTO
PL 400/2025,3,2159,RUTE COSTA
PL 400/2025,4,2218,THAMMY MIRANDA
PL 400/2025,5,2224,SANDRA SANTANA
PL 400/2025,6,2271,ANA CAROLINA OLIVEIRA
PL 400/2025,7,2279,SILVINHO LEITE
PL 401/2025,1,2280,KENJI ITO
PL 402/2025,1,2256,HÉLIO RODRIGUES
PL 403/2025,1,1635,DRA. SANDRA TADEU
PL 403/2025,2,2214,RUBINHO NUNES
PL 403/2025,3,2277,JANAINA PASCHOAL
PL 404/2025,1,2274,SARGENTO NANTES
PL 405/2025,1,2270,PASTORA SANDRA ALVES
PL 405/2025,2,2280,KENJI ITO
PL 406/2025,1,1999,PROFESSOR TONINHO VESPOLI
PL 407/2025,1,1999,PROFESSOR TONINHO VESPOLI
PL 407/2025,2,2279,SILVINHO LEITE
PL 408/2025,1,1999,PROFESSOR TONINHO VESPOLI
PL 408/2025,2,2159,RUTE COSTA
PL 408/2025,3,2270,PASTORA SANDRA ALVES
PL 408/2025,4,2276,SILVÃO LEITE
PL 408/2025,5,2279,SILVINHO LEITE
PL 409/2025,1,267,PAULO FRANGE
PL 409/2025,2,2146,GILBERTO NASCIMENTO
PL 409/2025,3,2210,ELY TERUEL
PL 409/2025,4,2218,THAMMY MIRANDA
PL 409/2025,5,2219,MARCELO MESSIAS
PL 409/2025,6,2224,SANDRA SANTANA
PL 409/2025,7,2270,PASTORA SANDRA ALVES
PL 409/2025,8,2276,SILVÃO LEITE
PL 409/2025,9,2278,KEIT LIMA
PL 409/2025,10,2279,SILVINHO LEITE
PL 410/2025,1,2278,KEIT LIMA
PL 411/2025,1,1999,PROFESSOR TONINHO VESPOLI
PL 412/2025,1,2268,AMANDA VETTORAZZO
PL 413/2025,1,2150,ANDRÉ SANTOS
PL 413/2025,2,2279,SILVINHO LEITE
PL 414/2025,1,2150,ANDRÉ SANTOS
PL 415/2025,1,2268,AMANDA VETTORAZZO
PL 416/2025,1,2229,RICARDO NUNES
PL 417/2025,1,2147,ISAC FÉLIX
PL 418/2025,1,2255,JOÃO ANANIAS
PL 418/2025,2,2278,KEIT LIMA
PL 419/2025,1,2284,MESA DA CAMARA MUNICIPAL DE SAO PAULO
PL 420/2025,1,2268,AMANDA VETTORAZZO
PL 421/2025,1,2146,GILBERTO NASCIMENTO
PL 421/2025,2,2159,RUTE COSTA
PL 421/2025,3,2217,SANSÃO PEREIRA
PL 421/2025,4,2224,SANDRA SANTANA
PL 421/2025,5,2270,PASTORA SANDRA ALVES
PL 421/2025,6,2278,KEIT LIMA
PL 422/2025,1,2268,AMANDA VETTORAZZO
PL 423/2025,1,2268,AMANDA VETTORAZZO
PL 424/2025,1,1999,PROFESSOR TONINHO VESPOLI
PL 425/2025,1,2159,RUTE COSTA
PL 425/2025,2,2219,MARCELO MESSIAS
PL 426/2025,1,2150,ANDRÉ SANTOS
PL 426/2025,2,2219,MARCELO MESSIAS
PL 426/2025,3,2279,SILVINHO LEITE
PL 427/2025,1,2271,ANA CAROLINA OLIVEIRA
PL 427/2025,2,2279,SILVINHO LEITE
PL 428/2025,1,2274,SARGENTO NANTES
PL 430/2025,1,2270,PASTORA SANDRA ALVES
PL 430/2025,2,2278,KEIT LIMA
PL 430/2025,3,2279,SILVINHO LEITE
PL 431/2025,1,1349,SENIVAL MOURA
PL 432/2025,1,1349,SENIVAL MOURA
PL 432/2025,2,2278,KEIT LIMA
PL 432/2025,3,2279,SILVINHO LEITE
PL 433/2025,1,1349,SENIVAL MOURA
PL 434/2025,1,1349,SENIVAL MOURA
PL 435/2025,1,1487,RICARDO TEIXEIRA
PL 435/2025,2,2224,SANDRA SANTANA
PL 436/2025,1,1487,RICARDO TEIXEIRA
PL 437/2025,1,1635,DRA. SANDRA TADEU
PL 438/2025,1,2281,SIMONE GANEM
PL 439/2025,1,2150,ANDRÉ SANTOS
PL 439/2025,2,2279,SILVINHO LEITE
PL 439/2025,3,2281,SIMONE GANEM
PL 440/2025,1,2222,CRIS MONTEIRO
PL 441/2025,1,2229,RICARDO NUNES
PL 442/2025,1,1647,EDIR SALES
PL 443/2025,1,2255,JOÃO ANANIAS
PL 443/2025,2,2278,KEIT LIMA
PL 444/2025,1,2159,RUTE COSTA
PL 445/2025,1,2214,RUBINHO NUNES
PL 445/2025,2,2266,ADRILLES JORGE
PL 446/2025,1,1999,PROFESSOR TONINHO VESPOLI
PL 447/2025,1,2282,LUCAS PAVANATO
PL 448/2025,1,2271,ANA CAROLINA OLIVEIRA
PL 449/2025,1,2144,FABIO RIVA
PL 450/2025,1,2218,THAMMY MIRANDA
PL 450/2025,2,2269,MARINA BRAGANTE
PL 450/2025,3,2271,ANA CAROLINA OLIVEIRA
PL 450/2025,4,2279,SILVINHO LEITE
PL 451/2025,1,776,ELISEU GABRIEL
PL 452/2025,1,2206,SILVIA DA BANCADA FEMINISTA
PL 452/2025,2,2269,MARINA BRAGANTE
PL 452/2025,3,2278,KEIT LIMA
PL 452/2025,4,2279,SILVINHO LEITE
PL 453/2025,1,2277,JANAINA PASCHOAL
PL 454/2025,1,776,ELISEU GABRIEL
PL 455/2025,1,2214,RUBINHO NUNES
PL 456/2025,1,2146,GILBERTO NASCIMENTO
PL 456/2025,2,2224,SANDRA SANTANA
PL 456/2025,3,2269,MARINA BRAGANTE
PL 456/2025,4,2278,KEIT LIMA
PL 456/2025,5,2279,SILVINHO LEITE
PL 457/2025,1,2147,ISAC FÉLIX
PL 458/2025,1,2147,ISAC FÉLIX
PL 459/2025,1,1636,DR. MILTON FERREIRA
PL 460/2025,1,2000,ALESSANDRO GUEDES
PL 461/2025,1,1999,PROFESSOR TONINHO VESPOLI
PL 461/2025,2,2276,SILVÃO LEITE
PL 462/2025,1,2001,JAIR TATTO
PL 463/2025,1,2001,JAIR TATTO
PL 464/2025,1,2001,JAIR TATTO
PL 465/2025,1,2001,JAIR TATTO
PL 466/2025,1,2001,JAIR TATTO
PL 466/2025,2,2276,SILVÃO LEITE
PL 466/2025,3,2279,SILVINHO LEITE
PL 467/2025,1,2001,JAIR TATTO
PL 468/2025,1,2282,LUCAS PAVANATO
PL 469/2025,1,2001,JAIR TATTO
PL 470/2025,1,2255,JOÃO ANANIAS
PL 470/2025,2,2278,KEIT LIMA
PL 471/2025,1,2255,JOÃO ANANIAS
PL 472/2025,1,2216,SONAIRA FERNANDES
PL 473/2025,1,2246,MAJOR PALUMBO
PL 474/2025,1,2246,MAJOR PALUMBO
PL 475/2025,1,2246,MAJOR PALUMBO
PL 475/2025,2,2279,SILVINHO LEITE
PL 476/2025,1,696,CARLOS BEZERRA JR.
PL 476/2025,2,1635,DRA. SANDRA TADEU
PL 476/2025,3,1636,DR. MILTON FERREIRA
PL 476/2025,4,1999,PROFESSOR TONINHO VESPOLI
PL 476/2025,5,2217,SANSÃO PEREIRA
PL 476/2025,6,2224,SANDRA SANTANA
PL 476/2025,7,2246,MAJOR PALUMBO
PL 476/2025,8,2276,SILVÃO LEITE
PL 476/2025,9,2278,KEIT LIMA
PL 476/2025,10,2279,SILVINHO LEITE
PL 476/2025,11,2280,KENJI ITO
PL 476/2025,12,2281,SIMONE GANEM
PL 477/2025,1,1635,DRA. SANDRA TADEU
PL 477/2025,2,1999,PROFESSOR TONINHO VESPOLI
PL 477/2025,3,2159,RUTE COSTA
PL 477/2025,4,2279,SILVINHO LEITE
PL 478/2025,1,1989,GEORGE HATO
PL 479/2025,1,2000,ALESSANDRO GUEDES
PL 480/2025,1,2206,SILVIA DA BANCADA FEMINISTA
PL 481/2025,1,1999,PROFESSOR TONINHO VESPOLI
PL 481/2025,2,2206,SILVIA DA BANCADA FEMINISTA
PL 482/2025,1,696,CARLOS BEZERRA JR.
PL 482/2025,2,776,ELISEU GABRIEL
PL 482/2025,3,936,NABIL BONDUKI
PL 482/2025,4,1349,SENIVAL MOURA
PL 482/2025,5,1999,PROFESSOR TONINHO VESPOLI
PL 482/2025,6,2000,ALESSANDRO GUEDES
PL 482/2025,7,2160,JOÃO JORGE
PL 482/2025,8,2185,CELSO GIANNAZI
PL 482/2025,9,2205,LUANA ALVES
PL 482/2025,10,2206,SILVIA DA BANCADA FEMINISTA
PL 482/2025,11,2218,THAMMY MIRANDA
PL 482/2025,12,2224,SANDRA SANTANA
PL 482/2025,13,2228,RENATA FALZONI
PL 482/2025,14,2254,LUNA ZARATTINI
PL 482/2025,15,2255,JOÃO ANANIAS
PL 482/2025,16,2256,HÉLIO RODRIGUES
PL 482/2025,17,2267,AMANDA PASCHOAL
PL 482/2025,18,2272,DHEISON SILVA
PL 482/2025,19,2276,SILVÃO LEITE
PL 482/2025,20,2278,KEIT LIMA
PL 483/2025,1,936,NABIL BONDUKI
PL 483/2025,2,1999,PROFESSOR TONINHO VESPOLI
PL 483/2025,3,2206,SILVIA DA BANCADA FEMINISTA
PL 483/2025,4,2254,LUNA ZARATTINI
PL 483/2025,5,2269,MARINA BRAGANTE
PL 484/2025,1,2216,SONAIRA FERNANDES
PL 485/2025,1,2216,SONAIRA FERNANDES
PL 486/2025,1,2278,KEIT LIMA
PL 486/2025,2,2279,SILVINHO LEITE
PL 487/2025,1,2271,ANA CAROLINA OLIVEIRA
PL 487/2025,2,2279,SILVINHO LEITE
PL 489/2025,1,2001,JAIR TATTO
PL 490/2025,1,2001,JAIR TATTO
PL 492/2025,1,2278,KEIT LIMA
PL 492/2025,2,2281,SIMONE GANEM
PL 493/2025,1,2206,SILVIA DA BANCADA FEMINISTA
PL 494/2025,1,1487,RICARDO TEIXEIRA
PL 495/2025,1,1487,RICARDO TEIXEIRA
PL 496/2025,1,1487,RICARDO TEIXEIRA
PL 497/2025,1,1487,RICARDO TEIXEIRA
PL 497/2025,2,2279,SILVINHO LEITE
PL 498/2025,1,1487,RICARDO TEIXEIRA
PL 499/2025,1,1487,RICARDO TEIXEIRA
PL 500/2025,1,2255,JOÃO ANANIAS
PL 500/2025,2,2278,KEIT LIMA
PL 501/2025,1,2278,KEIT LIMA
PL 502/2025,1,1635,DRA. SANDRA TADEU
PL 503/2025,1,2278,KEIT LIMA
PL 504/2025,1,2272,DHEISON SILVA
PL 505/2025,1,2144,FABIO RIVA
PL 505/2025,2,2160,JOÃO JORGE
PL 506/2025,1,2160,JOÃO JORGE
PL 507/2025,1,2270,PASTORA SANDRA ALVES
PL 508/2025,1,2185,CELSO GIANNAZI
PL 509/2025,1,1636,DR. MILTON FERREIRA
PL 510/2025,1,2147,ISAC FÉLIX
PL 511/2025,1,2271,ANA CAROLINA OLIVEIRA
PL 512/2025,1,2271,ANA CAROLINA OLIVEIRA
PL 513/2025,1,2271,ANA CAROLINA OLIVEIRA
PL 514/2025,1,2271,ANA CAROLINA OLIVEIRA
PL 515/2025,1,2271,ANA CAROLINA OLIVEIRA
PL 516/2025,1,2224,SANDRA SANTANA
PL 516/2025,2,2271,ANA CAROLINA OLIVEIRA
PL 516/2025,3,2279,SILVINHO LEITE
PL 517/2025,1,2271,ANA CAROLINA OLIVEIRA
PL 517/2025,2,2279,SILVINHO LEITE
PL 518/2025,1,2271,ANA CAROLINA OLIVEIRA
PL 519/2025,1,1999,PROFESSOR TONINHO VESPOLI
PL 520/2025,1,776,ELISEU GABRIEL
PL 520/2025,2,1999,PROFESSOR TONINHO VESPOLI
PL 520/2025,3,2146,GILBERTO NASCIMENTO
PL 520/2025,4,2228,RENATA FALZONI
PL 520/2025,5,2256,HÉLIO RODRIGUES
PL 520/2025,6,2267,AMANDA PASCHOAL
PL 520/2025,7,2269,MARINA BRAGANTE
PL 520/2025,8,2278,KEIT LIMA
PL 521/2025,1,1999,PROFESSOR TONINHO VESPOLI
PL 521/2025,2,2146,GILBERTO NASCIMENTO
PL 521/2025,3,2210,ELY TERUEL
PL 521/2025,4,2217,SANSÃO PEREIRA
PL 521/2025,5,2219,MARCELO MESSIAS
PL 521/2025,6,2224,SANDRA SANTANA
PL 521/2025,7,2228,RENATA FALZONI
PL 521/2025,8,2267,AMANDA PASCHOAL
PL 521/2025,9,2268,AMANDA VETTORAZZO
PL 521/2025,10,2269,MARINA BRAGANTE
PL 521/2025,11,2273,DR. MURILLO LIMA
PL 521/2025,12,2276,SILVÃO LEITE
PL 521/2025,13,2278,KEIT LIMA
PL 521/2025,14,2279,SILVINHO LEITE
PL 521/2025,15,2281,SIMONE GANEM
PL 522/2025,1,2185,CELSO GIANNAZI
PL 523/2025,1,2205,LUANA ALVES
PL 523/2025,2,2206,SILVIA DA BANCADA FEMINISTA
PL 523/2025,3,2228,RENATA FALZONI
PL 523/2025,4,2254,LUNA ZARATTINI
PL 523/2025,5,2267,AMANDA PASCHOAL
PL 523/2025,6,2269,MARINA BRAGANTE
PL 523/2025,7,2278,KEIT LIMA
PL 524/2025,1,2205,LUANA ALVES
PL 524/2025,2,2206,SILVIA DA BANCADA FEMINISTA
PL 524/2025,3,2228,RENATA FALZONI
PL 524/2025,4,2254,LUNA ZARATTINI
PL 524/2025,5,2267,AMANDA PASCHOAL
PL 524/2025,6,2269,MARINA BRAGANTE
PL 524/2025,7,2278,KEIT LIMA
PL 525/2025,1,2205,LUANA ALVES
PL 525/2025,2,2206,SILVIA DA BANCADA FEMINISTA
PL 525/2025,3,2228,RENATA FALZONI
PL 525/2025,4,2254,LUNA ZARATTINI
PL 525/2025,5,2267,AMANDA PASCHOAL
PL 525/2025,6,2269,MARINA BRAGANTE
PL 525/2025,7,2278,KEIT LIMA
PL 526/2025,1,2275,GABRIEL ABREU
PL 527/2025,1,2247,LUIZ PROTEÇÃO ANIMAL
PL 527/2025,2,2279,SILVINHO LEITE
PL 527/2025,3,2281,SIMONE GANEM
PL 528/2025,1,2150,ANDRÉ SANTOS
PL 528/2025,2,2159,RUTE COSTA
PL 528/2025,3,2279,SILVINHO LEITE
PL 529/2025,1,2274,SARGENTO NANTES
PL 530/2025,1,2146,GILBERTO NASCIMENTO
PL 531/2025,1,2224,SANDRA SANTANA
PL 532/2025,1,1487,RICARDO TEIXEIRA
PL 533/2025,1,2000,ALESSANDRO GUEDES
PL 534/2025,1,2219,MARCELO MESSIAS
PL 534/2025,2,2221,ELI CORRÊA
PL 534/2025,3,2279,SILVINHO LEITE
PL 535/2025,1,2185,CELSO GIANNAZI
PL 536/2025,1,2146,GILBERTO NASCIMENTO
PL 537/2025,1,2273,DR. MURILLO LIMA
PL 537/2025,2,2279,SILVINHO LEITE
PL 538/2025,1,2273,DR. MURILLO LIMA
PL 539/2025,1,176,ROBERTO TRÍPOLI
PL 540/2025,1,2224,SANDRA SANTANA
PL 540/2025,2,2276,SILVÃO LEITE
PL 540/2025,3,2279,SILVINHO LEITE
PL 541/2025,1,2206,SILVIA DA BANCADA FEMINISTA
PL 542/2025,1,2150,ANDRÉ SANTOS
PL 543/2025,1,2256,HÉLIO RODRIGUES
PL 544/2025,1,1487,RICARDO TEIXEIRA
PL 545/2025,1,2144,FABIO RIVA
PL 546/2025,1,2281,SIMONE GANEM
PL 547/2025,1,2280,KENJI ITO
PL 548/2025,1,2218,THAMMY MIRANDA
PL 549/2025,1,2216,SONAIRA FERNANDES
PL 549/2025,2,2282,LUCAS PAVANATO
PL 550/2025,1,2218,THAMMY MIRANDA
PL 550/2025,2,2266,ADRILLES JORGE
PL 550/2025,3,2281,SIMONE GANEM
PL 551/2025,1,2214,RUBINHO NUNES
PL 552/2025,1,2272,DHEISON SILVA
PL 553/2025,1,1487,RICARDO TEIXEIRA
PL 553/2025,2,2266,ADRILLES JORGE
PL 554/2025,1,2159,RUTE COSTA
PL 554/2025,2,2217,SANSÃO PEREIRA
PL 555/2025,1,2219,MARCELO MESSIAS
PL 556/2025,1,2159,RUTE COSTA
PL 557/2025,1,2159,RUTE COSTA
PL 558/2025,1,2275,GABRIEL ABREU
PL 559/2025,1,1999,PROFESSOR TONINHO VESPOLI
PL 560/2025,1,696,CARLOS BEZERRA JR.
PL 560/2025,2,776,ELISEU GABRIEL
PL 560/2025,3,1296,ADILSON AMADEU
PL 560/2025,4,1349,SENIVAL MOURA
PL 560/2025,5,1487,RICARDO TEIXEIRA
PL 560/2025,6,1635,DRA. SANDRA TADEU
PL 560/2025,7,1647,EDIR SALES
PL 560/2025,8,1999,PROFESSOR TONINHO VESPOLI
PL 560/2025,9,2144,FABIO RIVA
PL 560/2025,10,2147,ISAC FÉLIX
PL 560/2025,11,2160,JOÃO JORGE
PL 560/2025,12,2185,CELSO GIANNAZI
PL 560/2025,13,2205,LUANA ALVES
PL 560/2025,14,2206,SILVIA DA BANCADA FEMINISTA
PL 560/2025,15,2216,SONAIRA FERNANDES
PL 560/2025,16,2219,MARCELO MESSIAS
PL 560/2025,17,2221,ELI CORRÊA
PL 560/2025,18,2222,CRIS MONTEIRO
PL 560/2025,19,2224,SANDRA SANTANA
PL 560/2025,20,2228,RENATA FALZONI
PL 560/2025,21,2249,NUNES PEIXEIRO
PL 560/2025,22,2266,ADRILLES JORGE
PL 560/2025,23,2267,AMANDA PASCHOAL
PL 560/2025,24,2268,AMANDA VETTORAZZO
PL 560/2025,25,2269,MARINA BRAGANTE
PL 560/2025,26,2278,KEIT LIMA
PL 560/2025,27,2280,KENJI ITO
PL 560/2025,28,2281,SIMONE GANEM
PL 560/2025,29,2282,LUCAS PAVANATO
PL 560/2025,30,2292,GUILHERME CORRÊA
PL 561/2025,1,2282,LUCAS PAVANATO
PL 562/2025,1,2278,KEIT LIMA
PL 563/2025,1,2278,KEIT LIMA
PL 563/2025,2,2279,SILVINHO LEITE
PL 564/2025,1,2228,RENATA FALZONI
PL 564/2025,2,2269,MARINA BRAGANTE
PL 564/2025,3,2278,KEIT LIMA
PL 565/2025,1,2218,THAMMY MIRANDA
PL 565/2025,2,2279,SILVINHO LEITE
PL 566/2025,1,936,NABIL BONDUKI
PL 566/2025,2,2269,MARINA BRAGANTE
PL 566/2025,3,2278,KEIT LIMA
PL 567/2025,1,2280,KENJI ITO
PL 568/2025,1,1635,DRA. SANDRA TADEU
PL 568/2025,2,2150,ANDRÉ SANTOS
PL 568/2025,3,2279,SILVINHO LEITE
PL 569/2025,1,2274,SARGENTO NANTES
PL 570/2025,1,2274,SARGENTO NANTES
PL 571/2025,1,2274,SARGENTO NANTES
PL 572/2025,1,1487,RICARDO TEIXEIRA
PL 572/2025,2,1999,PROFESSOR TONINHO VESPOLI
PL 572/2025,3,2279,SILVINHO LEITE
PL 573/2025,1,2224,SANDRA SANTANA
PL 573/2025,2,2269,MARINA BRAGANTE
PL 574/2025,1,2150,ANDRÉ SANTOS
PL 574/2025,2,2279,SILVINHO LEITE
PL 575/2025,1,2274,SARGENTO NANTES
PL 576/2025,1,1647,EDIR SALES
PL 576/2025,2,2268,AMANDA VETTORAZZO
PL 576/2025,3,2274,SARGENTO NANTES
PL 576/2025,4,2283,ZOE MARTÍNEZ
PL 577/2025,1,776,ELISEU GABRIEL
PL 578/2025,1,2210,ELY TERUEL
PL 578/2025,2,2246,MAJOR PALUMBO
PL 578/2025,3,2266,ADRILLES JORGE
PL 578/2025,4,2271,ANA CAROLINA OLIVEIRA
PL 578/2025,5,2273,DR. MURILLO LIMA
PL 578/2025,6,2274,SARGENTO NANTES
PL 580/2025,1,2146,GILBERTO NASCIMENTO
PL 580/2025,2,2279,SILVINHO LEITE
PL 581/2025,1,2185,CELSO GIANNAZI
PL 582/2025,1,1989,GEORGE HATO
PL 582/2025,2,2217,SANSÃO PEREIRA
PL 582/2025,3,2279,SILVINHO LEITE
PL 583/2025,1,2218,THAMMY MIRANDA
PL 583/2025,2,2276,SILVÃO LEITE
PL 584/2025,1,2246,MAJOR PALUMBO
PL 585/2025,1,2274,SARGENTO NANTES
PL 586/2025,1,2205,LUANA ALVES
PL 587/2025,1,2147,ISAC FÉLIX
PL 587/2025,2,2279,SILVINHO LEITE
PL 588/2025,1,1635,DRA. SANDRA TADEU
PL 588/2025,2,2146,GILBERTO NASCIMENTO
PL 588/2025,3,2222,CRIS MONTEIRO
PL 588/2025,4,2266,ADRILLES JORGE
PL 588/2025,5,2268,AMANDA VETTORAZZO
PL 588/2025,6,2279,SILVINHO LEITE
PL 588/2025,7,2280,KENJI ITO
PL 589/2025,1,2267,AMANDA PASCHOAL
PL 590/2025,1,2278,KEIT LIMA
PL 591/2025,1,2278,KEIT LIMA
PL 592/2025,1,2254,LUNA ZARATTINI
PL 593/2025,1,2278,KEIT LIMA
PL 594/2025,1,1989,GEORGE HATO
PL 594/2025,2,2279,SILVINHO LEITE
PL 595/2025,1,2001,JAIR TATTO
PL 596/2025,1,2275,GABRIEL ABREU
PL 597/2025,1,2274,SARGENTO NANTES
PL 598/2025,1,2246,MAJOR PALUMBO
PL 599/2025,1,1999,PROFESSOR TONINHO VESPOLI
PL 599/2025,2,2206,SILVIA DA BANCADA FEMINISTA
PL 599/2025,3,2228,RENATA FALZONI
PL 599/2025,4,2269,MARINA BRAGANTE
PL 599/2025,5,2278,KEIT LIMA
PL 599/2025,6,2279,SILVINHO LEITE
PL 600/2025,1,2272,DHEISON SILVA
PL 601/2025,1,776,ELISEU GABRIEL
PL 602/2025,1,1647,EDIR SALES
PL 603/2025,1,2278,KEIT LIMA
PL 604/2025,1,2278,KEIT LIMA
PL 605/2025,1,2206,SILVIA DA BANCADA FEMINISTA
PL 605/2025,2,2254,LUNA ZARATTINI
PL 605/2025,3,2269,MARINA BRAGANTE
PL 605/2025,4,2278,KEIT LIMA
PL 606/2025,1,1999,PROFESSOR TONINHO VESPOLI
PL 606/2025,2,2278,KEIT LIMA
PL 606/2025,3,2279,SILVINHO LEITE
PL 607/2025,1,2224,SANDRA SANTANA
PL 608/2025,1,2269,MARINA BRAGANTE
PL 608/2025,2,2281,SIMONE GANEM
PL 609/2025,1,2218,THAMMY MIRANDA
PL 610/2025,1,2274,SARGENTO NANTES
PL 611/2025,1,1349,SENIVAL MOURA
PL 612/2025,1,1349,SENIVAL MOURA
PL 613/2025,1,2001,JAIR TATTO
PL 614/2025,1,2275,GABRIEL ABREU
PL 614/2025,2,2277,JANAINA PASCHOAL
PL 615/2025,1,2268,AMANDA VETTORAZZO
PL 616/2025,1,2281,SIMONE GANEM
PL 617/2025,1,2279,SILVINHO LEITE
PL 617/2025,2,2281,SIMONE GANEM
PL 618/2025,1,1999,PROFESSOR TONINHO VESPOLI
PL 618/2025,2,2279,SILVINHO LEITE
PL 618/2025,3,2281,SIMONE GANEM
PL 619/2025,1,2185,CELSO GIANNAZI
PL 620/2025,1,936,NABIL BONDUKI
PL 620/2025,2,1349,SENIVAL MOURA
PL 620/2025,3,1999,PROFESSOR TONINHO VESPOLI
PL 620/2025,4,2000,ALESSANDRO GUEDES
PL 620/2025,5,2001,JAIR TATTO
PL 620/2025,6,2185,CELSO GIANNAZI
PL 620/2025,7,2205,LUANA ALVES
PL 620/2025,8,2206,SILVIA DA BANCADA FEMINISTA
PL 620/2025,9,2254,LUNA ZARATTINI
PL 620/2025,10,2255,JOÃO ANANIAS
PL 620/2025,11,2256,HÉLIO RODRIGUES
PL 620/2025,12,2267,AMANDA PASCHOAL
PL 620/2025,13,2272,DHEISON SILVA
PL 620/2025,14,2278,KEIT LIMA
PL 621/2025,1,2185,CELSO GIANNAZI
PL 622/2025,1,1989,GEORGE HATO
PL 622/2025,2,2272,DHEISON SILVA
PL 623/2025,1,2273,DR. MURILLO LIMA
PL 623/2025,2,2279,SILVINHO LEITE
PL 624/2025,1,2206,SILVIA DA BANCADA FEMINISTA
PL 625/2025,1,2270,PASTORA SANDRA ALVES
PL 626/2025,1,2216,SONAIRA FERNANDES
PL 626/2025,2,2270,PASTORA SANDRA ALVES
PL 626/2025,3,2279,SILVINHO LEITE
PL 627/2025,1,2255,JOÃO ANANIAS
PL 627/2025,2,2278,KEIT LIMA
PL 629/2025,1,2284,MESA DA CAMARA MUNICIPAL DE SAO PAULO
PL 630/2025,1,2278,KEIT LIMA
PL 631/2025,1,1487,RICARDO TEIXEIRA
PL 631/2025,2,2219,MARCELO MESSIAS
PL 632/2025,1,1487,RICARDO TEIXEIRA
PL 632/2025,2,2279,SILVINHO LEITE
PL 633/2025,1,2222,CRIS MONTEIRO
PL 634/2025,1,1999,PROFESSOR TONINHO VESPOLI
PL 634/2025,2,2255,JOÃO ANANIAS
PL 634/2025,3,2272,DHEISON SILVA
PL 634/2025,4,2278,KEIT LIMA
PL 635/2025,1,2279,SILVINHO LEITE
PL 636/2025,1,2000,ALESSANDRO GUEDES
PL 636/2025,2,2278,KEIT LIMA
PL 637/2025,1,2278,KEIT LIMA
PL 638/2025,1,2255,JOÃO ANANIAS
PL 638/2025,2,2278,KEIT LIMA
PL 639/2025,1,2229,RICARDO NUNES
PL 640/2025,1,2229,RICARDO NUNES
PL 641/2025,1,1635,DRA. SANDRA TADEU
PL 641/2025,2,2216,SONAIRA FERNANDES
PL 641/2025,3,2266,ADRILLES JORGE
PL 641/2025,4,2282,LUCAS PAVANATO
PL 642/2025,1,2224,SANDRA SANTANA
PL 643/2025,1,2146,GILBERTO NASCIMENTO
PL 644/2025,1,2146,GILBERTO NASCIMENTO
PL 645/2025,1,2274,SARGENTO NANTES
PL 646/2025,1,2268,AMANDA VETTORAZZO
PL 646/2025,2,2279,SILVINHO LEITE
PL 647/2025,1,1999,PROFESSOR TONINHO VESPOLI
PL 647/2025,2,2228,RENATA FALZONI
PL 647/2025,3,2276,SILVÃO LEITE
PL 647/2025,4,2279,SILVINHO LEITE
PL 648/2025,1,2275,GABRIEL ABREU
PL 649/2025,1,936,NABIL BONDUKI
PL 650/2025,1,2267,AMANDA PASCHOAL
PL 650/2025,2,2278,KEIT LIMA
PL 651/2025,1,2274,SARGENTO NANTES
PL 651/2025,2,2279,SILVINHO LEITE
PL 652/2025,1,2267,AMANDA PASCHOAL
PL 653/2025,1,2274,SARGENTO NANTES
PL 654/2025,1,2160,JOÃO JORGE
PL 655/2025,1,2255,JOÃO ANANIAS
PL 655/2025,2,2278,KEIT LIMA
PL 656/2025,1,2278,KEIT LIMA
PL 657/2025,1,1999,PROFESSOR TONINHO VESPOLI
PL 658/2025,1,2273,DR. MURILLO LIMA
PL 659/2025,1,776,ELISEU GABRIEL
PL 661/2025,1,2255,JOÃO ANANIAS
PL 661/2025,2,2278,KEIT LIMA
PL 662/2025,1,776,ELISEU GABRIEL
PL 663/2025,1,1487,RICARDO TEIXEIRA
PL 664/2025,1,1487,RICARDO TEIXEIRA
PL 664/2025,2,1999,PROFESSOR TONINHO VESPOLI
PL 665/2025,1,2001,JAIR TATTO
PL 666/2025,1,2001,JAIR TATTO
PL 667/2025,1,2218,THAMMY MIRANDA
PL 668/2025,1,2274,SARGENTO NANTES
PL 669/2025,1,2278,KEIT LIMA
PL 670/2025,1,2278,KEIT LIMA
PL 671/2025,1,2278,KEIT LIMA
PL 672/2025,1,2278,KEIT LIMA
PL 673/2025,1,2229,RICARDO NUNES
PL 674/2025,1,2229,RICARDO NUNES
PL 675/2025,1,1487,RICARDO TEIXEIRA
PL 676/2025,1,1487,RICARDO TEIXEIRA
PL 676/2025,2,2279,SILVINHO LEITE
PL 677/2025,1,2272,DHEISON SILVA
PL 678/2025,1,2206,SILVIA DA BANCADA FEMINISTA
PL 678/2025,2,2278,KEIT LIMA
PL 678/2025,3,2279,SILVINHO LEITE
PL 679/2025,1,2206,SILVIA DA BANCADA FEMINISTA
PL 680/2025,1,1989,GEORGE HATO
PL 681/2025,1,2274,SARGENTO NANTES
PL 682/2025,1,2254,LUNA ZARATTINI
PL 683/2025,1,2211,SIDNEY CRUZ
PL 683/2025,2,2219,MARCELO MESSIAS
PL 683/2025,3,2224,SANDRA SANTANA
PL 684/2025,1,2205,LUANA ALVES
PL 685/2025,1,2205,LUANA ALVES
PL 686/2025,1,2160,JOÃO JORGE
PL 687/2025,1,2272,DHEISON SILVA
PL 688/2025,1,2278,KEIT LIMA
PL 689/2025,1,2153,RODRIGO GOULART
PL 690/2025,1,2153,RODRIGO GOULART
PL 691/2025,1,2229,RICARDO NUNES
PL 692/2025,1,2229,RICARDO NUNES
PL 693/2025,1,2266,ADRILLES JORGE
PL 693/2025,2,2279,SILVINHO LEITE
PL 694/2025,1,2217,SANSÃO PEREIRA
PL 695/2025,1,1999,PROFESSOR TONINHO VESPOLI
PL 696/2025,1,1999,PROFESSOR TONINHO VESPOLI
PL 697/2025,1,1635,DRA. SANDRA TADEU
PL 697/2025,2,2217,SANSÃO PEREIRA
PL 697/2025,3,2224,SANDRA SANTANA
PL 697/2025,4,2276,SILVÃO LEITE
PL 697/2025,5,2279,SILVINHO LEITE
PL 698/2025,1,2217,SANSÃO PEREIRA
PL 698/2025,2,2218,THAMMY MIRANDA
PL 698/2025,3,2276,SILVÃO LEITE
PL 698/2025,4,2277,JANAINA PASCHOAL
PL 698/2025,5,2279,SILVINHO LEITE
PL 699/2025,1,2146,GILBERTO NASCIMENTO
PL 699/2025,2,2274,SARGENTO NANTES
PL 700/2025,1,2246,MAJOR PALUMBO
PL 701/2025,1,2217,SANSÃO PEREIRA
PL 701/2025,2,2222,CRIS MONTEIRO
PL 701/2025,3,2224,SANDRA SANTANA
PL 701/2025,4,2246,MAJOR PALUMBO
PL 701/2025,5,2268,AMANDA VETTORAZZO
PL 701/2025,6,2279,SILVINHO LEITE
PL 702/2025,1,2246,MAJOR PALUMBO
PL 703/2025,1,2281,SIMONE GANEM
PL 704/2025,1,2219,MARCELO MESSIAS
PL 704/2025,2,2276,SILVÃO LEITE
PL 704/2025,3,2279,SILVINHO LEITE
PL 705/2025,1,2146,GILBERTO NASCIMENTO
PL 705/2025,2,2228,RENATA FALZONI
PL 705/2025,3,2246,MAJOR PALUMBO
PL 705/2025,4,2279,SILVINHO LEITE
PL 706/2025,1,2150,ANDRÉ SANTOS
PL 707/2025,1,2150,ANDRÉ SANTOS
PL 708/2025,1,2150,ANDRÉ SANTOS
PL 709/2025,1,2150,ANDRÉ SANTOS
PL 709/2025,2,2279,SILVINHO LEITE
PL 710/2025,1,776,ELISEU GABRIEL
PL 711/2025,1,1999,PROFESSOR TONINHO VESPOLI
PL 711/2025,2,2281,SIMONE GANEM
PL 712/2025,1,2268,AMANDA VETTORAZZO
PL 712/2025,2,2271,ANA CAROLINA OLIVEIRA
PL 712/2025,3,2279,SILVINHO LEITE
PL 713/2025,1,2219,MARCELO MESSIAS
PL 714/2025,1,2217,SANSÃO PEREIRA
PL 715/2025,1,2217,SANSÃO PEREIRA
PL 715/2025,2,2221,ELI CORRÊA
PL 715/2025,3,2279,SILVINHO LEITE
PL 716/2025,1,2217,SANSÃO PEREIRA
PL 717/2025,1,2217,SANSÃO PEREIRA
PL 718/2025,1,2280,KENJI ITO
PL 719/2025,1,2217,SANSÃO PEREIRA
PL 720/2025,1,2217,SANSÃO PEREIRA
PL 721/2025,1,2217,SANSÃO PEREIRA
PL 721/2025,2,2276,SILVÃO LEITE
PL 722/2025,1,2217,SANSÃO PEREIRA
PL 723/2025,1,2217,SANSÃO PEREIRA
PL 724/2025,1,2217,SANSÃO PEREIRA
PL 724/2025,2,2224,SANDRA SANTANA
PL 724/2025,3,2276,SILVÃO LEITE
PL 725/2025,1,2217,SANSÃO PEREIRA
PL 726/2025,1,2217,SANSÃO PEREIRA
PL 727/2025,1,2278,KEIT LIMA
PL 728/2025,1,2278,KEIT LIMA
PL 729/2025,1,2278,KEIT LIMA
PL 730/2025,1,2273,DR. MURILLO LIMA
PL 731/2025,1,2274,SARGENTO NANTES
PL 732/2025,1,1635,DRA. SANDRA TADEU
PL 732/2025,2,2150,ANDRÉ SANTOS
PL 732/2025,3,2275,GABRIEL ABREU
PL 732/2025,4,2276,SILVÃO LEITE
PL 733/2025,1,2279,SILVINHO LEITE
PL 733/2025,2,2280,KENJI ITO
PL 734/2025,1,1999,PROFESSOR TONINHO VESPOLI
PL 735/2025,1,2283,ZOE MARTÍNEZ
PL 736/2025,1,776,ELISEU GABRIEL
PL 737/2025,1,1999,PROFESSOR TONINHO VESPOLI
PL 738/2025,1,2209,DANILO DO POSTO DE SAÚDE
PL 739/2025,1,2267,AMANDA PASCHOAL
PL 740/2025,1,2254,LUNA ZARATTINI
PL 741/2025,1,2267,AMANDA PASCHOAL
PL 742/2025,1,2267,AMANDA PASCHOAL
PL 743/2025,1,2274,SARGENTO NANTES
PL 744/2025,1,2275,GABRIEL ABREU
PL 745/2025,1,2159,RUTE COSTA
PL 745/2025,2,2216,SONAIRA FERNANDES
PL 745/2025,3,2271,ANA CAROLINA OLIVEIRA
PL 745/2025,4,2279,SILVINHO LEITE
PL 746/2025,1,2159,RUTE COSTA
PL 747/2025,1,2159,RUTE COSTA
PL 748/2025,1,2159,RUTE COSTA
PL 749/2025,1,2159,RUTE COSTA
PL 750/2025,1,2224,SANDRA SANTANA
PL 751/2025,1,1999,PROFESSOR TONINHO VESPOLI
PL 752/2025,1,2278,KEIT LIMA
PL 753/2025,1,2278,KEIT LIMA
PL 754/2025,1,2150,ANDRÉ SANTOS
PL 754/2025,2,2268,AMANDA VETTORAZZO
PL 755/2025,1,2150,ANDRÉ SANTOS
PL 756/2025,1,1635,DRA. SANDRA TADEU
PL 757/2025,1,2229,RICARDO NUNES
PL 758/2025,1,1635,DRA. SANDRA TADEU
PL 759/2025,1,2271,ANA CAROLINA OLIVEIRA
PL 760/2025,1,936,NABIL BONDUKI
PL 761/2025,1,936,NABIL BONDUKI
PL 762/2025,1,2273,DR. MURILLO LIMA
PL 763/2025,1,2210,ELY TERUEL
PL 763/2025,2,2279,SILVINHO LEITE
PL 764/2025,1,2210,ELY TERUEL
PL 765/2025,1,2210,ELY TERUEL
PL 765/2025,2,2279,SILVINHO LEITE
PL 766/2025,1,1999,PROFESSOR TONINHO VESPOLI
PL 767/2025,1,2144,FABIO RIVA
PL 768/2025,1,2147,ISAC FÉLIX
PL 769/2025,1,2205,LUANA ALVES
PL 770/2025,1,1487,RICARDO TEIXEIRA
PL 770/2025,2,2281,SIMONE GANEM
PL 771/2025,1,2281,SIMONE GANEM
PL 772/2025,1,2281,SIMONE GANEM
PL 773/2025,1,2281,SIMONE GANEM
PL 774/2025,1,2280,KENJI ITO
PL 775/2025,1,2222,CRIS MONTEIRO
PL 775/2025,2,2279,SILVINHO LEITE
PL 776/2025,1,776,ELISEU GABRIEL
PL 777/2025,1,2210,ELY TERUEL
PL 777/2025,2,2267,AMANDA PASCHOAL
PL 777/2025,3,2273,DR. MURILLO LIMA
PL 777/2025,4,2279,SILVINHO LEITE
PL 777/2025,5,2281,SIMONE GANEM
PL 778/2025,1,2271,ANA CAROLINA OLIVEIRA
PL 779/2025,1,2224,SANDRA SANTANA
PL 780/2025,1,2277,JANAINA PASCHOAL
PL 781/2025,1,2147,ISAC FÉLIX
PL 782/2025,1,2147,ISAC FÉLIX
PL 783/2025,1,2147,ISAC FÉLIX
PL 784/2025,1,2147,ISAC FÉLIX
PL 785/2025,1,2147,ISAC FÉLIX
PL 786/2025,1,2147,ISAC FÉLIX
PL 787/2025,1,2147,ISAC FÉLIX
PL 788/2025,1,2279,SILVINHO LEITE
PL 789/2025,1,267,PAULO FRANGE
PL 789/2025,2,1999,PROFESSOR TONINHO VESPOLI
PL 789/2025,3,2153,RODRIGO GOULART
PL 789/2025,4,2159,RUTE COSTA
PL 789/2025,5,2224,SANDRA SANTANA
PL 789/2025,6,2270,PASTORA SANDRA ALVES
PL 790/2025,1,2281,SIMONE GANEM
PL 791/2025,1,2281,SIMONE GANEM
PL 792/2025,1,2281,SIMONE GANEM
PL 793/2025,1,2281,SIMONE GANEM
PL 794/2025,1,2270,PASTORA SANDRA ALVES
PL 795/2025,1,2268,AMANDA VETTORAZZO
PL 796/2025,1,2268,AMANDA VETTORAZZO
PL 797/2025,1,2268,AMANDA VETTORAZZO
PL 798/2025,1,2273,DR. MURILLO LIMA
PL 799/2025,1,2222,CRIS MONTEIRO
PL 800/2025,1,2224,SANDRA SANTANA
PL 800/2025,2,2270,PASTORA SANDRA ALVES
PL 801/2025,1,2268,AMANDA VETTORAZZO
PL 802/2025,1,776,ELISEU GABRIEL
PL 803/2025,1,776,ELISEU GABRIEL
PL 804/2025,1,1999,PROFESSOR TONINHO VESPOLI
PL 805/2025,1,776,ELISEU GABRIEL
PL 806/2025,1,2275,GABRIEL ABREU
PL 807/2025,1,2275,GABRIEL ABREU
PL 808/2025,1,2275,GABRIEL ABREU
PL 809/2025,1,2267,AMANDA PASCHOAL
PL 810/2025,1,267,PAULO FRANGE
PL 811/2025,1,2224,SANDRA SANTANA
PL 811/2025,2,2276,SILVÃO LEITE
PL 812/2025,1,2147,ISAC FÉLIX
PL 812/2025,2,2216,SONAIRA FERNANDES
PL 812/2025,3,2255,JOÃO ANANIAS
PL 812/2025,4,2256,HÉLIO RODRIGUES
PL 812/2025,5,2279,SILVINHO LEITE
PL 813/2025,1,2256,HÉLIO RODRIGUES
PL 813/2025,2,2278,KEIT LIMA
PL 814/2025,1,2255,JOÃO ANANIAS
PL 814/2025,2,2270,PASTORA SANDRA ALVES
PL 814/2025,3,2278,KEIT LIMA
PL 814/2025,4,2279,SILVINHO LEITE
PL 815/2025,1,2255,JOÃO ANANIAS
PL 815/2025,2,2278,KEIT LIMA
PL 816/2025,1,2278,KEIT LIMA
PL 817/2025,1,2229,RICARDO NUNES
PL 818/2025,1,936,NABIL BONDUKI
PL 818/2025,2,1349,SENIVAL MOURA
PL 818/2025,3,1487,RICARDO TEIXEIRA
PL 818/2025,4,1999,PROFESSOR TONINHO VESPOLI
PL 818/2025,5,2159,RUTE COSTA
PL 818/2025,6,2218,THAMMY MIRANDA
PL 818/2025,7,2219,MARCELO MESSIAS
PL 818/2025,8,2224,SANDRA SANTANA
PL 818/2025,9,2228,RENATA FALZONI
PL 818/2025,10,2268,AMANDA VETTORAZZO
PL 818/2025,11,2269,MARINA BRAGANTE
PL 818/2025,12,2276,SILVÃO LEITE
PL 818/2025,13,2277,JANAINA PASCHOAL
PL 818/2025,14,2279,SILVINHO LEITE
PL 819/2025,1,2222,CRIS MONTEIRO
PL 820/2025,1,2268,AMANDA VETTORAZZO
PL 821/2025,1,2224,SANDRA SANTANA
PL 822/2025,1,267,PAULO FRANGE
PL 823/2025,1,936,NABIL BONDUKI
PL 824/2025,1,936,NABIL BONDUKI
PL 824/2025,2,2228,RENATA FALZONI
PL 825/2025,1,936,NABIL BONDUKI
PL 826/2025,1,936,NABIL BONDUKI
PL 827/2025,1,1487,RICARDO TEIXEIRA
PL 828/2025,1,2222,CRIS MONTEIRO
PL 830/2025,1,1487,RICARDO TEIXEIRA
PL 830/2025,2,2280,KENJI ITO
PL 831/2025,1,2254,LUNA ZARATTINI
PL 832/2025,1,2273,DR. MURILLO LIMA
PL 833/2025,1,2271,ANA CAROLINA OLIVEIRA
PL 834/2025,1,2150,ANDRÉ SANTOS
PL 834/2025,2,2270,PASTORA SANDRA ALVES
PL 834/2025,3,2271,ANA CAROLINA OLIVEIRA
PL 834/2025,4,2276,SILVÃO LEITE
PL 834/2025,5,2279,SILVINHO LEITE
PL 835/2025,1,2271,ANA CAROLINA OLIVEIRA
PL 836/2025,1,2271,ANA CAROLINA OLIVEIRA
PL 837/2025,1,2222,CRIS MONTEIRO
PL 838/2025,1,2222,CRIS MONTEIRO
PL 839/2025,1,2275,GABRIEL ABREU
PL 840/2025,1,2275,GABRIEL ABREU
PL 841/2025,1,2221,ELI CORRÊA
PL 841/2025,2,2275,GABRIEL ABREU
PL 842/2025,1,2275,GABRIEL ABREU
PL 843/2025,1,2150,ANDRÉ SANTOS
PL 843/2025,2,2279,SILVINHO LEITE
PL 844/2025,1,2150,ANDRÉ SANTOS
PL 845/2025,1,2270,PASTORA SANDRA ALVES
PL 846/2025,1,1989,GEORGE HATO
PL 847/2025,1,2219,MARCELO MESSIAS
PL 847/2025,2,2276,SILVÃO LEITE
PL 848/2025,1,1999,PROFESSOR TONINHO VESPOLI
PL 849/2025,1,2281,SIMONE GANEM
PL 850/2025,1,2281,SIMONE GANEM
PL 851/2025,1,2281,SIMONE GANEM
PL 852/2025,1,2247,LUIZ PROTEÇÃO ANIMAL
PL 852/2025,2,2281,SIMONE GANEM
PL 853/2025,1,2247,LUIZ PROTEÇÃO ANIMAL
PL 853/2025,2,2281,SIMONE GANEM
PL 854/2025,1,2221,ELI CORRÊA
PL 854/2025,2,2281,SIMONE GANEM
PL 855/2025,1,2247,LUIZ PROTEÇÃO ANIMAL
PL 855/2025,2,2281,SIMONE GANEM
PL 856/2025,1,2228,RENATA FALZONI
PL 857/2025,1,2159,RUTE COSTA
PL 858/2025,1,2159,RUTE COSTA
PL 859/2025,1,2159,RUTE COSTA
PL 860/2025,1,2159,RUTE COSTA
PL 861/2025,1,2159,RUTE COSTA
PL 862/2025,1,2268,AMANDA VETTORAZZO
PL 863/2025,1,2274,SARGENTO NANTES
PL 864/2025,1,2274,SARGENTO NANTES
PL 865/2025,1,1635,DRA. SANDRA TADEU
PL 865/2025,2,2146,GILBERTO NASCIMENTO
PL 865/2025,3,2159,RUTE COSTA
PL 865/2025,4,2219,MARCELO MESSIAS
PL 865/2025,5,2222,CRIS MONTEIRO
PL 865/2025,6,2279,SILVINHO LEITE
PL 865/2025,7,2280,KENJI ITO
PL 866/2025,1,2274,SARGENTO NANTES
PL 867/2025,1,2217,SANSÃO PEREIRA
PL 868/2025,1,2217,SANSÃO PEREIRA
PL 869/2025,1,2217,SANSÃO PEREIRA
PL 870/2025,1,2217,SANSÃO PEREIRA
PL 871/2025,1,2281,SIMONE GANEM
PL 872/2025,1,2000,ALESSANDRO GUEDES
PL 872/2025,2,2144,FABIO RIVA
PL 872/2025,3,2160,JOÃO JORGE
PL 872/2025,4,2218,THAMMY MIRANDA
PL 872/2025,5,2219,MARCELO MESSIAS
PL 872/2025,6,2268,AMANDA VETTORAZZO
PL 872/2025,7,2274,SARGENTO NANTES
PL 872/2025,8,2279,SILVINHO LEITE
PL 873/2025,1,1647,EDIR SALES
PL 873/2025,2,2283,ZOE MARTÍNEZ
PL 874/2025,1,2206,SILVIA DA BANCADA FEMINISTA
PL 874/2025,2,2254,LUNA ZARATTINI
PL 874/2025,3,2269,MARINA BRAGANTE
PL 874/2025,4,2278,KEIT LIMA
PL 875/2025,1,2279,SILVINHO LEITE
PL 876/2025,1,2268,AMANDA VETTORAZZO
PL 876/2025,2,2279,SILVINHO LEITE
PL 877/2025,1,2267,AMANDA PASCHOAL
PL 878/2025,1,2256,HÉLIO RODRIGUES
PL 879/2025,1,2268,AMANDA VETTORAZZO
PL 880/2025,1,2268,AMANDA VETTORAZZO
PL 881/2025,1,2224,SANDRA SANTANA
PL 882/2025,1,936,NABIL BONDUKI
PL 882/2025,2,1349,SENIVAL MOURA
PL 882/2025,3,2205,LUANA ALVES
PL 882/2025,4,2206,SILVIA DA BANCADA FEMINISTA
PL 882/2025,5,2228,RENATA FALZONI
PL 882/2025,6,2254,LUNA ZARATTINI
PL 882/2025,7,2255,JOÃO ANANIAS
PL 882/2025,8,2267,AMANDA PASCHOAL
PL 882/2025,9,2269,MARINA BRAGANTE
PL 882/2025,10,2278,KEIT LIMA
PL 883/2025,1,2147,ISAC FÉLIX
PL 884/2025,1,2147,ISAC FÉLIX
PL 885/2025,1,2275,GABRIEL ABREU
PL 886/2025,1,2275,GABRIEL ABREU
PL 887/2025,1,2209,DANILO DO POSTO DE SAÚDE
PL 888/2025,1,2275,GABRIEL ABREU
PL 889/2025,1,1635,DRA. SANDRA TADEU
PL 889/2025,2,2146,GILBERTO NASCIMENTO
PL 889/2025,3,2160,JOÃO JORGE
PL 889/2025,4,2218,THAMMY MIRANDA
PL 889/2025,5,2219,MARCELO MESSIAS
PL 889/2025,6,2224,SANDRA SANTANA
PL 889/2025,7,2279,SILVINHO LEITE
PL 889/2025,8,2280,KENJI ITO
PL 890/2025,1,2266,ADRILLES JORGE
PL 891/2025,1,2205,LUANA ALVES
PL 891/2025,2,2278,KEIT LIMA
PL 892/2025,1,2219,MARCELO MESSIAS
PL 893/2025,1,696,CARLOS BEZERRA JR.
PL 893/2025,2,936,NABIL BONDUKI
PL 893/2025,3,1487,RICARDO TEIXEIRA
PL 893/2025,4,1999,PROFESSOR TONINHO VESPOLI
PL 893/2025,5,2146,GILBERTO NASCIMENTO
PL 893/2025,6,2206,SILVIA DA BANCADA FEMINISTA
PL 893/2025,7,2254,LUNA ZARATTINI
PL 893/2025,8,2255,JOÃO ANANIAS
PL 893/2025,9,2256,HÉLIO RODRIGUES
PL 893/2025,10,2267,AMANDA PASCHOAL
PL 893/2025,11,2272,DHEISON SILVA
PL 894/2025,1,1647,EDIR SALES
PL 895/2025,1,1487,RICARDO TEIXEIRA
PL 896/2025,1,2268,AMANDA VETTORAZZO
PL 897/2025,1,2268,AMANDA VETTORAZZO
PL 898/2025,1,2288,ANDRÉ SOUZA
PL 899/2025,1,2288,ANDRÉ SOUZA
PL 900/2025,1,2288,ANDRÉ SOUZA
PL 901/2025,1,2147,ISAC FÉLIX
PL 902/2025,1,1487,RICARDO TEIXEIRA
PL 902/2025,2,2185,CELSO GIANNAZI
PL 903/2025,1,2159,RUTE COSTA
PL 903/2025,2,2279,SILVINHO LEITE
PL 904/2025,1,2185,CELSO GIANNAZI
PL 905/2025,1,2159,RUTE COSTA
PL 906/2025,1,2217,SANSÃO PEREIRA
PL 906/2025,2,2224,SANDRA SANTANA
PL 906/2025,3,2269,MARINA BRAGANTE
PL 906/2025,4,2276,SILVÃO LEITE
PL 907/2025,1,2210,ELY TERUEL
PL 907/2025,2,2273,DR. MURILLO LIMA
PL 907/2025,3,2279,SILVINHO LEITE
PL 908/2025,1,2273,DR. MURILLO LIMA
PL 909/2025,1,2278,KEIT LIMA
PL 910/2025,1,2160,JOÃO JORGE
PL 910/2025,2,2218,THAMMY MIRANDA
PL 911/2025,1,2281,SIMONE GANEM
PL 912/2025,1,2267,AMANDA PASCHOAL
PL 913/2025,1,1487,RICARDO TEIXEIRA
PL 914/2025,1,2267,AMANDA PASCHOAL
PL 915/2025,1,2271,ANA CAROLINA OLIVEIRA
PL 915/2025,2,2274,SARGENTO NANTES
PL 916/2025,1,2255,JOÃO ANANIAS
PL 917/2025,1,2255,JOÃO ANANIAS
PL 918/2025,1,2275,GABRIEL ABREU
PL 919/2025,1,2275,GABRIEL ABREU
PL 920/2025,1,2210,ELY TERUEL
PL 920/2025,2,2275,GABRIEL ABREU
PL 920/2025,3,2279,SILVINHO LEITE
PL 921/2025,1,2275,GABRIEL ABREU
PL 922/2025,1,2205,LUANA ALVES
PL 923/2025,1,2288,ANDRÉ SOUZA
PL 924/2025,1,2247,LUIZ PROTEÇÃO ANIMAL
PL 924/2025,2,2281,SIMONE GANEM
PL 925/2025,1,2281,SIMONE GANEM
PL 926/2025,1,2147,ISAC FÉLIX
PL 927/2025,1,1487,RICARDO TEIXEIRA
PL 928/2025,1,1635,DRA. SANDRA TADEU
PL 929/2025,1,1999,PROFESSOR TONINHO VESPOLI
PL 929/2025,2,2221,ELI CORRÊA
PL 930/2025,1,1999,PROFESSOR TONINHO VESPOLI
PL 931/2025,1,2205,LUANA ALVES
PL 933/2025,1,2000,ALESSANDRO GUEDES
PL 933/2025,2,2217,SANSÃO PEREIRA
PL 934/2025,1,2205,LUANA ALVES
PL 935/2025,1,1635,DRA. SANDRA TADEU
PL 936/2025,1,2278,KEIT LIMA
PL 937/2025,1,1635,DRA. SANDRA TADEU
PL 938/2025,1,2272,DHEISON SILVA
PL 939/2025,1,2272,DHEISON SILVA
PL 940/2025,1,2144,FABIO RIVA
PL 940/2025,2,2206,SILVIA DA BANCADA FEMINISTA
PL 940/2025,3,2219,MARCELO MESSIAS
PL 940/2025,4,2224,SANDRA SANTANA
PL 940/2025,5,2276,SILVÃO LEITE
PL 940/2025,6,2279,SILVINHO LEITE
PL 941/2025,1,2256,HÉLIO RODRIGUES
PL 942/2025,1,2282,LUCAS PAVANATO
PL 943/2025,1,2278,KEIT LIMA
PL 944/2025,1,2217,SANSÃO PEREIRA
PL 944/2025,2,2269,MARINA BRAGANTE
PL 944/2025,3,2278,KEIT LIMA
PL 944/2025,4,2279,SILVINHO LEITE
PL 945/2025,1,2282,LUCAS PAVANATO
PL 946/2025,1,2269,MARINA BRAGANTE
PL 947/2025,1,1635,DRA. SANDRA TADEU
PL 948/2025,1,2275,GABRIEL ABREU
PL 949/2025,1,2269,MARINA BRAGANTE
PL 950/2025,1,2278,KEIT LIMA
PL 951/2025,1,2205,LUANA ALVES
PL 952/2025,1,2256,HÉLIO RODRIGUES
PL 953/2025,1,2288,ANDRÉ SOUZA
PL 954/2025,1,2288,ANDRÉ SOUZA
PL 955/2025,1,2288,ANDRÉ SOUZA
PL 956/2025,1,2288,ANDRÉ SOUZA
PL 957/2025,1,2205,LUANA ALVES
PL 958/2025,1,2288,ANDRÉ SOUZA
PL 959/2025,1,2255,JOÃO ANANIAS
PL 959/2025,2,2278,KEIT LIMA
PL 960/2025,1,2267,AMANDA PASCHOAL
PL 961/2025,1,2272,DHEISON SILVA
PL 962/2025,1,2185,CELSO GIANNAZI
PL 963/2025,1,2229,RICARDO NUNES
PL 964/2025,1,2278,KEIT LIMA
PL 965/2025,1,2267,AMANDA PASCHOAL
PL 965/2025,2,2278,KEIT LIMA
PL 966/2025,1,776,ELISEU GABRIEL
PL 967/2025,1,2275,GABRIEL ABREU
PL 968/2025,1,2275,GABRIEL ABREU
PL 969/2025,1,2281,SIMONE GANEM
PL 970/2025,1,2281,SIMONE GANEM
PL 971/2025,1,2281,SIMONE GANEM
PL 972/2025,1,2267,AMANDA PASCHOAL
PL 973/2025,1,2159,RUTE COSTA
PL 974/2025,1,2214,RUBINHO NUNES
PL 974/2025,2,2282,LUCAS PAVANATO
PL 975/2025,1,2269,MARINA BRAGANTE
PL 976/2025,1,2269,MARINA BRAGANTE
PL 977/2025,1,2219,MARCELO MESSIAS
PL 978/2025,1,2001,JAIR TATTO
PL 978/2025,2,2219,MARCELO MESSIAS
PL 978/2025,3,2276,SILVÃO LEITE
PL 979/2025,1,2219,MARCELO MESSIAS
PL 979/2025,2,2276,SILVÃO LEITE
PL 980/2025,1,2219,MARCELO MESSIAS
PL 980/2025,2,2276,SILVÃO LEITE
PL 981/2025,1,2268,AMANDA VETTORAZZO
PL 982/2025,1,2271,ANA CAROLINA OLIVEIRA
PL 983/2025,1,2269,MARINA BRAGANTE
PL 984/2025,1,2278,KEIT LIMA
PL 985/2025,1,1999,PROFESSOR TONINHO VESPOLI
PL 985/2025,2,2276,SILVÃO LEITE
PL 986/2025,1,2288,ANDRÉ SOUZA
PL 987/2025,1,2288,ANDRÉ SOUZA
PL 988/2025,1,2278,KEIT LIMA
PL 989/2025,1,2256,HÉLIO RODRIGUES
PL 990/2025,1,2275,GABRIEL ABREU
PL 991/2025,1,2256,HÉLIO RODRIGUES
PL 992/2025,1,2256,HÉLIO RODRIGUES
PL 993/2025,1,2214,RUBINHO NUNES
PL 994/2025,1,2283,ZOE MARTÍNEZ
PL 995/2025,1,2219,MARCELO MESSIAS
PL 996/2025,1,1999,PROFESSOR TONINHO VESPOLI
PL 996/2025,2,2221,ELI CORRÊA
PL 996/2025,3,2267,AMANDA PASCHOAL
PL 997/2025,1,2205,LUANA ALVES
PL 998/2025,1,2216,SONAIRA FERNANDES
PL 998/2025,2,2219,MARCELO MESSIAS
PL 999/2025,1,2216,SONAIRA FERNANDES
PL 1000/2025,1,2216,SONAIRA FERNANDES
PL 1001/2025,1,2159,RUTE COSTA
PL 1002/2025,1,2281,SIMONE GANEM
PL 1003/2025,1,2281,SIMONE GANEM
PL 1004/2025,1,2273,DR. MURILLO LIMA
PL 1005/2025,1,2219,MARCELO MESSIAS
PL 1005/2025,2,2246,MAJOR PALUMBO
PL 1005/2025,3,2279,SILVINHO LEITE
PL 1006/2025,1,2219,MARCELO MESSIAS
PL 1006/2025,2,2276,SILVÃO LEITE
PL 1007/2025,1,2219,MARCELO MESSIAS
PL 1007/2025,2,2276,SILVÃO LEITE
PL 1008/2025,1,2219,MARCELO MESSIAS
PL 1008/2025,2,2276,SILVÃO LEITE
PL 1009/2025,1,2219,MARCELO MESSIAS
PL 1009/2025,2,2276,SILVÃO LEITE
PL 1010/2025,1,2001,JAIR TATTO
PL 1011/2025,1,2001,JAIR TATTO
PL 1011/2025,2,2275,GABRIEL ABREU
PL 1012/2025,1,2001,JAIR TATTO
PL 1013/2025,1,2001,JAIR TATTO
PL 1015/2025,1,1635,DRA. SANDRA TADEU
PL 1015/2025,2,2224,SANDRA SANTANA
PL 1015/2025,3,2269,MARINA BRAGANTE
PL 1015/2025,4,2270,PASTORA SANDRA ALVES
PL 1016/2025,1,1635,DRA. SANDRA TADEU
PL 1016/2025,2,2224,SANDRA SANTANA
PL 1016/2025,3,2269,MARINA BRAGANTE
PL 1016/2025,4,2270,PASTORA SANDRA ALVES
PL 1017/2025,1,1635,DRA. SANDRA TADEU
PL 1018/2025,1,1999,PROFESSOR TONINHO VESPOLI
PL 1018/2025,2,2000,ALESSANDRO GUEDES
PL 1018/2025,3,2146,GILBERTO NASCIMENTO
PL 1018/2025,4,2210,ELY TERUEL
PL 1018/2025,5,2217,SANSÃO PEREIRA
PL 1018/2025,6,2273,DR. MURILLO LIMA
PL 1018/2025,7,2278,KEIT LIMA
PL 1018/2025,8,2279,SILVINHO LEITE
PL 1018/2025,9,2281,SIMONE GANEM
PL 1019/2025,1,2272,DHEISON SILVA
PL 1020/2025,1,2267,AMANDA PASCHOAL
PL 1020/2025,2,2279,SILVINHO LEITE
PL 1021/2025,1,2222,CRIS MONTEIRO
PL 1022/2025,1,1635,DRA. SANDRA TADEU
PL 1023/2025,1,2246,MAJOR PALUMBO
PL 1024/2025,1,1999,PROFESSOR TONINHO VESPOLI
PL 1025/2025,1,2278,KEIT LIMA
PL 1025/2025,2,2279,SILVINHO LEITE
PL 1026/2025,1,2278,KEIT LIMA
PL 1027/2025,1,2267,AMANDA PASCHOAL
PL 1027/2025,2,2278,KEIT LIMA
PL 1028/2025,1,2219,MARCELO MESSIAS
PL 1029/2025,1,2277,JANAINA PASCHOAL
PL 1030/2025,1,1989,GEORGE HATO
PL 1030/2025,2,2279,SILVINHO LEITE
PL 1031/2025,1,1647,EDIR SALES
PL 1032/2025,1,2224,SANDRA SANTANA
PL 1033/2025,1,2256,HÉLIO RODRIGUES
PL 1034/2025,1,2256,HÉLIO RODRIGUES
PL 1035/2025,1,2256,HÉLIO RODRIGUES
PL 1036/2025,1,2274,SARGENTO NANTES
PL 1037/2025,1,2275,GABRIEL ABREU
PL 1038/2025,1,2001,JAIR TATTO
PL 1039/2025,1,2274,SARGENTO NANTES
PL 1040/2025,1,2268,AMANDA VETTORAZZO
PL 1041/2025,1,1487,RICARDO TEIXEIRA
PL 1042/2025,1,2277,JANAINA PASCHOAL
PL 1042/2025,2,2279,SILVINHO LEITE
PL 1043/2025,1,2278,KEIT LIMA
PL 1045/2025,1,2278,KEIT LIMA
PL 1047/2025,1,1999,PROFESSOR TONINHO VESPOLI
PL 1048/2025,1,2219,MARCELO MESSIAS
PL 1049/2025,1,1635,DRA. SANDRA TADEU
PL 1050/2025,1,2256,HÉLIO RODRIGUES
PL 1051/2025,1,2288,ANDRÉ SOUZA
PL 1052/2025,1,2288,ANDRÉ SOUZA
PL 1053/2025,1,2247,LUIZ PROTEÇÃO ANIMAL
PL 1053/2025,2,2281,SIMONE GANEM
PL 1054/2025,1,2288,ANDRÉ SOUZA
PL 1055/2025,1,1647,EDIR SALES
PL 1055/2025,2,2268,AMANDA VETTORAZZO
PL 1055/2025,3,2274,SARGENTO NANTES
PL 1055/2025,4,2279,SILVINHO LEITE
PL 1056/2025,1,2268,AMANDA VETTORAZZO
PL 1057/2025,1,2268,AMANDA VETTORAZZO
PL 1058/2025,1,2278,KEIT LIMA
PL 1059/2025,1,2278,KEIT LIMA
PL 1059/2025,2,2279,SILVINHO LEITE
PL 1060/2025,1,2278,KEIT LIMA
PL 1061/2025,1,696,CARLOS BEZERRA JR.
PL 1062/2025,1,936,NABIL BONDUKI
PL 1063/2025,1,2229,RICARDO NUNES
PL 1064/2025,1,1636,DR. MILTON FERREIRA
PL 1064/2025,2,2185,CELSO GIANNAZI
PL 1065/2025,1,2210,ELY TERUEL
PL 1066/2025,1,1647,EDIR SALES
PL 1067/2025,1,2216,SONAIRA FERNANDES
PL 1068/2025,1,2278,KEIT LIMA
PL 1068/2025,2,2279,SILVINHO LEITE
PL 1069/2025,1,1487,RICARDO TEIXEIRA
PL 1069/2025,2,2278,KEIT LIMA
PL 1070/2025,1,2150,ANDRÉ SANTOS
PL 1071/2025,1,2150,ANDRÉ SANTOS
PL 1071/2025,2,2279,SILVINHO LEITE
PL 1072/2025,1,2219,MARCELO MESSIAS
PL 1073/2025,1,2150,ANDRÉ SANTOS
PL 1073/2025,2,2224,SANDRA SANTANA
PL 1074/2025,1,2282,LUCAS PAVANATO
PL 1075/2025,1,2271,ANA CAROLINA OLIVEIRA
PL 1076/2025,1,2267,AMANDA PASCHOAL
PL 1077/2025,1,1999,PROFESSOR TONINHO VESPOLI
PL 1077/2025,2,2228,RENATA FALZONI
PL 1077/2025,3,2267,AMANDA PASCHOAL
PL 1077/2025,4,2279,SILVINHO LEITE
PL 1078/2025,1,2278,KEIT LIMA
PL 1079/2025,1,2273,DR. MURILLO LIMA
PL 1080/2025,1,2219,MARCELO MESSIAS
PL 1080/2025,2,2273,DR. MURILLO LIMA
PL 1082/2025,1,1999,PROFESSOR TONINHO VESPOLI
PL 1082/2025,2,2210,ELY TERUEL
PL 1082/2025,3,2246,MAJOR PALUMBO
PL 1082/2025,4,2268,AMANDA VETTORAZZO
PL 1082/2025,5,2273,DR. MURILLO LIMA
PL 1082/2025,6,2279,SILVINHO LEITE
PL 1083/2025,1,2268,AMANDA VETTORAZZO
PL 1085/2025,1,2268,AMANDA VETTORAZZO
PL 1086/2025,1,2268,AMANDA VETTORAZZO
PL 1087/2025,1,2282,LUCAS PAVANATO
PL 1088/2025,1,2282,LUCAS PAVANATO
PL 1089/2025,1,2271,ANA CAROLINA OLIVEIRA
PL 1090/2025,1,2256,HÉLIO RODRIGUES
PL 1091/2025,1,2256,HÉLIO RODRIGUES
PL 1092/2025,1,776,ELISEU GABRIEL
PL 1093/2025,1,1635,DRA. SANDRA TADEU
PL 1094/2025,1,2216,SONAIRA FERNANDES
PL 1095/2025,1,2281,SIMONE GANEM
PL 1096/2025,1,2256,HÉLIO RODRIGUES
PL 1097/2025,1,1487,RICARDO TEIXEIRA
PL 1098/2025,1,1487,RICARDO TEIXEIRA
PL 1099/2025,1,2282,LUCAS PAVANATO
PL 1100/2025,1,1487,RICARDO TEIXEIRA
PL 1101/2025,1,2160,JOÃO JORGE
PL 1102/2025,1,2219,MARCELO MESSIAS
PL 1103/2025,1,2219,MARCELO MESSIAS
PL 1104/2025,1,2150,ANDRÉ SANTOS
PL 1105/2025,1,2228,RENATA FALZONI
PL 1105/2025,2,2267,AMANDA PASCHOAL
PL 1105/2025,3,2279,SILVINHO LEITE
PL 1106/2025,1,2246,MAJOR PALUMBO
PL 1107/2025,1,2001,JAIR TATTO
PL 1108/2025,1,2219,MARCELO MESSIAS
PL 1109/2025,1,2272,DHEISON SILVA
PL 1110/2025,1,2160,JOÃO JORGE
PL 1111/2025,1,2255,JOÃO ANANIAS
PL 1111/2025,2,2278,KEIT LIMA
PL 1112/2025,1,2219,MARCELO MESSIAS
PL 1113/2025,1,2206,SILVIA DA BANCADA FEMINISTA
PL 1114/2025,1,2275,GABRIEL ABREU
PL 1114/2025,2,2279,SILVINHO LEITE
PL 1115/2025,1,2275,GABRIEL ABREU
PL 1116/2025,1,2216,SONAIRA FERNANDES
PL 1116/2025,2,2270,PASTORA SANDRA ALVES
PL 1116/2025,3,2275,GABRIEL ABREU
PL 1116/2025,4,2276,SILVÃO LEITE
PL 1116/2025,5,2279,SILVINHO LEITE
PL 1117/2025,1,2275,GABRIEL ABREU
PL 1118/2025,1,2217,SANSÃO PEREIRA
PL 1118/2025,2,2279,SILVINHO LEITE
PL 1119/2025,1,2217,SANSÃO PEREIRA
PL 1120/2025,1,2217,SANSÃO PEREIRA
PL 1121/2025,1,2147,ISAC FÉLIX
PL 1122/2025,1,2267,AMANDA PASCHOAL
PL 1123/2025,1,2267,AMANDA PASCHOAL
PL 1124/2025,1,2219,MARCELO MESSIAS
PL 1125/2025,1,2147,ISAC FÉLIX
PL 1126/2025,1,2146,GILBERTO NASCIMENTO
PL 1126/2025,2,2150,ANDRÉ SANTOS
PL 1126/2025,3,2160,JOÃO JORGE
PL 1126/2025,4,2211,SIDNEY CRUZ
PL 1126/2025,5,2246,MAJOR PALUMBO
PL 1126/2025,6,2277,JANAINA PASCHOAL
PL 1126/2025,7,2279,SILVINHO LEITE
PL 1127/2025,1,2267,AMANDA PASCHOAL
PL 1128/2025,1,1999,PROFESSOR TONINHO VESPOLI
PL 1128/2025,2,2228,RENATA FALZONI
PL 1128/2025,3,2279,SILVINHO LEITE
PL 1129/2025,1,2272,DHEISON SILVA
PL 1130/2025,1,2229,RICARDO NUNES
PL 1131/2025,1,2276,SILVÃO LEITE
PL 1131/2025,2,2278,KEIT LIMA
PL 1132/2025,1,2159,RUTE COSTA
PL 1133/2025,1,2159,RUTE COSTA
PL 1134/2025,1,2276,SILVÃO LEITE
PL 1135/2025,1,2159,RUTE COSTA
PL 1136/2025,1,2278,KEIT LIMA
PL 1137/2025,1,2278,KEIT LIMA
PL 1138/2025,1,2159,RUTE COSTA
PL 1139/2025,1,936,NABIL BONDUKI
PL 1139/2025,2,1349,SENIVAL MOURA
PL 1139/2025,3,2000,ALESSANDRO GUEDES
PL 1139/2025,4,2001,JAIR TATTO
PL 1139/2025,5,2254,LUNA ZARATTINI
PL 1139/2025,6,2255,JOÃO ANANIAS
PL 1139/2025,7,2256,HÉLIO RODRIGUES
PL 1139/2025,8,2272,DHEISON SILVA
PL 1140/2025,1,2254,LUNA ZARATTINI
PL 1140/2025,2,2267,AMANDA PASCHOAL
PL 1141/2025,1,776,ELISEU GABRIEL
PL 1142/2025,1,2147,ISAC FÉLIX
PL 1143/2025,1,776,ELISEU GABRIEL
PL 1143/2025,2,1999,PROFESSOR TONINHO VESPOLI
PL 1144/2025,1,2000,ALESSANDRO GUEDES
PL 1144/2025,2,2270,PASTORA SANDRA ALVES
PL 1144/2025,3,2279,SILVINHO LEITE
PL 1145/2025,1,2282,LUCAS PAVANATO
PL 1146/2025,1,2282,LUCAS PAVANATO
PL 1147/2025,1,2282,LUCAS PAVANATO
PL 1148/2025,1,2266,ADRILLES JORGE
PL 1149/2025,1,2276,SILVÃO LEITE
PL 1150/2025,1,696,CARLOS BEZERRA JR.
PL 1151/2025,1,2216,SONAIRA FERNANDES
PL 1152/2025,1,2147,ISAC FÉLIX
PL 1153/2025,1,2216,SONAIRA FERNANDES
PL 1154/2025,1,2210,ELY TERUEL
PL 1154/2025,2,2216,SONAIRA FERNANDES
PL 1154/2025,3,2276,SILVÃO LEITE
PL 1154/2025,4,2279,SILVINHO LEITE
PL 1155/2025,1,2281,SIMONE GANEM
PL 1156/2025,1,2247,LUIZ PROTEÇÃO ANIMAL
PL 1156/2025,2,2281,SIMONE GANEM
PL 1157/2025,1,2150,ANDRÉ SANTOS
PL 1158/2025,1,2229,RICARDO NUNES
PL 1159/2025,1,2280,KENJI ITO
PL 1160/2025,1,2275,GABRIEL ABREU
PL 1161/2025,1,1647,EDIR SALES
PL 1162/2025,1,1647,EDIR SALES
PL 1163/2025,1,2147,ISAC FÉLIX
PL 1164/2025,1,2255,JOÃO ANANIAS
PL 1164/2025,2,2272,DHEISON SILVA
PL 1165/2025,1,2278,KEIT LIMA
PL 1166/2025,1,2278,KEIT LIMA
PL 1167/2025,1,2276,SILVÃO LEITE
PL 1168/2025,1,2229,RICARDO NUNES
PL 1169/2025,1,2229,RICARDO NUNES
PL 1170/2025,1,2274,SARGENTO NANTES
PL 1171/2025,1,1999,PROFESSOR TONINHO VESPOLI
PL 1172/2025,1,2146,GILBERTO NASCIMENTO
PL 1172/2025,2,2274,SARGENTO NANTES
PL 1173/2025,1,2274,SARGENTO NANTES
PL 1174/2025,1,2144,FABIO RIVA
PL 1175/2025,1,2268,AMANDA VETTORAZZO
PL 1176/2025,1,2150,ANDRÉ SANTOS
PL 1178/2025,1,1487,RICARDO TEIXEIRA
PL 1179/2025,1,2254,LUNA ZARATTINI
PL 1179/2025,2,2256,HÉLIO RODRIGUES
PL 1180/2025,1,2266,ADRILLES JORGE
PL 1181/2025,1,1635,DRA. SANDRA TADEU
PL 1182/2025,1,1635,DRA. SANDRA TADEU
PL 1183/2025,1,2256,HÉLIO RODRIGUES
PL 1184/2025,1,696,CARLOS BEZERRA JR.
PL 1184/2025,2,2278,KEIT LIMA
PL 1185/2025,1,696,CARLOS BEZERRA JR.
PL 1186/2025,1,2280,KENJI ITO
PL 1187/2025,1,2274,SARGENTO NANTES
PL 1188/2025,1,2160,JOÃO JORGE
PL 1188/2025,2,2228,RENATA FALZONI
PL 1189/2025,1,1647,EDIR SALES
PL 1190/2025,1,696,CARLOS BEZERRA JR.
PL 1191/2025,1,2278,KEIT LIMA
PL 1192/2025,1,2278,KEIT LIMA
PL 1193/2025,1,2278,KEIT LIMA
PL 1195/2025,1,2185,CELSO GIANNAZI
PL 1197/2025,1,2275,GABRIEL ABREU
PL 1198/2025,1,2275,GABRIEL ABREU
PL 1199/2025,1,2275,GABRIEL ABREU
PL 1200/2025,1,2278,KEIT LIMA
PL 1201/2025,1,2271,ANA CAROLINA OLIVEIRA
PL 1203/2025,1,2185,CELSO GIANNAZI
PL 1204/2025,1,2185,CELSO GIANNAZI
PL 1205/2025,1,2278,KEIT LIMA
PL 1206/2025,1,2001,JAIR TATTO
PL 1207/2025,1,2255,JOÃO ANANIAS
PL 1207/2025,2,2278,KEIT LIMA
PL 1208/2025,1,2278,KEIT LIMA
PL 1209/2025,1,2278,KEIT LIMA
PL 1210/2025,1,2278,KEIT LIMA
PL 1211/2025,1,2273,DR. MURILLO LIMA
PL 1212/2025,1,1647,EDIR SALES
PL 1213/2025,1,2246,MAJOR PALUMBO
PL 1214/2025,1,1349,SENIVAL MOURA
PL 1215/2025,1,1999,PROFESSOR TONINHO VESPOLI
PL 1216/2025,1,1999,PROFESSOR TONINHO VESPOLI
PL 1217/2025,1,2272,DHEISON SILVA
PL 1218/2025,1,2272,DHEISON SILVA
PL 1219/2025,1,2219,MARCELO MESSIAS
PL 1220/2025,1,1999,PROFESSOR TONINHO VESPOLI
PL 1221/2025,1,2000,ALESSANDRO GUEDES
PL 1221/2025,2,2272,DHEISON SILVA
PL 1221/2025,3,2278,KEIT LIMA
PL 1221/2025,4,2279,SILVINHO LEITE
PL 1222/2025,1,1989,GEORGE HATO
PL 1223/2025,1,2267,AMANDA PASCHOAL
PL 1224/2025,1,1999,PROFESSOR TONINHO VESPOLI
PL 1224/2025,2,2160,JOÃO JORGE
PL 1224/2025,3,2228,RENATA FALZONI
PL 1224/2025,4,2267,AMANDA PASCHOAL
PL 1224/2025,5,2269,MARINA BRAGANTE
PL 1224/2025,6,2276,SILVÃO LEITE
PL 1224/2025,7,2279,SILVINHO LEITE
PL 1225/2025,1,2219,MARCELO MESSIAS
PL 1225/2025,2,2254,LUNA ZARATTINI
PL 1225/2025,3,2273,DR. MURILLO LIMA
PL 1225/2025,4,2276,SILVÃO LEITE
PL 1226/2025,1,2273,DR. MURILLO LIMA
PL 1227/2025,1,1487,RICARDO TEIXEIRA
PL 1228/2025,1,1487,RICARDO TEIXEIRA
PL 1229/2025,1,1487,RICARDO TEIXEIRA
PL 1230/2025,1,1487,RICARDO TEIXEIRA
PL 1231/2025,1,2278,KEIT LIMA
PL 1232/2025,1,2282,LUCAS PAVANATO
PL 1233/2025,1,2282,LUCAS PAVANATO
PL 1234/2025,1,2275,GABRIEL ABREU
PL 1235/2025,1,2275,GABRIEL ABREU
PL 1236/2025,1,2275,GABRIEL ABREU
PL 1237/2025,1,2275,GABRIEL ABREU
PL 1238/2025,1,2271,ANA CAROLINA OLIVEIRA
PL 1238/2025,2,2279,SILVINHO LEITE
PL 1239/2025,1,2267,AMANDA PASCHOAL
PL 1239/2025,2,2278,KEIT LIMA
PL 1240/2025,1,2267,AMANDA PASCHOAL
PL 1241/2025,1,2255,JOÃO ANANIAS
PL 1242/2025,1,2150,ANDRÉ SANTOS
PL 1243/2025,1,2150,ANDRÉ SANTOS
PL 1244/2025,1,2150,ANDRÉ SANTOS
PL 1245/2025,1,2150,ANDRÉ SANTOS
PL 1246/2025,1,2150,ANDRÉ SANTOS
PL 1247/2025,1,2150,ANDRÉ SANTOS
PL 1247/2025,2,2278,KEIT LIMA
PL 1248/2025,1,2159,RUTE COSTA
PL 1249/2025,1,2159,RUTE COSTA
PL 1250/2025,1,2246,MAJOR PALUMBO
PL 1251/2025,1,2246,MAJOR PALUMBO
PL 1252/2025,1,2267,AMANDA PASCHOAL
PL 1252/2025,2,2279,SILVINHO LEITE
PL 1253/2025,1,2206,SILVIA DA BANCADA FEMINISTA
PL 1254/2025,1,2271,ANA CAROLINA OLIVEIRA
PL 1255/2025,1,2206,SILVIA DA BANCADA FEMINISTA
PL 1256/2025,1,2206,SILVIA DA BANCADA FEMINISTA
PL 1257/2025,1,2275,GABRIEL ABREU
PL 1258/2025,1,1989,GEORGE HATO
PL 1260/2025,1,2219,MARCELO MESSIAS
PL 1261/2025,1,2218,THAMMY MIRANDA
PL 1262/2025,1,2206,SILVIA DA BANCADA FEMINISTA
PL 1262/2025,2,2272,DHEISON SILVA
PL 1263/2025,1,2246,MAJOR PALUMBO
PL 1264/2025,1,1999,PROFESSOR TONINHO VESPOLI
PL 1264/2025,2,2150,ANDRÉ SANTOS
PL 1264/2025,3,2278,KEIT LIMA
PL 1264/2025,4,2279,SILVINHO LEITE
PL 1265/2025,1,2280,KENJI ITO
PL 1266/2025,1,2278,KEIT LIMA
PL 1267/2025,1,2278,KEIT LIMA
PL 1269/2025,1,936,NABIL BONDUKI
PL 1269/2025,2,1349,SENIVAL MOURA
PL 1269/2025,3,1487,RICARDO TEIXEIRA
PL 1269/2025,4,1999,PROFESSOR TONINHO VESPOLI
PL 1269/2025,5,2001,JAIR TATTO
PL 1269/2025,6,2205,LUANA ALVES
PL 1269/2025,7,2206,SILVIA DA BANCADA FEMINISTA
PL 1269/2025,8,2228,RENATA FALZONI
PL 1269/2025,9,2267,AMANDA PASCHOAL
PL 1269/2025,10,2269,MARINA BRAGANTE
PL 1269/2025,11,2278,KEIT LIMA
PL 1270/2025,1,936,NABIL BONDUKI
PL 1270/2025,2,1349,SENIVAL MOURA
PL 1270/2025,3,1487,RICARDO TEIXEIRA
PL 1270/2025,4,1999,PROFESSOR TONINHO VESPOLI
PL 1270/2025,5,2001,JAIR TATTO
PL 1270/2025,6,2205,LUANA ALVES
PL 1270/2025,7,2206,SILVIA DA BANCADA FEMINISTA
PL 1270/2025,8,2228,RENATA FALZONI
PL 1270/2025,9,2267,AMANDA PASCHOAL
PL 1270/2025,10,2269,MARINA BRAGANTE
PL 1270/2025,11,2278,KEIT LIMA
PL 1271/2025,1,936,NABIL BONDUKI
PL 1271/2025,2,1349,SENIVAL MOURA
PL 1271/2025,3,1487,RICARDO TEIXEIRA
PL 1271/2025,4,1999,PROFESSOR TONINHO VESPOLI
PL 1271/2025,5,2001,JAIR TATTO
PL 1271/2025,6,2205,LUANA ALVES
PL 1271/2025,7,2206,SILVIA DA BANCADA FEMINISTA
PL 1271/2025,8,2228,RENATA FALZONI
PL 1271/2025,9,2267,AMANDA PASCHOAL
PL 1271/2025,10,2269,MARINA BRAGANTE
PL 1271/2025,11,2278,KEIT LIMA
PL 1272/2025,1,936,NABIL BONDUKI
PL 1272/2025,2,1349,SENIVAL MOURA
PL 1272/2025,3,1487,RICARDO TEIXEIRA
PL 1272/2025,4,1999,PROFESSOR TONINHO VESPOLI
PL 1272/2025,5,2001,JAIR TATTO
PL 1272/2025,6,2205,LUANA ALVES
PL 1272/2025,7,2206,SILVIA DA BANCADA FEMINISTA
PL 1272/2025,8,2218,THAMMY MIRANDA
PL 1272/2025,9,2228,RENATA FALZONI
PL 1272/2025,10,2267,AMANDA PASCHOAL
PL 1272/2025,11,2269,MARINA BRAGANTE
PL 1272/2025,12,2278,KEIT LIMA
PL 1273/2025,1,1635,DRA. SANDRA TADEU
PL 1274/2025,1,1635,DRA. SANDRA TADEU
PL 1274/2025,2,2276,SILVÃO LEITE
PL 1275/2025,1,936,NABIL BONDUKI
PL 1275/2025,2,1349,SENIVAL MOURA
PL 1275/2025,3,1487,RICARDO TEIXEIRA
PL 1275/2025,4,1999,PROFESSOR TONINHO VESPOLI
PL 1275/2025,5,2001,JAIR TATTO
PL 1275/2025,6,2205,LUANA ALVES
PL 1275/2025,7,2206,SILVIA DA BANCADA FEMINISTA
PL 1275/2025,8,2228,RENATA FALZONI
PL 1275/2025,9,2267,AMANDA PASCHOAL
PL 1275/2025,10,2269,MARINA BRAGANTE
PL 1275/2025,11,2278,KEIT LIMA
PL 1276/2025,1,2278,KEIT LIMA
PL 1278/2025,1,2278,KEIT LIMA
PL 1279/2025,1,2185,CELSO GIANNAZI
PL 1279/2025,2,2224,SANDRA SANTANA
PL 1280/2025,1,2150,ANDRÉ SANTOS
PL 1281/2025,1,2150,ANDRÉ SANTOS
PL 1282/2025,1,2150,ANDRÉ SANTOS
PL 1283/2025,1,2150,ANDRÉ SANTOS
PL 1284/2025,1,1487,RICARDO TEIXEIRA
PL 1285/2025,1,2000,ALESSANDRO GUEDES
PL 1286/2025,1,2214,RUBINHO NUNES
PL 1287/2025,1,2150,ANDRÉ SANTOS
PL 1288/2025,1,2273,DR. MURILLO LIMA
PL 1289/2025,1,2150,ANDRÉ SANTOS
PL 1290/2025,1,2279,SILVINHO LEITE
PL 1291/2025,1,2150,ANDRÉ SANTOS
PL 1292/2025,1,2150,ANDRÉ SANTOS
PL 1293/2025,1,2216,SONAIRA FERNANDES
PL 1294/2025,1,2216,SONAIRA FERNANDES
PL 1294/2025,2,2219,MARCELO MESSIAS
PL 1295/2025,1,1999,PROFESSOR TONINHO VESPOLI
PL 1296/2025,1,2206,SILVIA DA BANCADA FEMINISTA
PL 1297/2025,1,2150,ANDRÉ SANTOS
PL 1298/2025,1,2150,ANDRÉ SANTOS
PL 1299/2025,1,2150,ANDRÉ SANTOS
PL 1300/2025,1,2150,ANDRÉ SANTOS
PL 1301/2025,1,2150,ANDRÉ SANTOS
PL 1302/2025,1,2150,ANDRÉ SANTOS
PL 1303/2025,1,2159,RUTE COSTA
PL 1304/2025,1,2159,RUTE COSTA
PL 1305/2025,1,2159,RUTE COSTA
PL 1306/2025,1,2159,RUTE COSTA
PL 1307/2025,1,2159,RUTE COSTA
PL 1308/2025,1,2159,RUTE COSTA
PL 1309/2025,1,2271,ANA CAROLINA OLIVEIRA
PL 1310/2025,1,2273,DR. MURILLO LIMA
PL 1311/2025,1,2278,KEIT LIMA
PL 1312/2025,1,2218,THAMMY MIRANDA
PL 1313/2025,1,2001,JAIR TATTO
PL 1314/2025,1,2001,JAIR TATTO
PL 1315/2025,1,2001,JAIR TATTO
PL 1316/2025,1,2001,JAIR TATTO
PL 1317/2025,1,2001,JAIR TATTO
PL 1318/2025,1,2001,JAIR TATTO
PL 1319/2025,1,2001,JAIR TATTO
PL 1319/2025,2,2278,KEIT LIMA
PL 1320/2025,1,2001,JAIR TATTO
PL 1321/2025,1,2256,HÉLIO RODRIGUES
PL 1322/2025,1,2247,LUIZ PROTEÇÃO ANIMAL
PL 1322/2025,2,2268,AMANDA VETTORAZZO
PL 1323/2025,1,2268,AMANDA VETTORAZZO
PL 1324/2025,1,2229,RICARDO NUNES
PL 1325/2025,1,2206,SILVIA DA BANCADA FEMINISTA
PL 1326/2025,1,2282,LUCAS PAVANATO
PL 1327/2025,1,2282,LUCAS PAVANATO
PL 1328/2025,1,2282,LUCAS PAVANATO
PL 1329/2025,1,2282,LUCAS PAVANATO
PL 1330/2025,1,2268,AMANDA VETTORAZZO
PL 1331/2025,1,2282,LUCAS PAVANATO
PL 1333/2025,1,2256,HÉLIO RODRIGUES
PL 1334/2025,1,2219,MARCELO MESSIAS
PL 1335/2025,1,2219,MARCELO MESSIAS
PL 1336/2025,1,2160,JOÃO JORGE
PL 1337/2025,1,2255,JOÃO ANANIAS
PL 1338/2025,1,2276,SILVÃO LEITE
PL 1339/2025,1,2282,LUCAS PAVANATO
PL 1340/2025,1,2282,LUCAS PAVANATO
PL 1341/2025,1,2282,LUCAS PAVANATO
PL 1342/2025,1,2282,LUCAS PAVANATO
PL 1343/2025,1,2278,KEIT LIMA
PL 1344/2025,1,2274,SARGENTO NANTES
PL 1345/2025,1,1989,GEORGE HATO
PL 1346/2025,1,2001,JAIR TATTO
PL 1347/2025,1,1999,PROFESSOR TONINHO VESPOLI
PL 1347/2025,2,2267,AMANDA PASCHOAL
PL 1348/2025,1,2268,AMANDA VETTORAZZO
PL 1349/2025,1,936,NABIL BONDUKI
PL 1350/2025,1,2222,CRIS MONTEIRO
PL 1351/2025,1,1999,PROFESSOR TONINHO VESPOLI
PL 1352/2025,1,1999,PROFESSOR TONINHO VESPOLI
PL 1353/2025,1,2217,SANSÃO PEREIRA
PL 1354/2025,1,2217,SANSÃO PEREIRA
PL 1355/2025,1,1487,RICARDO TEIXEIRA
PL 1356/2025,1,2219,MARCELO MESSIAS
PL 1357/2025,1,2219,MARCELO MESSIAS
PL 1358/2025,1,2219,MARCELO MESSIAS
PL 1359/2025,1,2219,MARCELO MESSIAS
PL 1360/2025,1,2219,MARCELO MESSIAS
PL 1361/2025,1,2219,MARCELO MESSIAS
PL 1362/2025,1,1647,EDIR SALES
PL 1363/2025,1,1647,EDIR SALES
PL 1364/2025,1,1635,DRA. SANDRA TADEU
PL 1365/2025,1,2218,THAMMY MIRANDA
PL 1366/2025,1,2219,MARCELO MESSIAS
PL 1367/2025,1,1487,RICARDO TEIXEIRA
PL 1368/2025,1,1487,RICARDO TEIXEIRA
PL 1369/2025,1,2150,ANDRÉ SANTOS
PL 1370/2025,1,2146,GILBERTO NASCIMENTO
PL 1371/2025,1,2268,AMANDA VETTORAZZO
PL 1371/2025,2,2274,SARGENTO NANTES
PL 1372/2025,1,2150,ANDRÉ SANTOS
PL 1373/2025,1,2279,SILVINHO LEITE
PL 1374/2025,1,2147,ISAC FÉLIX
PL 1375/2025,1,2147,ISAC FÉLIX
PL 1376/2025,1,2147,ISAC FÉLIX
PL 1377/2025,1,2147,ISAC FÉLIX
PL 1378/2025,1,2206,SILVIA DA BANCADA FEMINISTA
PL 1379/2025,1,2218,THAMMY MIRANDA
PL 1380/2025,1,2205,LUANA ALVES
PL 1381/2025,1,1635,DRA. SANDRA TADEU
PL 1382/2025,1,2284,MESA DA CAMARA MUNICIPAL DE SAO PAULO
PL 1383/2025,1,1989,GEORGE HATO
PL 1384/2025,1,2216,SONAIRA FERNANDES
PL 1385/2025,1,2185,CELSO GIANNAZI
PL 1386/2025,1,776,ELISEU GABRIEL
PL 1387/2025,1,2268,AMANDA VETTORAZZO
PL 1388/2025,1,2268,AMANDA VETTORAZZO
PL 1389/2025,1,2268,AMANDA VETTORAZZO
PL 1390/2025,1,2217,SANSÃO PEREIRA
PL 1390/2025,2,2279,SILVINHO LEITE
PL 1391/2025,1,2000,ALESSANDRO GUEDES
PL 1391/2025,2,2146,GILBERTO NASCIMENTO
PL 1391/2025,3,2150,ANDRÉ SANTOS
PL 1391/2025,4,2159,RUTE COSTA
PL 1391/2025,5,2160,JOÃO JORGE
PL 1391/2025,6,2211,SIDNEY CRUZ
PL 1391/2025,7,2218,THAMMY MIRANDA
PL 1391/2025,8,2246,MAJOR PALUMBO
PL 1391/2025,9,2266,ADRILLES JORGE
PL 1391/2025,10,2268,AMANDA VETTORAZZO
PL 1391/2025,11,2270,PASTORA SANDRA ALVES
PL 1391/2025,12,2278,KEIT LIMA
PL 1391/2025,13,2279,SILVINHO LEITE
PL 1392/2025,1,2267,AMANDA PASCHOAL
PL 1393/2025,1,2219,MARCELO MESSIAS
PL 1394/2025,1,2267,AMANDA PASCHOAL
PL 1395/2025,1,2267,AMANDA PASCHOAL
PL 1396/2025,1,2278,KEIT LIMA
PL 1397/2025,1,2270,PASTORA SANDRA ALVES
PL 1398/2025,1,2270,PASTORA SANDRA ALVES
PL 1399/2025,1,2279,SILVINHO LEITE
PL 1400/2025,1,1349,SENIVAL MOURA
PL 1400/2025,2,2270,PASTORA SANDRA ALVES
PL 1400/2025,3,2279,SILVINHO LEITE
PL 1401/2025,1,936,NABIL BONDUKI
PL 1402/2025,1,2280,KENJI ITO
PL 1403/2025,1,1989,GEORGE HATO
PL 1404/2025,1,2150,ANDRÉ SANTOS
PL 1405/2025,1,2150,ANDRÉ SANTOS
PL 1405/2025,2,2279,SILVINHO LEITE
PL 1406/2025,1,2150,ANDRÉ SANTOS
PL 1407/2025,1,2280,KENJI ITO
PL 1408/2025,1,2146,GILBERTO NASCIMENTO
PL 1409/2025,1,2219,MARCELO MESSIAS
PL 1410/2025,1,1999,PROFESSOR TONINHO VESPOLI
PL 1411/2025,1,2284,MESA DA CAMARA MUNICIPAL DE SAO PAULO
PL 1412/2025,1,2150,ANDRÉ SANTOS
PL 1413/2025,1,2150,ANDRÉ SANTOS
PL 1414/2025,1,2150,ANDRÉ SANTOS
PL 1415/2025,1,2150,ANDRÉ SANTOS
PL 1416/2025,1,2150,ANDRÉ SANTOS
PL 1417/2025,1,2150,ANDRÉ SANTOS
PL 1418/2025,1,2150,ANDRÉ SANTOS
PL 1419/2025,1,2150,ANDRÉ SANTOS
PL 1420/2025,1,2150,ANDRÉ SANTOS
PL 1421/2025,1,2222,CRIS MONTEIRO
PL 1422/2025,1,2267,AMANDA PASCHOAL
PL 1423/2025,1,2268,AMANDA VETTORAZZO
PL 1424/2025,1,2247,LUIZ PROTEÇÃO ANIMAL
PL 1425/2025,1,2219,MARCELO MESSIAS
PL 1426/2025,1,2144,FABIO RIVA
PL 1427/2025,1,1635,DRA. SANDRA TADEU
PL 1428/2025,1,2185,CELSO GIANNAZI
PL 1429/2025,1,2281,SIMONE GANEM
PL 1430/2025,1,2210,ELY TERUEL
PL 1430/2025,2,2221,ELI CORRÊA
PL 1430/2025,3,2279,SILVINHO LEITE
PL 1431/2025,1,2160,JOÃO JORGE
PL 1432/2025,1,2229,RICARDO NUNES
PL 1433/2025,1,1487,RICARDO TEIXEIRA
PL 1433/2025,2,2273,DR. MURILLO LIMA
PL 1434/2025,1,2206,SILVIA DA BANCADA FEMINISTA
PL 1435/2025,1,1487,RICARDO TEIXEIRA
PL 1436/2025,1,936,NABIL BONDUKI
PL 1437/2025,1,2268,AMANDA VETTORAZZO
PL 1438/2025,1,2273,DR. MURILLO LIMA
PL 1439/2025,1,2278,KEIT LIMA
PL 1440/2025,1,2278,KEIT LIMA
PL 1441/2025,1,2278,KEIT LIMA
PL 1442/2025,1,2278,KEIT LIMA
PL 1442/2025,2,2279,SILVINHO LEITE
PL 1443/2025,1,2278,KEIT LIMA
PL 1444/2025,1,2278,KEIT LIMA
PL 1445/2025,1,2256,HÉLIO RODRIGUES
PL 1445/2025,2,2267,AMANDA PASCHOAL
PL 1445/2025,3,2276,SILVÃO LEITE
PL 1445/2025,4,2279,SILVINHO LEITE
PL 1446/2025,1,2229,RICARDO NUNES
PL 1447/2025,1,2229,RICARDO NUNES
PL 1448/2025,1,776,ELISEU GABRIEL
PL 1449/2025,1,2272,DHEISON SILVA
PL 1449/2025,2,2279,SILVINHO LEITE
PL 1450/2025,1,2268,AMANDA VETTORAZZO
PL 1450/2025,2,2274,SARGENTO NANTES
PL 1451/2025,1,2274,SARGENTO NANTES
PL 1452/2025,1,2274,SARGENTO NANTES
PL 1453/2025,1,2274,SARGENTO NANTES
PL 1454/2025,1,776,ELISEU GABRIEL
PL 1455/2025,1,1647,EDIR SALES
PL 1456/2025,1,1647,EDIR SALES
PL 1457/2025,1,936,NABIL BONDUKI
PL 1458/2025,1,2224,SANDRA SANTANA
PL 1459/2025,1,2216,SONAIRA FERNANDES
PL 1460/2025,1,936,NABIL BONDUKI
PL 1460/2025,2,2269,MARINA BRAGANTE
PL 1461/2025,1,2229,RICARDO NUNES
PL 1462/2025,1,2269,MARINA BRAGANTE
PL 1463/2025,1,2219,MARCELO MESSIAS
PL 1464/2025,1,1647,EDIR SALES
PL 1465/2025,1,2278,KEIT LIMA
PL 1466/2025,1,1487,RICARDO TEIXEIRA
PL 1467/2025,1,1487,RICARDO TEIXEIRA
PL 1468/2025,1,2279,SILVINHO LEITE
PL 1469/2025,1,2255,JOÃO ANANIAS
PL 1470/2025,1,2255,JOÃO ANANIAS
PL 1470/2025,2,2278,KEIT LIMA
PL 1471/2025,1,2266,ADRILLES JORGE
PL 1472/2025,1,2255,JOÃO ANANIAS
PL 1472/2025,2,2278,KEIT LIMA
PL 1473/2025,1,2255,JOÃO ANANIAS
PL 1473/2025,2,2278,KEIT LIMA
PL 1474/2025,1,1989,GEORGE HATO
PL 1475/2025,1,2279,SILVINHO LEITE
PL 1476/2025,1,2274,SARGENTO NANTES
PL 1477/2025,1,936,NABIL BONDUKI
PL 1477/2025,2,2146,GILBERTO NASCIMENTO
PL 1477/2025,3,2267,AMANDA PASCHOAL
PL 1477/2025,4,2278,KEIT LIMA
PL 1477/2025,5,2279,SILVINHO LEITE
PL 1478/2025,1,2279,SILVINHO LEITE
PL 1479/2025,1,2150,ANDRÉ SANTOS
PL 1480/2025,1,2150,ANDRÉ SANTOS
PL 1481/2025,1,2150,ANDRÉ SANTOS
PL 1482/2025,1,2150,ANDRÉ SANTOS
PL 1483/2025,1,2150,ANDRÉ SANTOS
PL 1484/2025,1,2150,ANDRÉ SANTOS
PL 1485/2025,1,2210,ELY TERUEL
PL 1485/2025,2,2267,AMANDA PASCHOAL
PL 1485/2025,3,2278,KEIT LIMA
PL 1485/2025,4,2279,SILVINHO LEITE
PL 1486/2025,1,2229,RICARDO NUNES
PL 1487/2025,1,60,"COMISSÃO DE TRÂNSITO, TRANSPORTE, MOBILIDADE URBANA E ATIVIDADE ECONÔMICA"
PL 1488/2025,1,2216,SONAIRA FERNANDES
PL 1489/2025,1,2144,FABIO RIVA
PL 1489/2025,2,2211,SIDNEY CRUZ
PL 1489/2025,3,2219,MARCELO MESSIAS
PL 1489/2025,4,2221,ELI CORRÊA
PL 1489/2025,5,2276,SILVÃO LEITE
PL 1489/2025,6,2278,KEIT LIMA
PL 1489/2025,7,2279,SILVINHO LEITE
PL 1490/2025,1,2222,CRIS MONTEIRO
PL 1491/2025,1,2278,KEIT LIMA
PL 1492/2025,1,2278,KEIT LIMA
PL 1493/2025,1,2267,AMANDA PASCHOAL
PL 1494/2025,1,2283,ZOE MARTÍNEZ
PL 1495/2025,1,2268,AMANDA VETTORAZZO
PL 1496/2025,1,2279,SILVINHO LEITE
PL 1497/2025,1,2255,JOÃO ANANIAS
PL 1497/2025,2,2279,SILVINHO LEITE
PL 1498/2025,1,1647,EDIR SALES
PL 1499/2025,1,2255,JOÃO ANANIAS
PL 1500/2025,1,2000,ALESSANDRO GUEDES
PL 1501/2025,1,2150,ANDRÉ SANTOS
PL 1502/2025,1,2160,JOÃO JORGE
PL 1503/2025,1,936,NABIL BONDUKI
PL 1504/2025,1,2185,CELSO GIANNAZI
PL 1504/2025,2,2272,DHEISON SILVA
PL 1505/2025,1,2000,ALESSANDRO GUEDES
PL 1506/2025,1,2000,ALESSANDRO GUEDES
PL 1507/2025,1,2279,SILVINHO LEITE
PL 1508/2025,1,2269,MARINA BRAGANTE
PL 1509/2025,1,2150,ANDRÉ SANTOS
PL 1510/2025,1,2150,ANDRÉ SANTOS
PL 1511/2025,1,2144,FABIO RIVA
PL 1512/2025,1,2159,RUTE COSTA
PL 1513/2025,1,2272,DHEISON SILVA
PL 1514/2025,1,2150,ANDRÉ SANTOS
PL 1515/2025,1,2150,ANDRÉ SANTOS
PL 1516/2025,1,2216,SONAIRA FERNANDES
PL 1517/2025,1,2216,SONAIRA FERNANDES
PL 1518/2025,1,2274,SARGENTO NANTES
PL 1519/2025,1,2224,SANDRA SANTANA
PL 1520/2025,1,2274,SARGENTO NANTES
PL 1521/2025,1,1636,DR. MILTON FERREIRA
PL 1522/2025,1,2219,MARCELO MESSIAS
PL 1523/2025,1,2216,SONAIRA FERNANDES
PL 1524/2025,1,2274,SARGENTO NANTES
PL 1525/2025,1,2219,MARCELO MESSIAS
PL 1526/2025,1,2279,SILVINHO LEITE
PL 1527/2025,1,2205,LUANA ALVES
PL 1528/2025,1,2268,AMANDA VETTORAZZO
PL 1529/2025,1,2269,MARINA BRAGANTE
PL 1530/2025,1,2219,MARCELO MESSIAS
PL 1531/2025,1,2159,RUTE COSTA
PL 1532/2025,1,2159,RUTE COSTA
PL 1533/2025,1,2159,RUTE COSTA
PL 1534/2025,1,2159,RUTE COSTA
PL 1535/2025,1,2001,JAIR TATTO
PL 1536/2025,1,2001,JAIR TATTO
PL 1537/2025,1,2001,JAIR TATTO
PL 1538/2025,1,2001,JAIR TATTO
PL 1539/2025,1,2001,JAIR TATTO
PL 1540/2025,1,2159,RUTE COSTA
PL 1541/2025,1,2159,RUTE COSTA
PL 1542/2025,1,2159,RUTE COSTA
PL 1543/2025,1,2159,RUTE COSTA
PL 1544/2025,1,1647,EDIR SALES
PL 1545/2025,1,1647,EDIR SALES
PL 1546/2025,1,1647,EDIR SALES
PL 1547/2025,1,1999,PROFESSOR TONINHO VESPOLI
PL 1548/2025,1,776,ELISEU GABRIEL
PL 1549/2025,1,776,ELISEU GABRIEL
PL 1550/2025,1,2275,GABRIEL ABREU
PL 1551/2025,1,2150,ANDRÉ SANTOS
PL 1552/2025,1,2150,ANDRÉ SANTOS
PL 1552/2025,2,2270,PASTORA SANDRA ALVES
PL 1553/2025,1,2150,ANDRÉ SANTOS
PL 1554/2025,1,2150,ANDRÉ SANTOS
PL 1555/2025,1,2150,ANDRÉ SANTOS
PL 1556/2025,1,2266,ADRILLES JORGE
PL 1557/2025,1,2150,ANDRÉ SANTOS
PL 1558/2025,1,2150,ANDRÉ SANTOS
PL 1559/2025,1,2272,DHEISON SILVA
PL 1560/2025,1,2280,KENJI ITO
PL 1561/2025,1,776,ELISEU GABRIEL
PL 1561/2025,2,2272,DHEISON SILVA
PL 1562/2025,1,2228,RENATA FALZONI
PL 1562/2025,2,2269,MARINA BRAGANTE
PL 1563/2025,1,2185,CELSO GIANNAZI
PL 1564/2025,1,2268,AMANDA VETTORAZZO
PL 1565/2025,1,2268,AMANDA VETTORAZZO
PL 1/2026,1,2278,KEIT LIMA
PL 2/2026,1,2278,KEIT LIMA
PL 3/2026,1,2278,KEIT LIMA
PL 4/2026,1,2222,CRIS MONTEIRO
PL 5/2026,1,2279,SILVINHO LEITE
PL 6/2026,1,2274,SARGENTO NANTES
PL 7/2026,1,2219,MARCELO MESSIAS
PL 7/2026,2,2276,SILVÃO LEITE
PL 8/2026,1,696,CARLOS BEZERRA JR.
PL 9/2026,1,696,CARLOS BEZERRA JR.
PL 10/2026,1,2219,MARCELO MESSIAS
PL 11/2026,1,2279,SILVINHO LEITE
PL 12/2026,1,267,PAULO FRANGE
PL 13/2026,1,2282,LUCAS PAVANATO
PL 14/2026,1,2222,CRIS MONTEIRO
PL 15/2026,1,776,ELISEU GABRIEL
PL 16/2026,1,776,ELISEU GABRIEL
PL 17/2026,1,2219,MARCELO MESSIAS
PL 18/2026,1,776,ELISEU GABRIEL
PL 19/2026,1,2228,RENATA FALZONI
PL 19/2026,2,2269,MARINA BRAGANTE
PL 20/2026,1,2219,MARCELO MESSIAS
PL 21/2026,1,2219,MARCELO MESSIAS
PL 23/2026,1,2254,LUNA ZARATTINI
PL 24/2026,1,267,PAULO FRANGE
PL 24/2026,2,2228,RENATA FALZONI
PL 25/2026,1,2278,KEIT LIMA
PL 26/2026,1,2255,JOÃO ANANIAS
PL 26/2026,2,2278,KEIT LIMA
PL 27/2026,1,2228,RENATA FALZONI
PL 28/2026,1,1487,RICARDO TEIXEIRA
PL 29/2026,1,776,ELISEU GABRIEL
PL 31/2026,1,776,ELISEU GABRIEL
PL 32/2026,1,2278,KEIT LIMA
PL 33/2026,1,2228,RENATA FALZONI
PL 33/2026,2,2270,PASTORA SANDRA ALVES
PL 34/2026,1,2218,THAMMY MIRANDA
PL 34/2026,2,2221,ELI CORRÊA
PL 34/2026,3,2228,RENATA FALZONI
PL 34/2026,4,2276,SILVÃO LEITE
PL 36/2026,1,2278,KEIT LIMA
PL 37/2026,1,2206,SILVIA DA BANCADA FEMINISTA
PL 38/2026,1,776,ELISEU GABRIEL
PL 39/2026,1,1487,RICARDO TEIXEIRA
PL 40/2026,1,2278,KEIT LIMA
PL 41/2026,1,2147,ISAC FÉLIX
PL 42/2026,1,2147,ISAC FÉLIX
PL 43/2026,1,1487,RICARDO TEIXEIRA
PL 43/2026,2,2282,LUCAS PAVANATO
PL 44/2026,1,1487,RICARDO TEIXEIRA
PL 45/2026,1,267,PAULO FRANGE
PL 46/2026,1,2268,AMANDA VETTORAZZO
PL 47/2026,1,2273,DR. MURILLO LIMA
PL 48/2026,1,2217,SANSÃO PEREIRA
PL 49/2026,1,267,PAULO FRANGE
PL 50/2026,1,2256,HÉLIO RODRIGUES
PL 51/2026,1,2206,SILVIA DA BANCADA FEMINISTA
PL 52/2026,1,2277,JANAINA PASCHOAL
PL 52/2026,2,2279,SILVINHO LEITE
PL 53/2026,1,2000,ALESSANDRO GUEDES
PL 54/2026,1,2281,SIMONE GANEM
PL 55/2026,1,1989,GEORGE HATO
PL 56/2026,1,2281,SIMONE GANEM
PL 57/2026,1,2267,AMANDA PASCHOAL
PL 58/2026,1,2269,MARINA BRAGANTE
PL 59/2026,1,2281,SIMONE GANEM
PL 60/2026,1,2216,SONAIRA FERNANDES
PL 61/2026,1,2216,SONAIRA FERNANDES
PL 62/2026,1,2267,AMANDA PASCHOAL
PL 63/2026,1,2273,DR. MURILLO LIMA
PL 64/2026,1,1999,PROFESSOR TONINHO VESPOLI
PL 65/2026,1,2214,RUBINHO NUNES
PL 66/2026,1,2280,KENJI ITO
PL 67/2026,1,776,ELISEU GABRIEL
PL 68/2026,1,2281,SIMONE GANEM
PL 69/2026,1,2228,RENATA FALZONI
PL 69/2026,2,2269,MARINA BRAGANTE
PL 69/2026,3,2276,SILVÃO LEITE
PL 69/2026,4,2279,SILVINHO LEITE
PL 70/2026,1,2267,AMANDA PASCHOAL
PL 71/2026,1,2159,RUTE COSTA
PL 72/2026,1,1999,PROFESSOR TONINHO VESPOLI
PL 73/2026,1,2277,JANAINA PASCHOAL
PL 74/2026,1,2267,AMANDA PASCHOAL
PL 75/2026,1,2000,ALESSANDRO GUEDES
PL 76/2026,1,2282,LUCAS PAVANATO
PL 77/2026,1,2219,MARCELO MESSIAS
PL 78/2026,1,2219,MARCELO MESSIAS
PL 79/2026,1,267,PAULO FRANGE
PL 80/2026,1,2273,DR. MURILLO LIMA
PL 81/2026,1,2272,DHEISON SILVA
PL 82/2026,1,2282,LUCAS PAVANATO
PL 83/2026,1,2283,ZOE MARTÍNEZ
PL 84/2026,1,2217,SANSÃO PEREIRA
PL 85/2026,1,2217,SANSÃO PEREIRA
PL 86/2026,1,2281,SIMONE GANEM
PL 87/2026,1,1636,DR. MILTON FERREIRA
PL 87/2026,2,2144,FABIO RIVA
PL 87/2026,3,2160,JOÃO JORGE
PL 87/2026,4,2246,MAJOR PALUMBO
PL 87/2026,5,2256,HÉLIO RODRIGUES
PL 88/2026,1,2206,SILVIA DA BANCADA FEMINISTA
PL 89/2026,1,2159,RUTE COSTA
PL 90/2026,1,2159,RUTE COSTA
PL 91/2026,1,2159,RUTE COSTA
PL 92/2026,1,2159,RUTE COSTA
PL 93/2026,1,2159,RUTE COSTA
PL 94/2026,1,2159,RUTE COSTA
PL 95/2026,1,2219,MARCELO MESSIAS
PL 96/2026,1,2271,ANA CAROLINA OLIVEIRA
PL 97/2026,1,2159,RUTE COSTA
PL 98/2026,1,2159,RUTE COSTA
PL 99/2026,1,2222,CRIS MONTEIRO
PL 100/2026,1,2159,RUTE COSTA
PL 101/2026,1,1635,DRA. SANDRA TADEU
PL 102/2026,1,776,ELISEU GABRIEL
PL 103/2026,1,2282,LUCAS PAVANATO
PL 104/2026,1,1647,EDIR SALES
PL 105/2026,1,1647,EDIR SALES
PL 106/2026,1,1647,EDIR SALES
PL 107/2026,1,2219,MARCELO MESSIAS
PL 108/2026,1,1635,DRA. SANDRA TADEU
PL 109/2026,1,2159,RUTE COSTA
PL 110/2026,1,936,NABIL BONDUKI
PL 111/2026,1,1647,EDIR SALES
PL 112/2026,1,1647,EDIR SALES
PL 113/2026,1,2206,SILVIA DA BANCADA FEMINISTA
PL 114/2026,1,1647,EDIR SALES
PL 116/2026,1,2279,SILVINHO LEITE
PL 116/2026,2,2280,KENJI ITO
PL 117/2026,1,2279,SILVINHO LEITE
PL 118/2026,1,2254,LUNA ZARATTINI
PL 119/2026,1,2276,SILVÃO LEITE
PL 119/2026,2,2279,SILVINHO LEITE
PL 120/2026,1,2185,CELSO GIANNAZI
PL 121/2026,1,1635,DRA. SANDRA TADEU
PL 122/2026,1,2147,ISAC FÉLIX
PL 123/2026,1,776,ELISEU GABRIEL
PL 123/2026,2,936,NABIL BONDUKI
PL 123/2026,3,1999,PROFESSOR TONINHO VESPOLI
PL 123/2026,4,2222,CRIS MONTEIRO
PL 123/2026,5,2228,RENATA FALZONI
PL 123/2026,6,2267,AMANDA PASCHOAL
PL 123/2026,7,2269,MARINA BRAGANTE
PL 123/2026,8,2275,GABRIEL ABREU
PL 124/2026,1,776,ELISEU GABRIEL
PL 125/2026,1,2267,AMANDA PASCHOAL
PL 126/2026,1,2150,ANDRÉ SANTOS
PL 127/2026,1,2150,ANDRÉ SANTOS
PL 128/2026,1,2270,PASTORA SANDRA ALVES
PL 129/2026,1,2270,PASTORA SANDRA ALVES
PL 130/2026,1,2270,PASTORA SANDRA ALVES
PL 131/2026,1,2271,ANA CAROLINA OLIVEIRA
PL 132/2026,1,2271,ANA CAROLINA OLIVEIRA
PL 133/2026,1,2271,ANA CAROLINA OLIVEIRA
PL 134/2026,1,2217,SANSÃO PEREIRA
PL 134/2026,2,2224,SANDRA SANTANA
PL 134/2026,3,2276,SILVÃO LEITE
PL 135/2026,1,2206,SILVIA DA BANCADA FEMINISTA
PL 136/2026,1,267,PAULO FRANGE
PL 137/2026,1,696,CARLOS BEZERRA JR.
PL 137/2026,2,936,NABIL BONDUKI
PL 137/2026,3,1349,SENIVAL MOURA
PL 137/2026,4,1999,PROFESSOR TONINHO VESPOLI
PL 137/2026,5,2000,ALESSANDRO GUEDES
PL 137/2026,6,2001,JAIR TATTO
PL 137/2026,7,2205,LUANA ALVES
PL 137/2026,8,2206,SILVIA DA BANCADA FEMINISTA
PL 137/2026,9,2228,RENATA FALZONI
PL 137/2026,10,2254,LUNA ZARATTINI
PL 137/2026,11,2255,JOÃO ANANIAS
PL 137/2026,12,2267,AMANDA PASCHOAL
PL 137/2026,13,2269,MARINA BRAGANTE
PL 137/2026,14,2272,DHEISON SILVA
PL 137/2026,15,2278,KEIT LIMA
PL 138/2026,1,696,CARLOS BEZERRA JR.
PL 138/2026,2,936,NABIL BONDUKI
PL 138/2026,3,1349,SENIVAL MOURA
PL 138/2026,4,1999,PROFESSOR TONINHO VESPOLI
PL 138/2026,5,2000,ALESSANDRO GUEDES
PL 138/2026,6,2001,JAIR TATTO
PL 138/2026,7,2205,LUANA ALVES
PL 138/2026,8,2206,SILVIA DA BANCADA FEMINISTA
PL 138/2026,9,2228,RENATA FALZONI
PL 138/2026,10,2254,LUNA ZARATTINI
PL 138/2026,11,2255,JOÃO ANANIAS
PL 138/2026,12,2267,AMANDA PASCHOAL
PL 138/2026,13,2269,MARINA BRAGANTE
PL 138/2026,14,2272,DHEISON SILVA
PL 138/2026,15,2278,KEIT LIMA
PL 139/2026,1,696,CARLOS BEZERRA JR.
PL 139/2026,2,936,NABIL BONDUKI
PL 139/2026,3,1349,SENIVAL MOURA
PL 139/2026,4,1999,PROFESSOR TONINHO VESPOLI
PL 139/2026,5,2000,ALESSANDRO GUEDES
PL 139/2026,6,2001,JAIR TATTO
PL 139/2026,7,2205,LUANA ALVES
PL 139/2026,8,2206,SILVIA DA BANCADA FEMINISTA
PL 139/2026,9,2228,RENATA FALZONI
PL 139/2026,10,2254,LUNA ZARATTINI
PL 139/2026,11,2255,JOÃO ANANIAS
PL 139/2026,12,2267,AMANDA PASCHOAL
PL 139/2026,13,2269,MARINA BRAGANTE
PL 139/2026,14,2272,DHEISON SILVA
PL 139/2026,15,2278,KEIT LIMA
PL 140/2026,1,696,CARLOS BEZERRA JR.
PL 140/2026,2,936,NABIL BONDUKI
PL 140/2026,3,1349,SENIVAL MOURA
PL 140/2026,4,1999,PROFESSOR TONINHO VESPOLI
PL 140/2026,5,2000,ALESSANDRO GUEDES
PL 140/2026,6,2001,JAIR TATTO
PL 140/2026,7,2205,LUANA ALVES
PL 140/2026,8,2206,SILVIA DA BANCADA FEMINISTA
PL 140/2026,9,2228,RENATA FALZONI
PL 140/2026,10,2254,LUNA ZARATTINI
PL 140/2026,11,2255,JOÃO ANANIAS
PL 140/2026,12,2267,AMANDA PASCHOAL
PL 140/2026,13,2269,MARINA BRAGANTE
PL 140/2026,14,2272,DHEISON SILVA
PL 140/2026,15,2278,KEIT LIMA
PL 141/2026,1,1487,RICARDO TEIXEIRA
PL 141/2026,2,1647,EDIR SALES
PL 141/2026,3,2000,ALESSANDRO GUEDES
PL 141/2026,4,2144,FABIO RIVA
PL 141/2026,5,2218,THAMMY MIRANDA
PL 141/2026,6,2219,MARCELO MESSIAS
PL 141/2026,7,2267,AMANDA PASCHOAL
PL 141/2026,8,2276,SILVÃO LEITE
PL 141/2026,9,2278,KEIT LIMA
PL 141/2026,10,2279,SILVINHO LEITE
PL 142/2026,1,936,NABIL BONDUKI
PL 142/2026,2,2267,AMANDA PASCHOAL
PL 143/2026,1,2224,SANDRA SANTANA
PL 144/2026,1,2268,AMANDA VETTORAZZO
PL 145/2026,1,2266,ADRILLES JORGE
PL 148/2026,1,1635,DRA. SANDRA TADEU
PL 149/2026,1,2282,LUCAS PAVANATO
PL 150/2026,1,2279,SILVINHO LEITE
PL 151/2026,1,2209,DANILO DO POSTO DE SAÚDE
PL 152/2026,1,2209,DANILO DO POSTO DE SAÚDE
PL 153/2026,1,1989,GEORGE HATO
PL 154/2026,1,1989,GEORGE HATO
PL 155/2026,1,2276,SILVÃO LEITE
PL 156/2026,1,2283,ZOE MARTÍNEZ
PL 157/2026,1,2283,ZOE MARTÍNEZ
PL 158/2026,1,2283,ZOE MARTÍNEZ
PL 159/2026,1,2267,AMANDA PASCHOAL
PL 159/2026,2,2278,KEIT LIMA
PL 160/2026,1,2283,ZOE MARTÍNEZ
PL 161/2026,1,2221,ELI CORRÊA
PL 161/2026,2,2279,SILVINHO LEITE
PL 162/2026,1,2281,SIMONE GANEM
PL 163/2026,1,2268,AMANDA VETTORAZZO
PL 164/2026,1,2268,AMANDA VETTORAZZO
PL 165/2026,1,2001,JAIR TATTO
PL 166/2026,1,2159,RUTE COSTA
PL 167/2026,1,776,ELISEU GABRIEL
PL 168/2026,1,2267,AMANDA PASCHOAL
PL 169/2026,1,2267,AMANDA PASCHOAL
PL 170/2026,1,2267,AMANDA PASCHOAL
PL 171/2026,1,2267,AMANDA PASCHOAL
PL 172/2026,1,2267,AMANDA PASCHOAL
PL 173/2026,1,2267,AMANDA PASCHOAL
PL 174/2026,1,2283,ZOE MARTÍNEZ
PL 175/2026,1,2277,JANAINA PASCHOAL
PL 176/2026,1,2246,MAJOR PALUMBO
PL 177/2026,1,2270,PASTORA SANDRA ALVES
PL 178/2026,1,2270,PASTORA SANDRA ALVES
PL 179/2026,1,2270,PASTORA SANDRA ALVES
PL 180/2026,1,2279,SILVINHO LEITE
PL 181/2026,1,2278,KEIT LIMA
PL 182/2026,1,1647,EDIR SALES
PL 183/2026,1,176,ROBERTO TRÍPOLI
PL 183/2026,2,2273,DR. MURILLO LIMA
PL 183/2026,3,2279,SILVINHO LEITE
PL 183/2026,4,2281,SIMONE GANEM
PL 184/2026,1,176,ROBERTO TRÍPOLI
PL 185/2026,1,1647,EDIR SALES
PL 186/2026,1,2267,AMANDA PASCHOAL
PL 187/2026,1,2274,SARGENTO NANTES
PL 188/2026,1,2150,ANDRÉ SANTOS
PL 189/2026,1,2206,SILVIA DA BANCADA FEMINISTA
PL 190/2026,1,2256,HÉLIO RODRIGUES
PL 191/2026,1,2256,HÉLIO RODRIGUES
PL 192/2026,1,2274,SARGENTO NANTES
PL 193/2026,1,2219,MARCELO MESSIAS
PL 194/2026,1,2146,GILBERTO NASCIMENTO
PL 195/2026,1,1487,RICARDO TEIXEIRA
PL 196/2026,1,1487,RICARDO TEIXEIRA
PL 197/2026,1,1487,RICARDO TEIXEIRA
PL 198/2026,1,1487,RICARDO TEIXEIRA
PL 199/2026,1,1487,RICARDO TEIXEIRA
PL 200/2026,1,1487,RICARDO TEIXEIRA
PL 201/2026,1,1487,RICARDO TEIXEIRA
PL 202/2026,1,1487,RICARDO TEIXEIRA
PL 203/2026,1,1487,RICARDO TEIXEIRA
PL 204/2026,1,2267,AMANDA PASCHOAL
PL 204/2026,2,2278,KEIT LIMA
PL 205/2026,1,2206,SILVIA DA BANCADA FEMINISTA
PL 206/2026,1,267,PAULO FRANGE
PL 207/2026,1,2272,DHEISON SILVA
PL 208/2026,1,2274,SARGENTO NANTES
PL 209/2026,1,2218,THAMMY MIRANDA
PL 209/2026,2,2270,PASTORA SANDRA ALVES
PL 209/2026,3,2274,SARGENTO NANTES
PL 209/2026,4,2279,SILVINHO LEITE
PL 210/2026,1,2206,SILVIA DA BANCADA FEMINISTA
PL 211/2026,1,1999,PROFESSOR TONINHO VESPOLI
PL 211/2026,2,2267,AMANDA PASCHOAL
PL 212/2026,1,1999,PROFESSOR TONINHO VESPOLI
PL 214/2026,1,1999,PROFESSOR TONINHO VESPOLI
PL 215/2026,1,1999,PROFESSOR TONINHO VESPOLI
PL 216/2026,1,1999,PROFESSOR TONINHO VESPOLI
PL 217/2026,1,936,NABIL BONDUKI
PL 217/2026,2,2228,RENATA FALZONI
PL 217/2026,3,2269,MARINA BRAGANTE
PL 218/2026,1,936,NABIL BONDUKI
PL 218/2026,2,1349,SENIVAL MOURA
PL 218/2026,3,2000,ALESSANDRO GUEDES
PL 218/2026,4,2001,JAIR TATTO
PL 218/2026,5,2254,LUNA ZARATTINI
PL 218/2026,6,2255,JOÃO ANANIAS
PL 218/2026,7,2256,HÉLIO RODRIGUES
PL 218/2026,8,2272,DHEISON SILVA
PL 219/2026,1,267,PAULO FRANGE
PL 220/2026,1,2150,ANDRÉ SANTOS
PL 221/2026,1,1487,RICARDO TEIXEIRA
PL 222/2026,1,776,ELISEU GABRIEL
PL 223/2026,1,2270,PASTORA SANDRA ALVES
PL 223/2026,2,2271,ANA CAROLINA OLIVEIRA
PL 223/2026,3,2279,SILVINHO LEITE
PL 224/2026,1,2271,ANA CAROLINA OLIVEIRA
PL 225/2026,1,2219,MARCELO MESSIAS
PL 226/2026,1,2274,SARGENTO NANTES
PL 227/2026,1,2214,RUBINHO NUNES
PL 227/2026,2,2282,LUCAS PAVANATO
PL 228/2026,1,2218,THAMMY MIRANDA
PL 228/2026,2,2279,SILVINHO LEITE
PL 229/2026,1,936,NABIL BONDUKI
PL 230/2026,1,2278,KEIT LIMA
PL 230/2026,2,2279,SILVINHO LEITE
PL 231/2026,1,2279,SILVINHO LEITE
PL 232/2026,1,2272,DHEISON SILVA
PL 233/2026,1,776,ELISEU GABRIEL
PL 234/2026,1,2267,AMANDA PASCHOAL
PL 235/2026,1,176,ROBERTO TRÍPOLI
PL 236/2026,1,2219,MARCELO MESSIAS
PL 237/2026,1,2278,KEIT LIMA
PL 238/2026,1,1635,DRA. SANDRA TADEU
PL 239/2026,1,1349,SENIVAL MOURA
PL 239/2026,2,2279,SILVINHO LEITE
PL 240/2026,1,1349,SENIVAL MOURA
PL 241/2026,1,267,PAULO FRANGE
PL 242/2026,1,2272,DHEISON SILVA
PL 243/2026,1,2275,GABRIEL ABREU
PL 244/2026,1,267,PAULO FRANGE
PL 245/2026,1,2256,HÉLIO RODRIGUES
PL 245/2026,2,2279,SILVINHO LEITE
PL 246/2026,1,2222,CRIS MONTEIRO
PL 247/2026,1,1487,RICARDO TEIXEIRA
PL 248/2026,1,1487,RICARDO TEIXEIRA
PL 249/2026,1,267,PAULO FRANGE
PL 250/2026,1,2275,GABRIEL ABREU
PL 251/2026,1,776,ELISEU GABRIEL
PL 252/2026,1,2269,MARINA BRAGANTE
PL 253/2026,1,2150,ANDRÉ SANTOS
PL 254/2026,1,2150,ANDRÉ SANTOS
PL 255/2026,1,2268,AMANDA VETTORAZZO
PL 255/2026,2,2279,SILVINHO LEITE
PL 256/2026,1,1487,RICARDO TEIXEIRA
PL 256/2026,2,2279,SILVINHO LEITE
PL 257/2026,1,2205,LUANA ALVES
PL 258/2026,1,2278,KEIT LIMA
PL 259/2026,1,2279,SILVINHO LEITE
PL 260/2026,1,2281,SIMONE GANEM
PL 261/2026,1,2144,FABIO RIVA
PL 261/2026,2,2279,SILVINHO LEITE
PL 262/2026,1,1487,RICARDO TEIXEIRA
PL 263/2026,1,1487,RICARDO TEIXEIRA
PL 264/2026,1,2185,CELSO GIANNAZI
PL 265/2026,1,936,NABIL BONDUKI
PL 265/2026,2,1349,SENIVAL MOURA
PL 265/2026,3,2000,ALESSANDRO GUEDES
PL 265/2026,4,2001,JAIR TATTO
PL 265/2026,5,2254,LUNA ZARATTINI
PL 265/2026,6,2255,JOÃO ANANIAS
PL 265/2026,7,2256,HÉLIO RODRIGUES
PL 265/2026,8,2272,DHEISON SILVA
PL 266/2026,1,1999,PROFESSOR TONINHO VESPOLI
PL 267/2026,1,2289,MESA DA CAMARA MUNICIPAL DE SAO PAULO
PL 268/2026,1,1999,PROFESSOR TONINHO VESPOLI
PL 269/2026,1,1487,RICARDO TEIXEIRA
PL 270/2026,1,2268,AMANDA VETTORAZZO
PL 271/2026,1,2274,SARGENTO NANTES
PL 272/2026,1,2274,SARGENTO NANTES
PL 273/2026,1,2274,SARGENTO NANTES
PL 274/2026,1,2274,SARGENTO NANTES
PL 275/2026,1,2269,MARINA BRAGANTE
PL 276/2026,1,2159,RUTE COSTA
PL 277/2026,1,2159,RUTE COSTA
PL 278/2026,1,2159,RUTE COSTA
PL 279/2026,1,2159,RUTE COSTA
PL 280/2026,1,2274,SARGENTO NANTES
PL 282/2026,1,1999,PROFESSOR TONINHO VESPOLI
PL 283/2026,1,2268,AMANDA VETTORAZZO
PL 284/2026,1,1989,GEORGE HATO
PL 285/2026,1,776,ELISEU GABRIEL
PL 285/2026,2,2268,AMANDA VETTORAZZO
PL 286/2026,1,2219,MARCELO MESSIAS
PL 287/2026,1,2219,MARCELO MESSIAS
PL 288/2026,1,2185,CELSO GIANNAZI
PL 289/2026,1,2185,CELSO GIANNAZI
PL 290/2026,1,2228,RENATA FALZONI
PL 290/2026,2,2267,AMANDA PASCHOAL
PL 291/2026,1,2278,KEIT LIMA
PL 292/2026,1,2278,KEIT LIMA
PL 293/2026,1,2278,KEIT LIMA
PL 294/2026,1,2266,ADRILLES JORGE
PL 295/2026,1,2228,RENATA FALZONI
PL 296/2026,1,2228,RENATA FALZONI
PL 297/2026,1,2267,AMANDA PASCHOAL
PL 298/2026,1,2229,RICARDO NUNES
PL 299/2026,1,2229,RICARDO NUNES
PL 300/2026,1,2267,AMANDA PASCHOAL
PL 301/2026,1,1647,EDIR SALES
PL 302/2026,1,2224,SANDRA SANTANA
PL 303/2026,1,2267,AMANDA PASCHOAL
PL 303/2026,2,2278,KEIT LIMA
PL 304/2026,1,1999,PROFESSOR TONINHO VESPOLI
PL 305/2026,1,2278,KEIT LIMA
PL 306/2026,1,776,ELISEU GABRIEL
PL 306/2026,2,2268,AMANDA VETTORAZZO
PL 307/2026,1,2270,PASTORA SANDRA ALVES
PL 308/2026,1,2268,AMANDA VETTORAZZO
PL 309/2026,1,2001,JAIR TATTO
PL 310/2026,1,776,ELISEU GABRIEL
PL 311/2026,1,1487,RICARDO TEIXEIRA
PL 312/2026,1,2279,SILVINHO LEITE
PL 313/2026,1,2279,SILVINHO LEITE
PL 314/2026,1,2279,SILVINHO LEITE
PL 315/2026,1,2246,MAJOR PALUMBO
PL 316/2026,1,2279,SILVINHO LEITE
PL 317/2026,1,2274,SARGENTO NANTES
PL 318/2026,1,2216,SONAIRA FERNANDES
PL 319/2026,1,2216,SONAIRA FERNANDES
PL 320/2026,1,1487,RICARDO TEIXEIRA
PL 321/2026,1,1647,EDIR SALES
PL 322/2026,1,2205,LUANA ALVES
PL 323/2026,1,2278,KEIT LIMA
PL 324/2026,1,2277,JANAINA PASCHOAL
PL 325/2026,1,2272,DHEISON SILVA
PL 326/2026,1,2159,RUTE COSTA
PL 327/2026,1,776,ELISEU GABRIEL
PL 328/2026,1,2147,ISAC FÉLIX
PL 329/2026,1,2147,ISAC FÉLIX
PL 330/2026,1,2228,RENATA FALZONI
PL 331/2026,1,2185,CELSO GIANNAZI
PL 332/2026,1,2256,HÉLIO RODRIGUES
PL 333/2026,1,1635,DRA. SANDRA TADEU
PL 334/2026,1,2274,SARGENTO NANTES
PL 335/2026,1,2205,LUANA ALVES
PL 336/2026,1,2219,MARCELO MESSIAS
PL 337/2026,1,1636,DR. MILTON FERREIRA
PL 338/2026,1,2147,ISAC FÉLIX
PL 339/2026,1,1647,EDIR SALES
PL 340/2026,1,1647,EDIR SALES
PL 341/2026,1,2278,KEIT LIMA
PL 342/2026,1,2246,MAJOR PALUMBO
PL 343/2026,1,2246,MAJOR PALUMBO
PL 344/2026,1,2266,ADRILLES JORGE
PL 345/2026,1,2146,GILBERTO NASCIMENTO
PL 346/2026,1,2279,SILVINHO LEITE
PL 347/2026,1,2211,SIDNEY CRUZ
PL 348/2026,1,2271,ANA CAROLINA OLIVEIRA
PL 349/2026,1,2271,ANA CAROLINA OLIVEIRA
PL 350/2026,1,2217,SANSÃO PEREIRA
PL 351/2026,1,2275,GABRIEL ABREU
PL 352/2026,1,2278,KEIT LIMA
PL 353/2026,1,176,ROBERTO TRÍPOLI
PL 354/2026,1,2229,RICARDO NUNES
PL 355/2026,1,1999,PROFESSOR TONINHO VESPOLI
PL 356/2026,1,2000,ALESSANDRO GUEDES
PL 357/2026,1,2211,SIDNEY CRUZ
PL 358/2026,1,2279,SILVINHO LEITE
PL 359/2026,1,936,NABIL BONDUKI
PL 360/2026,1,1647,EDIR SALES
PL 361/2026,1,2280,KENJI ITO
PL 362/2026,1,1647,EDIR SALES
PL 363/2026,1,2281,SIMONE GANEM
PL 364/2026,1,2281,SIMONE GANEM
PL 365/2026,1,2281,SIMONE GANEM
PL 366/2026,1,2205,LUANA ALVES
PL 367/2026,1,2254,LUNA ZARATTINI
PL 368/2026,1,2273,DR. MURILLO LIMA
PL 369/2026,1,2269,MARINA BRAGANTE
PL 370/2026,1,2277,JANAINA PASCHOAL
PL 371/2026,1,1999,PROFESSOR TONINHO VESPOLI
PL 372/2026,1,1999,PROFESSOR TONINHO VESPOLI
PL 373/2026,1,1999,PROFESSOR TONINHO VESPOLI
PL 375/2026,1,2279,SILVINHO LEITE
PL 376/2026,1,1635,DRA. SANDRA TADEU
PL 377/2026,1,1635,DRA. SANDRA TADEU
PL 378/2026,1,1989,GEORGE HATO
PL 379/2026,1,2216,SONAIRA FERNANDES
PL 380/2026,1,1487,RICARDO TEIXEIRA
PL 380/2026,2,2278,KEIT LIMA
PL 381/2026,1,1487,RICARDO TEIXEIRA
PL 381/2026,2,2278,KEIT LIMA
PL 382/2026,1,1487,RICARDO TEIXEIRA
PL 383/2026,1,776,ELISEU GABRIEL
PL 384/2026,1,2270,PASTORA SANDRA ALVES
PL 385/2026,1,2224,SANDRA SANTANA
PL 387/2026,1,2274,SARGENTO NANTES
PL 388/2026,1,2229,RICARDO NUNES
PL 389/2026,1,776,ELISEU GABRIEL
PL 390/2026,1,2205,LUANA ALVES
PL 392/2026,1,1999,PROFESSOR TONINHO VESPOLI
PL 393/2026,1,1999,PROFESSOR TONINHO VESPOLI
PL 394/2026,1,1999,PROFESSOR TONINHO VESPOLI
PL 395/2026,1,1999,PROFESSOR TONINHO VESPOLI
PL 396/2026,1,2281,SIMONE GANEM
PL 397/2026,1,2279,SILVINHO LEITE
PL 398/2026,1,2278,KEIT LIMA
PL 399/2026,1,2274,SARGENTO NANTES
PL 400/2026,1,2279,SILVINHO LEITE
PL 401/2026,1,1636,DR. MILTON FERREIRA
PL 401/2026,2,2221,ELI CORRÊA
PL 402/2026,1,2278,KEIT LIMA
PL 403/2026,1,2229,RICARDO NUNES
PL 404/2026,1,2217,SANSÃO PEREIRA
PL 405/2026,1,2275,GABRIEL ABREU
PL 406/2026,1,2275,GABRIEL ABREU
PL 407/2026,1,2275,GABRIEL ABREU
PL 408/2026,1,2275,GABRIEL ABREU
PL 409/2026,1,2275,GABRIEL ABREU
PL 410/2026,1,2275,GABRIEL ABREU
PL 411/2026,1,2275,GABRIEL ABREU
PL 412/2026,1,2275,GABRIEL ABREU
PL 413/2026,1,2275,GABRIEL ABREU
PL 414/2026,1,2246,MAJOR PALUMBO
PL 415/2026,1,2279,SILVINHO LEITE
PL 416/2026,1,2279,SILVINHO LEITE
PL 417/2026,1,2276,SILVÃO LEITE
PL 418/2026,1,2269,MARINA BRAGANTE
PL 419/2026,1,1999,PROFESSOR TONINHO VESPOLI
PL 420/2026,1,1999,PROFESSOR TONINHO VESPOLI
PL 421/2026,1,1999,PROFESSOR TONINHO VESPOLI
PL 422/2026,1,1636,DR. MILTON FERREIRA
PL 423/2026,1,2160,JOÃO JORGE
PL 424/2026,1,1999,PROFESSOR TONINHO VESPOLI
PL 424/2026,2,2278,KEIT LIMA
PL 425/2026,1,1999,PROFESSOR TONINHO VESPOLI
PL 426/2026,1,1999,PROFESSOR TONINHO VESPOLI
PL 427/2026,1,2270,PASTORA SANDRA ALVES
PL 428/2026,1,2270,PASTORA SANDRA ALVES
PL 429/2026,1,1487,RICARDO TEIXEIRA
PL 430/2026,1,2254,LUNA ZARATTINI
PL 431/2026,1,2266,ADRILLES JORGE
PL 432/2026,1,2219,MARCELO MESSIAS
PL 433/2026,1,2217,SANSÃO PEREIRA
PL 434/2026,1,2144,FABIO RIVA
PL 435/2026,1,2144,FABIO RIVA
PL 435/2026,2,2224,SANDRA SANTANA
PL 435/2026,3,2269,MARINA BRAGANTE
PL 436/2026,1,2159,RUTE COSTA
PL 437/2026,1,2159,RUTE COSTA
PL 438/2026,1,2159,RUTE COSTA
PL 439/2026,1,2159,RUTE COSTA
PL 440/2026,1,776,ELISEU GABRIEL
PL 441/2026,1,2279,SILVINHO LEITE
PL 442/2026,1,2218,THAMMY MIRANDA
PL 443/2026,1,2001,JAIR TATTO
PL 444/2026,1,2001,JAIR TATTO
PL 445/2026,1,2001,JAIR TATTO
PL 446/2026,1,1487,RICARDO TEIXEIRA
PL 446/2026,2,1989,GEORGE HATO
PL 447/2026,1,1349,SENIVAL MOURA
PL 448/2026,1,2218,THAMMY MIRANDA
PL 449/2026,1,2210,ELY TERUEL
PL 450/2026,1,2218,THAMMY MIRANDA
PL 451/2026,1,2210,ELY TERUEL
PL 452/2026,1,1989,GEORGE HATO
PL 453/2026,1,2279,SILVINHO LEITE
PL 454/2026,1,2278,KEIT LIMA
PL 455/2026,1,1636,DR. MILTON FERREIRA
PL 456/2026,1,1636,DR. MILTON FERREIRA
PL 457/2026,1,1636,DR. MILTON FERREIRA
PL 458/2026,1,2224,SANDRA SANTANA
PL 459/2026,1,2210,ELY TERUEL
PL 460/2026,1,2267,AMANDA PASCHOAL
PL 461/2026,1,2278,KEIT LIMA
PL 462/2026,1,2278,KEIT LIMA
PL 463/2026,1,2278,KEIT LIMA
PL 464/2026,1,2278,KEIT LIMA
PL 465/2026,1,2289,MESA DA CAMARA MUNICIPAL DE SAO PAULO
PL 466/2026,1,308,TRIBUNAL DE CONTAS DO MUNICIPIO
PL 467/2026,1,2185,CELSO GIANNAZI
PL 467/2026,2,2278,KEIT LIMA
PL 467/2026,3,2279,SILVINHO LEITE
PL 468/2026,1,1487,RICARDO TEIXEIRA
PL 469/2026,1,1487,RICARDO TEIXEIRA
PL 470/2026,1,1647,EDIR SALES
PL 471/2026,1,1647,EDIR SALES
PL 472/2026,1,696,CARLOS BEZERRA JR.
PL 473/2026,1,2270,PASTORA SANDRA ALVES
PL 474/2026,1,2270,PASTORA SANDRA ALVES
PL 475/2026,1,696,CARLOS BEZERRA JR.
PL 476/2026,1,696,CARLOS BEZERRA JR.
PL 477/2026,1,1989,GEORGE HATO
PL 478/2026,1,2268,AMANDA VETTORAZZO
PL 479/2026,1,2146,GILBERTO NASCIMENTO
PL 480/2026,1,2146,GILBERTO NASCIMENTO
PL 481/2026,1,2146,GILBERTO NASCIMENTO
PL 482/2026,1,1999,PROFESSOR TONINHO VESPOLI
PL 483/2026,1,2268,AMANDA VETTORAZZO
PL 484/2026,1,2268,AMANDA VETTORAZZO
PL 485/2026,1,2278,KEIT LIMA
PL 486/2026,1,2205,LUANA ALVES
PL 487/2026,1,1487,RICARDO TEIXEIRA
PL 488/2026,1,2001,JAIR TATTO
PL 489/2026,1,2279,SILVINHO LEITE
PL 490/2026,1,2147,ISAC FÉLIX
PL 491/2026,1,2275,GABRIEL ABREU
PL 492/2026,1,2275,GABRIEL ABREU
PL 493/2026,1,2275,GABRIEL ABREU
PL 494/2026,1,2275,GABRIEL ABREU
PL 495/2026,1,308,TRIBUNAL DE CONTAS DO MUNICIPIO
PL 496/2026,1,1999,PROFESSOR TONINHO VESPOLI
PL 497/2026,1,2278,KEIT LIMA
PL 498/2026,1,2278,KEIT LIMA
PL 499/2026,1,2216,SONAIRA FERNANDES
PL 500/2026,1,2216,SONAIRA FERNANDES
PL 501/2026,1,2216,SONAIRA FERNANDES
PL 502/2026,1,2218,THAMMY MIRANDA
PL 503/2026,1,2218,THAMMY MIRANDA
PL 504/2026,1,1487,RICARDO TEIXEIRA
PL 505/2026,1,2185,CELSO GIANNAZI
PL 506/2026,1,1636,DR. MILTON FERREIRA
PL 507/2026,1,776,ELISEU GABRIEL
PL 507/2026,2,2228,RENATA FALZONI
PL 508/2026,1,2275,GABRIEL ABREU
PL 509/2026,1,2206,SILVIA DA BANCADA FEMINISTA
PL 510/2026,1,1487,RICARDO TEIXEIRA
PL 511/2026,1,2160,JOÃO JORGE
PL 512/2026,1,2160,JOÃO JORGE
PL 513/2026,1,2218,THAMMY MIRANDA
PL 514/2026,1,2219,MARCELO MESSIAS
PL 515/2026,1,936,NABIL BONDUKI
PL 516/2026,1,2272,DHEISON SILVA
PL 517/2026,1,2272,DHEISON SILVA
PL 518/2026,1,2205,LUANA ALVES
PL 519/2026,1,776,ELISEU GABRIEL
PL 520/2026,1,2267,AMANDA PASCHOAL
PL 521/2026,1,2279,SILVINHO LEITE
PL 522/2026,1,2267,AMANDA PASCHOAL
PL 523/2026,1,2224,SANDRA SANTANA
PL 524/2026,1,2222,CRIS MONTEIRO
PL 525/2026,1,1989,GEORGE HATO
PL 526/2026,1,2229,RICARDO NUNES
PL 527/2026,1,776,ELISEU GABRIEL
PL 528/2026,1,776,ELISEU GABRIEL
PL 529/2026,1,2206,SILVIA DA BANCADA FEMINISTA
PL 530/2026,1,2278,KEIT LIMA
PL 531/2026,1,2270,PASTORA SANDRA ALVES
PL 532/2026,1,2270,PASTORA SANDRA ALVES
PL 533/2026,1,2278,KEIT LIMA
PL 534/2026,1,2270,PASTORA SANDRA ALVES
PL 535/2026,1,2159,RUTE COSTA
PL 536/2026,1,2159,RUTE COSTA
PL 537/2026,1,2159,RUTE COSTA
PL 538/2026,1,2159,RUTE COSTA
PL 539/2026,1,2278,KEIT LIMA
PL 540/2026,1,2159,RUTE COSTA
PL 541/2026,1,2278,KEIT LIMA
PL 542/2026,1,2185,CELSO GIANNAZI
PL 543/2026,1,2246,MAJOR PALUMBO
PL 544/2026,1,2279,SILVINHO LEITE
PL 545/2026,1,2279,SILVINHO LEITE
PL 546/2026,1,2279,SILVINHO LEITE
PL 547/2026,1,1647,EDIR SALES
PL 548/2026,1,1647,EDIR SALES
PL 549/2026,1,2255,JOÃO ANANIAS
PL 550/2026,1,2255,JOÃO ANANIAS
PL 552/2026,1,2279,SILVINHO LEITE
PL 553/2026,1,2278,KEIT LIMA
PL 554/2026,1,776,ELISEU GABRIEL
PL 555/2026,1,2279,SILVINHO LEITE
PL 556/2026,1,2214,RUBINHO NUNES
PL 557/2026,1,1989,GEORGE HATO
PL 558/2026,1,2224,SANDRA SANTANA
PL 559/2026,1,696,CARLOS BEZERRA JR.
PL 560/2026,1,1635,DRA. SANDRA TADEU
PL 561/2026,1,2144,FABIO RIVA
PL 562/2026,1,2146,GILBERTO NASCIMENTO
PL 563/2026,1,2278,KEIT LIMA
PL 564/2026,1,2282,LUCAS PAVANATO
PL 565/2026,1,2282,LUCAS PAVANATO
PL 566/2026,1,2214,RUBINHO NUNES
PL 568/2026,1,2274,SARGENTO NANTES
PL 569/2026,1,2205,LUANA ALVES
PL 570/2026,1,1999,PROFESSOR TONINHO VESPOLI
PL 571/2026,1,1989,GEORGE HATO
PL 571/2026,2,2219,MARCELO MESSIAS
PL 572/2026,1,1999,PROFESSOR TONINHO VESPOLI
PL 573/2026,1,1999,PROFESSOR TONINHO VESPOLI
PL 573/2026,2,2269,MARINA BRAGANTE
PL 573/2026,3,2278,KEIT LIMA
PL 574/2026,1,2246,MAJOR PALUMBO
PL 575/2026,1,2219,MARCELO MESSIAS
PL 576/2026,1,1487,RICARDO TEIXEIRA
PL 578/2026,1,936,NABIL BONDUKI
PL 578/2026,2,2269,MARINA BRAGANTE
PL 579/2026,1,2146,GILBERTO NASCIMENTO
PL 580/2026,1,2254,LUNA ZARATTINI
PL 581/2026,1,2146,GILBERTO NASCIMENTO
PL 582/2026,1,776,ELISEU GABRIEL
PL 583/2026,1,776,ELISEU GABRIEL
PL 584/2026,1,2278,KEIT LIMA
PL 586/2026,1,2144,FABIO RIVA
PL 587/2026,1,696,CARLOS BEZERRA JR.
PL 588/2026,1,2269,MARINA BRAGANTE
PL 589/2026,1,2219,MARCELO MESSIAS
PL 590/2026,1,1999,PROFESSOR TONINHO VESPOLI
PL 591/2026,1,2278,KEIT LIMA
PL 592/2026,1,2224,SANDRA SANTANA
PL 593/2026,1,2278,KEIT LIMA
PL 594/2026,1,1999,PROFESSOR TONINHO VESPOLI
PL 594/2026,2,2292,GUILHERME CORRÊA
PL 595/2026,1,1999,PROFESSOR TONINHO VESPOLI
PL 595/2026,2,2292,GUILHERME CORRÊA
PL 597/2026,1,2205,LUANA ALVES
PL 598/2026,1,776,ELISEU GABRIEL
PL 599/2026,1,1999,PROFESSOR TONINHO VESPOLI
PL 600/2026,1,2146,GILBERTO NASCIMENTO
PL 601/2026,1,2146,GILBERTO NASCIMENTO
PL 602/2026,1,1487,RICARDO TEIXEIRA
PL 602/2026,2,2001,JAIR TATTO
PL 603/2026,1,2228,RENATA FALZONI
PL 604/2026,1,2282,LUCAS PAVANATO
PL 605/2026,1,776,ELISEU GABRIEL
PL 606/2026,1,2229,RICARDO NUNES
PL 607/2026,1,2211,SIDNEY CRUZ
PL 608/2026,1,2211,SIDNEY CRUZ
PL 609/2026,1,2211,SIDNEY CRUZ
PL 610/2026,1,2211,SIDNEY CRUZ
PL 611/2026,1,2211,SIDNEY CRUZ
PL 612/2026,1,2211,SIDNEY CRUZ
PL 613/2026,1,2147,ISAC FÉLIX
PL 614/2026,1,936,NABIL BONDUKI
PL 615/2026,1,936,NABIL BONDUKI
PL 616/2026,1,936,NABIL BONDUKI
PL 617/2026,1,936,NABIL BONDUKI
PL 618/2026,1,2269,MARINA BRAGANTE
PL 619/2026,1,2269,MARINA BRAGANTE
PL 620/2026,1,776,ELISEU GABRIEL
PL 622/2026,1,2279,SILVINHO LEITE
PL 623/2026,1,2279,SILVINHO LEITE
PL 624/2026,1,2279,SILVINHO LEITE
PL 625/2026,1,2279,SILVINHO LEITE
PL 626/2026,1,2279,SILVINHO LEITE
PL 627/2026,1,2279,SILVINHO LEITE
PL 628/2026,1,2279,SILVINHO LEITE
PL 629/2026,1,2279,SILVINHO LEITE
PL 630/2026,1,2279,SILVINHO LEITE
PL 631/2026,1,2279,SILVINHO LEITE
PL 632/2026,1,2279,SILVINHO LEITE
PL 633/2026,1,2279,SILVINHO LEITE
PL 634/2026,1,2279,SILVINHO LEITE
PL 635/2026,1,2217,SANSÃO PEREIRA
PL 636/2026,1,2228,RENATA FALZONI
PL 637/2026,1,2279,SILVINHO LEITE
PL 638/2026,1,2279,SILVINHO LEITE
PL 639/2026,1,1636,DR. MILTON FERREIRA
PL 640/2026,1,2279,SILVINHO LEITE
PL 641/2026,1,2279,SILVINHO LEITE
PL 642/2026,1,2254,LUNA ZARATTINI
PL 643/2026,1,2254,LUNA ZARATTINI
PL 644/2026,1,2292,GUILHERME CORRÊA
PL 645/2026,1,2224,SANDRA SANTANA
PL 646/2026,1,2278,KEIT LIMA
PL 647/2026,1,2278,KEIT LIMA
PL 648/2026,1,2160,JOÃO JORGE
PL 649/2026,1,1487,RICARDO TEIXEIRA
PL 650/2026,1,1487,RICARDO TEIXEIRA
PL 651/2026,1,2000,ALESSANDRO GUEDES
PL 651/2026,2,2144,FABIO RIVA
PL 652/2026,1,936,NABIL BONDUKI
PL 653/2026,1,2256,HÉLIO RODRIGUES
PL 654/2026,1,2256,HÉLIO RODRIGUES
PL 656/2026,1,2278,KEIT LIMA
PL 657/2026,1,2275,GABRIEL ABREU
PL 658/2026,1,2275,GABRIEL ABREU
PL 659/2026,1,2221,ELI CORRÊA
PL 660/2026,1,2278,KEIT LIMA
PL 661/2026,1,2001,JAIR TATTO
PL 662/2026,1,2001,JAIR TATTO
PL 663/2026,1,2001,JAIR TATTO
PL 664/2026,1,2001,JAIR TATTO
PL 665/2026,1,776,ELISEU GABRIEL
PL 666/2026,1,2219,MARCELO MESSIAS
PL 667/2026,1,2267,AMANDA PASCHOAL
PL 668/2026,1,2267,AMANDA PASCHOAL
PL 670/2026,1,2210,ELY TERUEL
PL 671/2026,1,2246,MAJOR PALUMBO
PL 672/2026,1,2280,KENJI ITO
PL 673/2026,1,2185,CELSO GIANNAZI
PL 674/2026,1,2224,SANDRA SANTANA
PL 675/2026,1,2000,ALESSANDRO GUEDES
PL 676/2026,1,2000,ALESSANDRO GUEDES
PL 677/2026,1,2147,ISAC FÉLIX
PL 678/2026,1,1487,RICARDO TEIXEIRA
PL 679/2026,1,2278,KEIT LIMA
PL 680/2026,1,2000,ALESSANDRO GUEDES
PL 681/2026,1,2221,ELI CORRÊA
PL 682/2026,1,1487,RICARDO TEIXEIRA
PL 683/2026,1,1487,RICARDO TEIXEIRA
PL 684/2026,1,1487,RICARDO TEIXEIRA
PL 685/2026,1,2144,FABIO RIVA
PL 686/2026,1,2144,FABIO RIVA
PL 687/2026,1,1296,ADILSON AMADEU
PL 687/2026,2,1487,RICARDO TEIXEIRA
PL 688/2026,1,1999,PROFESSOR TONINHO VESPOLI
PL 689/2026,1,2219,MARCELO MESSIAS
PL 690/2026,1,1647,EDIR SALES
PL 691/2026,1,1647,EDIR SALES
PL 692/2026,1,776,ELISEU GABRIEL
PL 693/2026,1,1999,PROFESSOR TONINHO VESPOLI
PL 694/2026,1,2219,MARCELO MESSIAS
PL 695/2026,1,2228,RENATA FALZONI
PL 697/2026,1,2249,NUNES PEIXEIRO
PL 698/2026,1,1999,PROFESSOR TONINHO VESPOLI
PL 699/2026,1,2229,RICARDO NUNES
PL 700/2026,1,2278,KEIT LIMA
PL 701/2026,1,1487,RICARDO TEIXEIRA
PL 702/2026,1,2256,HÉLIO RODRIGUES
PL 703/2026,1,2274,SARGENTO NANTES
PL 704/2026,1,2292,GUILHERME CORRÊA
PL 705/2026,1,2268,AMANDA VETTORAZZO
PL 706/2026,1,2205,LUANA ALVES
PL 707/2026,1,2275,GABRIEL ABREU
PL 708/2026,1,776,ELISEU GABRIEL
PL 709/2026,1,2205,LUANA ALVES
PL 710/2026,1,936,NABIL BONDUKI
PL 711/2026,1,2274,SARGENTO NANTES
PL 712/2026,1,2219,MARCELO MESSIAS
PL 713/2026,1,1487,RICARDO TEIXEIRA
PL 714/2026,1,1999,PROFESSOR TONINHO VESPOLI
PL 715/2026,1,2144,FABIO RIVA
PL 721/2026,1,2275,GABRIEL ABREU
PL 727/2026,1,1647,EDIR SALES
PL 728/2026,1,2224,SANDRA SANTANA
PL 735/2026,1,2224,SANDRA SANTANA
PL 736/2026,1,2229,RICARDO NUNES
PL 743/2026,1,776,ELISEU GABRIEL
PL 752/2026,1,2229,RICARDO NUNES
PLO 9/2003,1,1261,MESA DA CAMARA MUNICIPAL DE SAO PAULO
PLO 15/2011,1,1447,ALFREDINHO
PLO 2/2012,1,776,ELISEU GABRIEL
PLO 7/2013,1,273,MILTON LEITE
PLO 9/2013,1,1999,PROFESSOR TONINHO VESPOLI
PLO 6/2015,1,1635,DRA. SANDRA TADEU
PLO 4/2017,1,1996,EDUARDO TUMA
PLO 4/2017,2,2155,JANAÍNA LIMA
PLO 6/2017,1,224,AURÉLIO NOMURA
PLO 1/2018,1,2145,FERNANDO HOLIDAY
PLO 2/2018,1,1647,EDIR SALES
PLO 2/2018,2,2174,AMAURI SILVA
PLO 3/2018,1,1947,REIS
PLO 3/2018,2,1999,PROFESSOR TONINHO VESPOLI
PLO 3/2018,3,2255,JOÃO ANANIAS
PLO 4/2018,1,1998,PATRÍCIA BEZERRA
PLO 5/2018,1,1998,PATRÍCIA BEZERRA
PLO 6/2018,1,1998,PATRÍCIA BEZERRA
PLO 7/2018,1,796,GILBERTO NATALINI
PLO 8/2018,1,2169,BRUNO COVAS
PLO 9/2018,1,2145,FERNANDO HOLIDAY
PLO 10/2018,1,224,AURÉLIO NOMURA
PLO 11/2018,1,224,AURÉLIO NOMURA
PLO 11/2018,2,896,CLAUDIO FONSECA
PLO 1/2019,1,224,AURÉLIO NOMURA
PLO 1/2019,2,2131,RODOLFO DESPACHANTE
PLO 2/2019,1,155,ARSELINO TATTO
PLO 2/2019,2,1999,PROFESSOR TONINHO VESPOLI
PLO 3/2019,1,155,ARSELINO TATTO
PLO 3/2019,2,160,EDUARDO MATARAZZO SUPLICY
PLO 3/2019,3,267,PAULO FRANGE
PLO 3/2019,4,676,ATÍLIO FRANCISCO
PLO 3/2019,5,756,CELSO JATENE
PLO 3/2019,6,776,ELISEU GABRIEL
PLO 3/2019,7,796,GILBERTO NATALINI
PLO 3/2019,8,896,CLAUDIO FONSECA
PLO 3/2019,9,1296,ADILSON AMADEU
PLO 3/2019,10,1300,CLAUDINHO DE SOUZA
PLO 3/2019,11,1305,POLICE
PLO 3/2019,12,1311,ANTONIO DONATO
PLO 3/2019,13,1316,NOEMI NONATO
PLO 3/2019,14,1319,SONINHA FRANCINE
PLO 3/2019,15,1326,QUITO FORMIGA
PLO 3/2019,16,1349,SENIVAL MOURA
PLO 3/2019,17,1447,ALFREDINHO
PLO 3/2019,18,1487,RICARDO TEIXEIRA
PLO 3/2019,19,1633,SOUZA SANTOS
PLO 3/2019,20,1634,JULIANA CARDOSO
PLO 3/2019,21,1932,MARIO COVAS NETO
PLO 3/2019,22,1947,REIS
PLO 3/2019,23,1989,GEORGE HATO
PLO 3/2019,24,1999,PROFESSOR TONINHO VESPOLI
PLO 3/2019,25,2000,ALESSANDRO GUEDES
PLO 3/2019,26,2001,JAIR TATTO
PLO 3/2019,27,2129,JONAS CAMISA NOVA
PLO 3/2019,28,2146,GILBERTO NASCIMENTO
PLO 3/2019,29,2147,ISAC FÉLIX
PLO 3/2019,30,2149,DANIEL ANNENBERG
PLO 3/2019,31,2154,CAMILO CRISTÓFARO
PLO 3/2019,32,2155,JANAÍNA LIMA
PLO 3/2019,33,2158,XEXÉU TRIPOLI
PLO 3/2019,34,2180,MANOEL DEL RIO
PLO 3/2019,35,2185,CELSO GIANNAZI
PLO 3/2019,36,2206,SILVIA DA BANCADA FEMINISTA
PLO 3/2019,37,2207,ERIKA HILTON
PLO 3/2019,38,2248,JUSSARA BASSO
PLO 3/2019,39,2254,LUNA ZARATTINI
PLO 4/2019,1,2145,FERNANDO HOLIDAY
PLO 5/2019,1,273,MILTON LEITE
PLO 5/2019,2,2153,RODRIGO GOULART
PLO 5/2019,3,2156,CAIO MIRANDA CARNEIRO
PLO 6/2019,1,1947,REIS
PLO 6/2019,2,2255,JOÃO ANANIAS
PLO 1/2020,1,1635,DRA. SANDRA TADEU
PLO 2/2020,1,1635,DRA. SANDRA TADEU
PLO 3/2020,1,2153,RODRIGO GOULART
PLO 3/2020,2,2218,THAMMY MIRANDA
PLO 4/2020,1,2169,BRUNO COVAS
PLO 1/2021,1,2185,CELSO GIANNAZI
PLO 2/2021,1,1999,PROFESSOR TONINHO VESPOLI
PLO 2/2021,2,2185,CELSO GIANNAZI
PLO 2/2021,3,2207,ERIKA HILTON
PLO 3/2021,1,2207,ERIKA HILTON
PLO 4/2021,1,2216,SONAIRA FERNANDES
PLO 5/2021,1,2220,DELEGADO PALUMBO
PLO 6/2021,1,2155,JANAÍNA LIMA
PLO 7/2021,1,2229,RICARDO NUNES
PLO 8/2021,1,2001,JAIR TATTO
PLO 9/2021,1,2207,ERIKA HILTON
PLO 10/2021,1,2207,ERIKA HILTON
PLO 11/2021,1,2207,ERIKA HILTON
PLO 1/2022,1,2220,DELEGADO PALUMBO
PLO 2/2022,1,2185,CELSO GIANNAZI
PLO 3/2022,1,2220,DELEGADO PALUMBO
PLO 4/2022,1,2240,MESA DA CAMARA MUNICIPAL DE SAO PAULO
PLO 1/2023,1,1947,REIS
PLO 1/2023,2,1999,PROFESSOR TONINHO VESPOLI
PLO 1/2023,3,2255,JOÃO ANANIAS
PLO 1/2023,4,2256,HÉLIO RODRIGUES
PLO 2/2023,1,224,AURÉLIO NOMURA
PLO 1/2024,1,2215,MARLON LUZ
PLO 2/2024,1,2147,ISAC FÉLIX
PLO 1/2025,1,2000,ALESSANDRO GUEDES
PLO 2/2025,1,2266,ADRILLES JORGE
PLO 2/2025,2,2268,AMANDA VETTORAZZO
PLO 3/2025,1,2266,ADRILLES JORGE
PLO 3/2025,2,2268,AMANDA VETTORAZZO
PLO 4/2025,1,2266,ADRILLES JORGE
PLO 4/2025,2,2268,AMANDA VETTORAZZO
PLO 5/2025,1,1487,RICARDO TEIXEIRA
PLO 6/2025,1,1635,DRA. SANDRA TADEU
PLO 7/2025,1,2218,THAMMY MIRANDA
PLO 8/2025,1,2218,THAMMY MIRANDA
PLO 9/2025,1,2218,THAMMY MIRANDA
PLO 10/2025,1,936,NABIL BONDUKI
PLO 10/2025,2,1349,SENIVAL MOURA
PLO 10/2025,3,2000,ALESSANDRO GUEDES
PLO 10/2025,4,2001,JAIR TATTO
PLO 10/2025,5,2254,LUNA ZARATTINI
PLO 10/2025,6,2255,JOÃO ANANIAS
PLO 10/2025,7,2256,HÉLIO RODRIGUES
PLO 10/2025,8,2272,DHEISON SILVA
PLO 11/2025,1,2277,JANAINA PASCHOAL
PLO 1/2026,1,2273,DR. MURILLO LIMA
PLO 2/2026,1,2217,SANSÃO PEREIRA
PLO 3/2026,1,2228,RENATA FALZONI
PLO 4/2026,1,57,COMISSÃO DE FINANÇAS E ORÇAMENTO
PLO 5/2026,1,2279,SILVINHO LEITE
PR 12/1996,1,260,MESA DA CAMARA MUNICIPAL DE SAO PAULO
PR 14/1998,1,205,ALDAIZA SPOSATI
PR 14/1998,2,224,AURÉLIO NOMURA
PR 14/1998,3,227,MOHAMAD SAID MOURAD
PR 14/1998,4,231,MIGUEL COLASUONNO
PR 14/1998,5,271,GOULART
PR 14/1998,6,282,JORGE TABA
PR 23/2003,1,1261,MESA DA CAMARA MUNICIPAL DE SAO PAULO
PR 2/2012,1,1707,DAVID SOARES
PR 3/2014,1,1996,EDUARDO TUMA
PR 6/2015,1,1990,RICARDO NUNES
PR 12/2015,1,1326,QUITO FORMIGA
PR 14/2015,1,1990,RICARDO NUNES
PR 7/2016,1,132,WADIH MUTRAN
PR 7/2016,2,208,NELO RODOLFO
PR 7/2016,3,220,TONINHO PAIVA
PR 7/2016,4,224,AURÉLIO NOMURA
PR 7/2016,5,267,PAULO FRANGE
PR 7/2016,6,268,DALTON SILVANO
PR 7/2016,7,776,ELISEU GABRIEL
PR 7/2016,8,1296,ADILSON AMADEU
PR 7/2016,9,1305,POLICE
PR 7/2016,10,1326,QUITO FORMIGA
PR 7/2016,11,1349,SENIVAL MOURA
PR 7/2016,12,1487,RICARDO TEIXEIRA
PR 7/2016,13,1628,JAMIL MURAD
PR 7/2016,14,1633,SOUZA SANTOS
PR 7/2016,15,1635,DRA. SANDRA TADEU
PR 7/2016,16,1928,RICARDO YOUNG
PR 7/2016,17,1967,VAVÁ
PR 7/2016,18,1991,ARI FRIEDENBACH
PR 7/2016,19,2002,CONTE LOPES
PR 7/2016,20,2131,RODOLFO DESPACHANTE
PR 9/2016,1,1990,RICARDO NUNES
PR 9/2016,2,2155,JANAÍNA LIMA
PR 9/2016,3,2219,MARCELO MESSIAS
PR 10/2017,1,756,CELSO JATENE
PR 10/2017,2,1305,POLICE
PR 10/2017,3,1311,ANTONIO DONATO
PR 10/2017,4,1633,SOUZA SANTOS
PR 10/2017,5,1947,REIS
PR 10/2017,6,1990,RICARDO NUNES
PR 10/2017,7,2145,FERNANDO HOLIDAY
PR 10/2017,8,2151,ZÉ TURIN
PR 10/2017,9,2152,RINALDI DIGILIO
PR 10/2017,10,2155,JANAÍNA LIMA
PR 10/2017,11,2219,MARCELO MESSIAS
PR 21/2017,1,1930,OTA
PR 23/2017,1,2143,ALINE CARDOSO
PR 28/2017,1,2148,SÂMIA BOMFIM
PR 28/2017,2,2185,CELSO GIANNAZI
PR 28/2017,3,2207,ERIKA HILTON
PR 33/2017,1,1647,EDIR SALES
PR 33/2017,2,2001,JAIR TATTO
PR 33/2017,3,2210,ELY TERUEL
PR 35/2017,1,2153,RODRIGO GOULART
PR 36/2017,1,2165,MESA DA CAMARA MUNICIPAL DE SAO PAULO
PR 38/2017,1,1996,EDUARDO TUMA
PR 38/2017,2,2155,JANAÍNA LIMA
PR 40/2017,1,160,EDUARDO MATARAZZO SUPLICY
PR 40/2017,2,1305,POLICE
PR 40/2017,3,1311,ANTONIO DONATO
PR 40/2017,4,2148,SÂMIA BOMFIM
PR 41/2017,1,2148,SÂMIA BOMFIM
PR 42/2017,1,2148,SÂMIA BOMFIM
PR 42/2017,2,2185,CELSO GIANNAZI
PR 43/2017,1,796,GILBERTO NATALINI
PR 44/2017,1,796,GILBERTO NATALINI
PR 46/2017,1,1947,REIS
PR 46/2017,2,2148,SÂMIA BOMFIM
PR 46/2017,3,2255,JOÃO ANANIAS
PR 47/2017,1,896,CLAUDIO FONSECA
PR 48/2017,1,2148,SÂMIA BOMFIM
PR 49/2017,1,1319,SONINHA FRANCINE
PR 50/2017,1,160,EDUARDO MATARAZZO SUPLICY
PR 50/2017,2,187,GILSON BARRETO
PR 50/2017,3,676,ATÍLIO FRANCISCO
PR 50/2017,4,756,CELSO JATENE
PR 50/2017,5,1296,ADILSON AMADEU
PR 50/2017,6,1305,POLICE
PR 50/2017,7,1311,ANTONIO DONATO
PR 50/2017,8,1316,NOEMI NONATO
PR 50/2017,9,1447,ALFREDINHO
PR 50/2017,10,1647,EDIR SALES
PR 50/2017,11,1930,OTA
PR 50/2017,12,1947,REIS
PR 50/2017,13,1996,EDUARDO TUMA
PR 50/2017,14,1998,PATRÍCIA BEZERRA
PR 50/2017,15,2002,CONTE LOPES
PR 50/2017,16,2142,ADRIANA RAMALHO
PR 50/2017,17,2146,GILBERTO NASCIMENTO
PR 50/2017,18,2147,ISAC FÉLIX
PR 50/2017,19,2150,ANDRÉ SANTOS
PR 50/2017,20,2153,RODRIGO GOULART
PR 50/2017,21,2154,CAMILO CRISTÓFARO
PR 50/2017,22,2159,RUTE COSTA
PR 53/2017,1,160,EDUARDO MATARAZZO SUPLICY
PR 53/2017,2,1319,SONINHA FRANCINE
PR 53/2017,3,1634,JULIANA CARDOSO
PR 53/2017,4,1998,PATRÍCIA BEZERRA
PR 53/2017,5,1999,PROFESSOR TONINHO VESPOLI
PR 53/2017,6,2148,SÂMIA BOMFIM
PR 1/2018,1,896,CLAUDIO FONSECA
PR 1/2018,2,1647,EDIR SALES
PR 2/2018,1,1990,RICARDO NUNES
PR 2/2018,2,2219,MARCELO MESSIAS
PR 3/2018,1,1319,SONINHA FRANCINE
PR 4/2018,1,776,ELISEU GABRIEL
PR 5/2018,1,1998,PATRÍCIA BEZERRA
PR 6/2018,1,1647,EDIR SALES
PR 7/2018,1,2148,SÂMIA BOMFIM
PR 8/2018,1,160,EDUARDO MATARAZZO SUPLICY
PR 8/2018,2,1999,PROFESSOR TONINHO VESPOLI
PR 8/2018,3,2148,SÂMIA BOMFIM
PR 8/2018,4,2149,DANIEL ANNENBERG
PR 8/2018,5,2185,CELSO GIANNAZI
PR 8/2018,6,2205,LUANA ALVES
PR 8/2018,7,2208,ELAINE DO QUILOMBO PERIFÉRICO
PR 8/2018,8,2243,DR. ADRIANO SANTOS
PR 8/2018,9,2248,JUSSARA BASSO
PR 9/2018,1,2159,RUTE COSTA
PR 11/2018,1,2148,SÂMIA BOMFIM
PR 12/2018,1,756,CELSO JATENE
PR 13/2018,1,224,AURÉLIO NOMURA
PR 14/2018,1,2145,FERNANDO HOLIDAY
PR 15/2018,1,273,MILTON LEITE
PR 15/2018,2,2156,CAIO MIRANDA CARNEIRO
PR 16/2018,1,1296,ADILSON AMADEU
PR 17/2018,1,2001,JAIR TATTO
PR 18/2018,1,2152,RINALDI DIGILIO
PR 19/2018,1,2177,MESA DA CAMARA MUNICIPAL DE SAO PAULO
PR 20/2018,1,1319,SONINHA FRANCINE
PR 1/2019,1,2151,ZÉ TURIN
PR 2/2019,1,2185,CELSO GIANNAZI
PR 3/2019,1,796,GILBERTO NATALINI
PR 3/2019,2,1319,SONINHA FRANCINE
PR 3/2019,3,1447,ALFREDINHO
PR 4/2019,1,220,TONINHO PAIVA
PR 4/2019,2,224,AURÉLIO NOMURA
PR 4/2019,3,676,ATÍLIO FRANCISCO
PR 4/2019,4,756,CELSO JATENE
PR 4/2019,5,796,GILBERTO NATALINI
PR 4/2019,6,896,CLAUDIO FONSECA
PR 4/2019,7,1305,POLICE
PR 4/2019,8,1319,SONINHA FRANCINE
PR 4/2019,9,1447,ALFREDINHO
PR 4/2019,10,1633,SOUZA SANTOS
PR 4/2019,11,1930,OTA
PR 4/2019,12,2002,CONTE LOPES
PR 4/2019,13,2145,FERNANDO HOLIDAY
PR 4/2019,14,2152,RINALDI DIGILIO
PR 4/2019,15,2154,CAMILO CRISTÓFARO
PR 4/2019,16,2155,JANAÍNA LIMA
PR 4/2019,17,2156,CAIO MIRANDA CARNEIRO
PR 5/2019,1,2146,GILBERTO NASCIMENTO
PR 6/2019,1,776,ELISEU GABRIEL
PR 6/2019,2,1319,SONINHA FRANCINE
PR 7/2019,1,2184,MESA DA CAMARA MUNICIPAL DE SAO PAULO
PR 8/2019,1,2142,ADRIANA RAMALHO
PR 9/2019,1,2185,CELSO GIANNAZI
PR 10/2019,1,2185,CELSO GIANNAZI
PR 11/2019,1,1947,REIS
PR 11/2019,2,2255,JOÃO ANANIAS
PR 12/2019,1,796,GILBERTO NATALINI
PR 12/2019,2,1999,PROFESSOR TONINHO VESPOLI
PR 12/2019,3,2185,CELSO GIANNAZI
PR 12/2019,4,2205,LUANA ALVES
PR 13/2019,1,2146,GILBERTO NASCIMENTO
PR 14/2019,1,2156,CAIO MIRANDA CARNEIRO
PR 15/2019,1,2155,JANAÍNA LIMA
PR 16/2019,1,160,EDUARDO MATARAZZO SUPLICY
PR 16/2019,2,796,GILBERTO NATALINI
PR 16/2019,3,1316,NOEMI NONATO
PR 16/2019,4,1634,JULIANA CARDOSO
PR 16/2019,5,1636,DR. MILTON FERREIRA
PR 16/2019,6,1647,EDIR SALES
PR 16/2019,7,1998,PATRÍCIA BEZERRA
PR 16/2019,8,2001,JAIR TATTO
PR 16/2019,9,2146,GILBERTO NASCIMENTO
PR 16/2019,10,2154,CAMILO CRISTÓFARO
PR 16/2019,11,2185,CELSO GIANNAZI
PR 16/2019,12,2206,SILVIA DA BANCADA FEMINISTA
PR 16/2019,13,2207,ERIKA HILTON
PR 16/2019,14,2213,FARIA DE SÁ
PR 17/2019,1,1996,EDUARDO TUMA
PR 18/2019,1,2001,JAIR TATTO
PR 18/2019,2,2155,JANAÍNA LIMA
PR 18/2019,3,2279,SILVINHO LEITE
PR 19/2019,1,2184,MESA DA CAMARA MUNICIPAL DE SAO PAULO
PR 20/2019,1,2155,JANAÍNA LIMA
PR 21/2019,1,1635,DRA. SANDRA TADEU
PR 22/2019,1,2150,ANDRÉ SANTOS
PR 23/2019,1,2145,FERNANDO HOLIDAY
PR 24/2019,1,1996,EDUARDO TUMA
PR 25/2019,1,1635,DRA. SANDRA TADEU
PR 26/2019,1,2184,MESA DA CAMARA MUNICIPAL DE SAO PAULO
PR 27/2019,1,1635,DRA. SANDRA TADEU
PR 28/2019,1,2184,MESA DA CAMARA MUNICIPAL DE SAO PAULO
PR 29/2019,1,1635,DRA. SANDRA TADEU
PR 30/2019,1,796,GILBERTO NATALINI
PR 30/2019,2,2142,ADRIANA RAMALHO
PR 31/2019,1,776,ELISEU GABRIEL
PR 31/2019,2,2243,DR. ADRIANO SANTOS
PR 32/2019,1,155,ARSELINO TATTO
PR 32/2019,2,160,EDUARDO MATARAZZO SUPLICY
PR 32/2019,3,267,PAULO FRANGE
PR 32/2019,4,676,ATÍLIO FRANCISCO
PR 32/2019,5,796,GILBERTO NATALINI
PR 32/2019,6,896,CLAUDIO FONSECA
PR 32/2019,7,1305,POLICE
PR 32/2019,8,1311,ANTONIO DONATO
PR 32/2019,9,1316,NOEMI NONATO
PR 32/2019,10,1319,SONINHA FRANCINE
PR 32/2019,11,1447,ALFREDINHO
PR 32/2019,12,1636,DR. MILTON FERREIRA
PR 32/2019,13,1930,OTA
PR 32/2019,14,1932,MARIO COVAS NETO
PR 32/2019,15,1999,PROFESSOR TONINHO VESPOLI
PR 32/2019,16,2000,ALESSANDRO GUEDES
PR 32/2019,17,2149,DANIEL ANNENBERG
PR 32/2019,18,2150,ANDRÉ SANTOS
PR 32/2019,19,2154,CAMILO CRISTÓFARO
PR 32/2019,20,2156,CAIO MIRANDA CARNEIRO
PR 33/2019,1,1487,RICARDO TEIXEIRA
PR 34/2019,1,896,CLAUDIO FONSECA
PR 34/2019,2,1311,ANTONIO DONATO
PR 34/2019,3,1319,SONINHA FRANCINE
PR 1/2020,1,1349,SENIVAL MOURA
PR 2/2020,1,1635,DRA. SANDRA TADEU
PR 2/2020,2,2224,SANDRA SANTANA
PR 3/2020,1,273,MILTON LEITE
PR 3/2020,2,2153,RODRIGO GOULART
PR 3/2020,3,2156,CAIO MIRANDA CARNEIRO
PR 4/2020,1,160,EDUARDO MATARAZZO SUPLICY
PR 4/2020,2,1947,REIS
PR 5/2020,1,2001,JAIR TATTO
PR 7/2020,1,2001,JAIR TATTO
PR 9/2020,1,1311,ANTONIO DONATO
PR 9/2020,2,1999,PROFESSOR TONINHO VESPOLI
PR 10/2020,1,160,EDUARDO MATARAZZO SUPLICY
PR 10/2020,2,1305,POLICE
PR 10/2020,3,1319,SONINHA FRANCINE
PR 10/2020,4,2145,FERNANDO HOLIDAY
PR 10/2020,5,2149,DANIEL ANNENBERG
PR 11/2020,1,1635,DRA. SANDRA TADEU
PR 12/2020,1,160,EDUARDO MATARAZZO SUPLICY
PR 12/2020,2,187,GILSON BARRETO
PR 12/2020,3,676,ATÍLIO FRANCISCO
PR 12/2020,4,776,ELISEU GABRIEL
PR 12/2020,5,796,GILBERTO NATALINI
PR 12/2020,6,896,CLAUDIO FONSECA
PR 12/2020,7,1296,ADILSON AMADEU
PR 12/2020,8,1311,ANTONIO DONATO
PR 12/2020,9,1316,NOEMI NONATO
PR 12/2020,10,1319,SONINHA FRANCINE
PR 12/2020,11,1326,QUITO FORMIGA
PR 12/2020,12,1487,RICARDO TEIXEIRA
PR 12/2020,13,1633,SOUZA SANTOS
PR 12/2020,14,1647,EDIR SALES
PR 12/2020,15,1947,REIS
PR 12/2020,16,1990,RICARDO NUNES
PR 12/2020,17,1996,EDUARDO TUMA
PR 12/2020,18,1999,PROFESSOR TONINHO VESPOLI
PR 12/2020,19,2000,ALESSANDRO GUEDES
PR 12/2020,20,2144,FABIO RIVA
PR 12/2020,21,2147,ISAC FÉLIX
PR 12/2020,22,2149,DANIEL ANNENBERG
PR 12/2020,23,2153,RODRIGO GOULART
PR 12/2020,24,2154,CAMILO CRISTÓFARO
PR 12/2020,25,2158,XEXÉU TRIPOLI
PR 12/2020,26,2185,CELSO GIANNAZI
PR 12/2020,27,2213,FARIA DE SÁ
PR 12/2020,28,2219,MARCELO MESSIAS
PR 13/2020,1,160,EDUARDO MATARAZZO SUPLICY
PR 13/2020,2,187,GILSON BARRETO
PR 13/2020,3,676,ATÍLIO FRANCISCO
PR 13/2020,4,776,ELISEU GABRIEL
PR 13/2020,5,796,GILBERTO NATALINI
PR 13/2020,6,896,CLAUDIO FONSECA
PR 13/2020,7,1296,ADILSON AMADEU
PR 13/2020,8,1311,ANTONIO DONATO
PR 13/2020,9,1316,NOEMI NONATO
PR 13/2020,10,1326,QUITO FORMIGA
PR 13/2020,11,1349,SENIVAL MOURA
PR 13/2020,12,1633,SOUZA SANTOS
PR 13/2020,13,1634,JULIANA CARDOSO
PR 13/2020,14,1647,EDIR SALES
PR 13/2020,15,1930,OTA
PR 13/2020,16,1947,REIS
PR 13/2020,17,1989,GEORGE HATO
PR 13/2020,18,1998,PATRÍCIA BEZERRA
PR 13/2020,19,1999,PROFESSOR TONINHO VESPOLI
PR 13/2020,20,2000,ALESSANDRO GUEDES
PR 13/2020,21,2149,DANIEL ANNENBERG
PR 13/2020,22,2151,ZÉ TURIN
PR 13/2020,23,2152,RINALDI DIGILIO
PR 13/2020,24,2153,RODRIGO GOULART
PR 13/2020,25,2154,CAMILO CRISTÓFARO
PR 13/2020,26,2159,RUTE COSTA
PR 13/2020,27,2185,CELSO GIANNAZI
PR 13/2020,28,2213,FARIA DE SÁ
PR 14/2020,1,155,ARSELINO TATTO
PR 14/2020,2,160,EDUARDO MATARAZZO SUPLICY
PR 14/2020,3,187,GILSON BARRETO
PR 14/2020,4,224,AURÉLIO NOMURA
PR 14/2020,5,267,PAULO FRANGE
PR 14/2020,6,676,ATÍLIO FRANCISCO
PR 14/2020,7,756,CELSO JATENE
PR 14/2020,8,776,ELISEU GABRIEL
PR 14/2020,9,796,GILBERTO NATALINI
PR 14/2020,10,896,CLAUDIO FONSECA
PR 14/2020,11,1296,ADILSON AMADEU
PR 14/2020,12,1305,POLICE
PR 14/2020,13,1311,ANTONIO DONATO
PR 14/2020,14,1316,NOEMI NONATO
PR 14/2020,15,1319,SONINHA FRANCINE
PR 14/2020,16,1326,QUITO FORMIGA
PR 14/2020,17,1349,SENIVAL MOURA
PR 14/2020,18,1447,ALFREDINHO
PR 14/2020,19,1633,SOUZA SANTOS
PR 14/2020,20,1634,JULIANA CARDOSO
PR 14/2020,21,1647,EDIR SALES
PR 14/2020,22,1947,REIS
PR 14/2020,23,1989,GEORGE HATO
PR 14/2020,24,1990,RICARDO NUNES
PR 14/2020,25,1998,PATRÍCIA BEZERRA
PR 14/2020,26,1999,PROFESSOR TONINHO VESPOLI
PR 14/2020,27,2000,ALESSANDRO GUEDES
PR 14/2020,28,2001,JAIR TATTO
PR 14/2020,29,2144,FABIO RIVA
PR 14/2020,30,2147,ISAC FÉLIX
PR 14/2020,31,2151,ZÉ TURIN
PR 14/2020,32,2153,RODRIGO GOULART
PR 14/2020,33,2154,CAMILO CRISTÓFARO
PR 14/2020,34,2156,CAIO MIRANDA CARNEIRO
PR 14/2020,35,2158,XEXÉU TRIPOLI
PR 14/2020,36,2159,RUTE COSTA
PR 14/2020,37,2219,MARCELO MESSIAS
PR 15/2020,1,1311,ANTONIO DONATO
PR 16/2020,1,155,ARSELINO TATTO
PR 16/2020,2,2000,ALESSANDRO GUEDES
PR 17/2020,1,1996,EDUARDO TUMA
PR 18/2020,1,1996,EDUARDO TUMA
PR 20/2020,1,1996,EDUARDO TUMA
PR 21/2020,1,2185,CELSO GIANNAZI
PR 22/2020,1,2155,JANAÍNA LIMA
PR 23/2020,1,1996,EDUARDO TUMA
PR 23/2020,2,2159,RUTE COSTA
PR 24/2020,1,2199,MESA DA CAMARA MUNICIPAL DE SAO PAULO
PR 25/2020,1,2155,JANAÍNA LIMA
PR 26/2020,1,2155,JANAÍNA LIMA
PR 1/2021,1,1487,RICARDO TEIXEIRA
PR 2/2021,1,2206,SILVIA DA BANCADA FEMINISTA
PR 2/2021,2,2207,ERIKA HILTON
PR 3/2021,1,2222,CRIS MONTEIRO
PR 4/2021,1,696,CARLOS BEZERRA JR.
PR 4/2021,2,1311,ANTONIO DONATO
PR 4/2021,3,1634,JULIANA CARDOSO
PR 4/2021,4,2000,ALESSANDRO GUEDES
PR 4/2021,5,2145,FERNANDO HOLIDAY
PR 4/2021,6,2146,GILBERTO NASCIMENTO
PR 4/2021,7,2206,SILVIA DA BANCADA FEMINISTA
PR 4/2021,8,2208,ELAINE DO QUILOMBO PERIFÉRICO
PR 4/2021,9,2210,ELY TERUEL
PR 4/2021,10,2211,SIDNEY CRUZ
PR 4/2021,11,2214,RUBINHO NUNES
PR 4/2021,12,2215,MARLON LUZ
PR 4/2021,13,2217,SANSÃO PEREIRA
PR 4/2021,14,2218,THAMMY MIRANDA
PR 4/2021,15,2222,CRIS MONTEIRO
PR 5/2021,1,2152,RINALDI DIGILIO
PR 6/2021,1,2152,RINALDI DIGILIO
PR 6/2021,2,2213,FARIA DE SÁ
PR 7/2021,1,2146,GILBERTO NASCIMENTO
PR 7/2021,2,2152,RINALDI DIGILIO
PR 8/2021,1,2211,SIDNEY CRUZ
PR 9/2021,1,155,ARSELINO TATTO
PR 9/2021,2,160,EDUARDO MATARAZZO SUPLICY
PR 9/2021,3,176,ROBERTO TRÍPOLI
PR 9/2021,4,187,GILSON BARRETO
PR 9/2021,5,224,AURÉLIO NOMURA
PR 9/2021,6,267,PAULO FRANGE
PR 9/2021,7,273,MILTON LEITE
PR 9/2021,8,676,ATÍLIO FRANCISCO
PR 9/2021,9,696,CARLOS BEZERRA JR.
PR 9/2021,10,776,ELISEU GABRIEL
PR 9/2021,11,1296,ADILSON AMADEU
PR 9/2021,12,1311,ANTONIO DONATO
PR 9/2021,13,1349,SENIVAL MOURA
PR 9/2021,14,1447,ALFREDINHO
PR 9/2021,15,1487,RICARDO TEIXEIRA
PR 9/2021,16,1634,JULIANA CARDOSO
PR 9/2021,17,1635,DRA. SANDRA TADEU
PR 9/2021,18,1636,DR. MILTON FERREIRA
PR 9/2021,19,1647,EDIR SALES
PR 9/2021,20,1989,GEORGE HATO
PR 9/2021,21,1999,PROFESSOR TONINHO VESPOLI
PR 9/2021,22,2000,ALESSANDRO GUEDES
PR 9/2021,23,2001,JAIR TATTO
PR 9/2021,24,2144,FABIO RIVA
PR 9/2021,25,2145,FERNANDO HOLIDAY
PR 9/2021,26,2146,GILBERTO NASCIMENTO
PR 9/2021,27,2147,ISAC FÉLIX
PR 9/2021,28,2150,ANDRÉ SANTOS
PR 9/2021,29,2152,RINALDI DIGILIO
PR 9/2021,30,2153,RODRIGO GOULART
PR 9/2021,31,2154,CAMILO CRISTÓFARO
PR 9/2021,32,2155,JANAÍNA LIMA
PR 9/2021,33,2158,XEXÉU TRIPOLI
PR 9/2021,34,2159,RUTE COSTA
PR 9/2021,35,2160,JOÃO JORGE
PR 9/2021,36,2185,CELSO GIANNAZI
PR 9/2021,37,2205,LUANA ALVES
PR 9/2021,38,2206,SILVIA DA BANCADA FEMINISTA
PR 9/2021,39,2207,ERIKA HILTON
PR 9/2021,40,2208,ELAINE DO QUILOMBO PERIFÉRICO
PR 9/2021,41,2209,DANILO DO POSTO DE SAÚDE
PR 9/2021,42,2210,ELY TERUEL
PR 9/2021,43,2211,SIDNEY CRUZ
PR 9/2021,44,2213,FARIA DE SÁ
PR 9/2021,45,2214,RUBINHO NUNES
PR 9/2021,46,2215,MARLON LUZ
PR 9/2021,47,2216,SONAIRA FERNANDES
PR 9/2021,48,2217,SANSÃO PEREIRA
PR 9/2021,49,2218,THAMMY MIRANDA
PR 9/2021,50,2219,MARCELO MESSIAS
PR 9/2021,51,2220,DELEGADO PALUMBO
PR 9/2021,52,2221,ELI CORRÊA
PR 9/2021,53,2222,CRIS MONTEIRO
PR 9/2021,54,2223,FELIPE BECARI
PR 9/2021,55,2224,SANDRA SANTANA
PR 10/2021,1,2155,JANAÍNA LIMA
PR 11/2021,1,160,EDUARDO MATARAZZO SUPLICY
PR 11/2021,2,187,GILSON BARRETO
PR 11/2021,3,696,CARLOS BEZERRA JR.
PR 11/2021,4,776,ELISEU GABRIEL
PR 11/2021,5,1296,ADILSON AMADEU
PR 11/2021,6,1311,ANTONIO DONATO
PR 11/2021,7,1349,SENIVAL MOURA
PR 11/2021,8,1634,JULIANA CARDOSO
PR 11/2021,9,1635,DRA. SANDRA TADEU
PR 11/2021,10,1989,GEORGE HATO
PR 11/2021,11,1999,PROFESSOR TONINHO VESPOLI
PR 11/2021,12,2000,ALESSANDRO GUEDES
PR 11/2021,13,2001,JAIR TATTO
PR 11/2021,14,2144,FABIO RIVA
PR 11/2021,15,2154,CAMILO CRISTÓFARO
PR 11/2021,16,2158,XEXÉU TRIPOLI
PR 11/2021,17,2185,CELSO GIANNAZI
PR 11/2021,18,2205,LUANA ALVES
PR 11/2021,19,2206,SILVIA DA BANCADA FEMINISTA
PR 11/2021,20,2207,ERIKA HILTON
PR 11/2021,21,2211,SIDNEY CRUZ
PR 11/2021,22,2219,MARCELO MESSIAS
PR 11/2021,23,2220,DELEGADO PALUMBO
PR 11/2021,24,2221,ELI CORRÊA
PR 11/2021,25,2222,CRIS MONTEIRO
PR 11/2021,26,2223,FELIPE BECARI
PR 12/2021,1,160,EDUARDO MATARAZZO SUPLICY
PR 12/2021,2,676,ATÍLIO FRANCISCO
PR 12/2021,3,776,ELISEU GABRIEL
PR 12/2021,4,1296,ADILSON AMADEU
PR 12/2021,5,1349,SENIVAL MOURA
PR 12/2021,6,1634,JULIANA CARDOSO
PR 12/2021,7,1635,DRA. SANDRA TADEU
PR 12/2021,8,1999,PROFESSOR TONINHO VESPOLI
PR 12/2021,9,2001,JAIR TATTO
PR 12/2021,10,2154,CAMILO CRISTÓFARO
PR 12/2021,11,2185,CELSO GIANNAZI
PR 12/2021,12,2205,LUANA ALVES
PR 12/2021,13,2206,SILVIA DA BANCADA FEMINISTA
PR 12/2021,14,2207,ERIKA HILTON
PR 12/2021,15,2211,SIDNEY CRUZ
PR 12/2021,16,2219,MARCELO MESSIAS
PR 12/2021,17,2220,DELEGADO PALUMBO
PR 12/2021,18,2221,ELI CORRÊA
PR 12/2021,19,2222,CRIS MONTEIRO
PR 13/2021,1,2225,MESA DA CAMARA MUNICIPAL DE SAO PAULO
PR 14/2021,1,1634,JULIANA CARDOSO
PR 14/2021,2,2147,ISAC FÉLIX
PR 15/2021,1,2224,SANDRA SANTANA
PR 16/2021,1,2155,JANAÍNA LIMA
PR 17/2021,1,267,PAULO FRANGE
PR 19/2021,1,2153,RODRIGO GOULART
PR 20/2021,1,1634,JULIANA CARDOSO
PR 21/2021,1,2145,FERNANDO HOLIDAY
PR 21/2021,2,2155,JANAÍNA LIMA
PR 21/2021,3,2159,RUTE COSTA
PR 21/2021,4,2210,ELY TERUEL
PR 21/2021,5,2215,MARLON LUZ
PR 21/2021,6,2216,SONAIRA FERNANDES
PR 21/2021,7,2217,SANSÃO PEREIRA
PR 21/2021,8,2220,DELEGADO PALUMBO
PR 22/2021,1,155,ARSELINO TATTO
PR 23/2021,1,776,ELISEU GABRIEL
PR 24/2021,1,1999,PROFESSOR TONINHO VESPOLI
PR 24/2021,2,2185,CELSO GIANNAZI
PR 24/2021,3,2205,LUANA ALVES
PR 24/2021,4,2206,SILVIA DA BANCADA FEMINISTA
PR 24/2021,5,2207,ERIKA HILTON
PR 24/2021,6,2208,ELAINE DO QUILOMBO PERIFÉRICO
PR 25/2021,1,160,EDUARDO MATARAZZO SUPLICY
PR 25/2021,2,187,GILSON BARRETO
PR 25/2021,3,267,PAULO FRANGE
PR 25/2021,4,676,ATÍLIO FRANCISCO
PR 25/2021,5,776,ELISEU GABRIEL
PR 25/2021,6,1296,ADILSON AMADEU
PR 25/2021,7,1349,SENIVAL MOURA
PR 25/2021,8,1635,DRA. SANDRA TADEU
PR 25/2021,9,1636,DR. MILTON FERREIRA
PR 25/2021,10,1999,PROFESSOR TONINHO VESPOLI
PR 25/2021,11,2000,ALESSANDRO GUEDES
PR 25/2021,12,2001,JAIR TATTO
PR 25/2021,13,2144,FABIO RIVA
PR 25/2021,14,2153,RODRIGO GOULART
PR 25/2021,15,2154,CAMILO CRISTÓFARO
PR 25/2021,16,2158,XEXÉU TRIPOLI
PR 25/2021,17,2185,CELSO GIANNAZI
PR 25/2021,18,2207,ERIKA HILTON
PR 25/2021,19,2209,DANILO DO POSTO DE SAÚDE
PR 25/2021,20,2210,ELY TERUEL
PR 25/2021,21,2211,SIDNEY CRUZ
PR 25/2021,22,2213,FARIA DE SÁ
PR 25/2021,23,2217,SANSÃO PEREIRA
PR 25/2021,24,2218,THAMMY MIRANDA
PR 25/2021,25,2219,MARCELO MESSIAS
PR 25/2021,26,2220,DELEGADO PALUMBO
PR 25/2021,27,2223,FELIPE BECARI
PR 25/2021,28,2224,SANDRA SANTANA
PR 26/2021,1,155,ARSELINO TATTO
PR 26/2021,2,160,EDUARDO MATARAZZO SUPLICY
PR 26/2021,3,187,GILSON BARRETO
PR 26/2021,4,267,PAULO FRANGE
PR 26/2021,5,676,ATÍLIO FRANCISCO
PR 26/2021,6,776,ELISEU GABRIEL
PR 26/2021,7,1296,ADILSON AMADEU
PR 26/2021,8,1349,SENIVAL MOURA
PR 26/2021,9,1635,DRA. SANDRA TADEU
PR 26/2021,10,1636,DR. MILTON FERREIRA
PR 26/2021,11,1999,PROFESSOR TONINHO VESPOLI
PR 26/2021,12,2000,ALESSANDRO GUEDES
PR 26/2021,13,2001,JAIR TATTO
PR 26/2021,14,2144,FABIO RIVA
PR 26/2021,15,2154,CAMILO CRISTÓFARO
PR 26/2021,16,2158,XEXÉU TRIPOLI
PR 26/2021,17,2185,CELSO GIANNAZI
PR 26/2021,18,2207,ERIKA HILTON
PR 26/2021,19,2209,DANILO DO POSTO DE SAÚDE
PR 26/2021,20,2210,ELY TERUEL
PR 26/2021,21,2211,SIDNEY CRUZ
PR 26/2021,22,2213,FARIA DE SÁ
PR 26/2021,23,2217,SANSÃO PEREIRA
PR 26/2021,24,2218,THAMMY MIRANDA
PR 26/2021,25,2219,MARCELO MESSIAS
PR 26/2021,26,2220,DELEGADO PALUMBO
PR 26/2021,27,2223,FELIPE BECARI
PR 26/2021,28,2224,SANDRA SANTANA
PR 27/2021,1,1635,DRA. SANDRA TADEU
PR 27/2021,2,2149,DANIEL ANNENBERG
PR 28/2021,1,1487,RICARDO TEIXEIRA
PR 29/2021,1,2217,SANSÃO PEREIRA
PR 30/2021,1,2222,CRIS MONTEIRO
PR 31/2021,1,1634,JULIANA CARDOSO
PR 32/2021,1,267,PAULO FRANGE
PR 32/2021,2,676,ATÍLIO FRANCISCO
PR 32/2021,3,696,CARLOS BEZERRA JR.
PR 32/2021,4,1296,ADILSON AMADEU
PR 32/2021,5,1311,ANTONIO DONATO
PR 32/2021,6,1349,SENIVAL MOURA
PR 32/2021,7,1634,JULIANA CARDOSO
PR 32/2021,8,1635,DRA. SANDRA TADEU
PR 32/2021,9,1647,EDIR SALES
PR 32/2021,10,1999,PROFESSOR TONINHO VESPOLI
PR 32/2021,11,2000,ALESSANDRO GUEDES
PR 32/2021,12,2001,JAIR TATTO
PR 32/2021,13,2158,XEXÉU TRIPOLI
PR 32/2021,14,2185,CELSO GIANNAZI
PR 32/2021,15,2205,LUANA ALVES
PR 32/2021,16,2206,SILVIA DA BANCADA FEMINISTA
PR 32/2021,17,2207,ERIKA HILTON
PR 32/2021,18,2208,ELAINE DO QUILOMBO PERIFÉRICO
PR 32/2021,19,2217,SANSÃO PEREIRA
PR 32/2021,20,2221,ELI CORRÊA
PR 32/2021,21,2222,CRIS MONTEIRO
PR 32/2021,22,2223,FELIPE BECARI
PR 32/2021,23,2228,RENATA FALZONI
PR 33/2021,1,155,ARSELINO TATTO
PR 33/2021,2,160,EDUARDO MATARAZZO SUPLICY
PR 33/2021,3,1311,ANTONIO DONATO
PR 33/2021,4,1349,SENIVAL MOURA
PR 33/2021,5,1447,ALFREDINHO
PR 33/2021,6,1634,JULIANA CARDOSO
PR 33/2021,7,2000,ALESSANDRO GUEDES
PR 33/2021,8,2001,JAIR TATTO
PR 34/2021,1,2146,GILBERTO NASCIMENTO
PR 35/2021,1,2219,MARCELO MESSIAS
PR 36/2021,1,155,ARSELINO TATTO
PR 36/2021,2,224,AURÉLIO NOMURA
PR 36/2021,3,267,PAULO FRANGE
PR 36/2021,4,676,ATÍLIO FRANCISCO
PR 36/2021,5,696,CARLOS BEZERRA JR.
PR 36/2021,6,776,ELISEU GABRIEL
PR 36/2021,7,1296,ADILSON AMADEU
PR 36/2021,8,1311,ANTONIO DONATO
PR 36/2021,9,1349,SENIVAL MOURA
PR 36/2021,10,1447,ALFREDINHO
PR 36/2021,11,1999,PROFESSOR TONINHO VESPOLI
PR 36/2021,12,2000,ALESSANDRO GUEDES
PR 36/2021,13,2001,JAIR TATTO
PR 36/2021,14,2144,FABIO RIVA
PR 36/2021,15,2153,RODRIGO GOULART
PR 36/2021,16,2154,CAMILO CRISTÓFARO
PR 36/2021,17,2185,CELSO GIANNAZI
PR 36/2021,18,2205,LUANA ALVES
PR 36/2021,19,2207,ERIKA HILTON
PR 36/2021,20,2209,DANILO DO POSTO DE SAÚDE
PR 36/2021,21,2210,ELY TERUEL
PR 36/2021,22,2211,SIDNEY CRUZ
PR 36/2021,23,2213,FARIA DE SÁ
PR 36/2021,24,2217,SANSÃO PEREIRA
PR 36/2021,25,2218,THAMMY MIRANDA
PR 36/2021,26,2219,MARCELO MESSIAS
PR 37/2021,1,160,EDUARDO MATARAZZO SUPLICY
PR 37/2021,2,267,PAULO FRANGE
PR 37/2021,3,1311,ANTONIO DONATO
PR 37/2021,4,1349,SENIVAL MOURA
PR 37/2021,5,1999,PROFESSOR TONINHO VESPOLI
PR 37/2021,6,2205,LUANA ALVES
PR 37/2021,7,2207,ERIKA HILTON
PR 38/2021,1,160,EDUARDO MATARAZZO SUPLICY
PR 38/2021,2,2155,JANAÍNA LIMA
PR 38/2021,3,2254,LUNA ZARATTINI
PR 39/2021,1,2155,JANAÍNA LIMA
PR 39/2021,2,2213,FARIA DE SÁ
PR 39/2021,3,2214,RUBINHO NUNES
PR 39/2021,4,2219,MARCELO MESSIAS
PR 40/2021,1,2159,RUTE COSTA
PR 40/2021,2,2266,ADRILLES JORGE
PR 41/2021,1,776,ELISEU GABRIEL
PR 42/2021,1,2225,MESA DA CAMARA MUNICIPAL DE SAO PAULO
PR 43/2021,1,1311,ANTONIO DONATO
PR 43/2021,2,2000,ALESSANDRO GUEDES
PR 43/2021,3,2208,ELAINE DO QUILOMBO PERIFÉRICO
PR 43/2021,4,2213,FARIA DE SÁ
PR 43/2021,5,2254,LUNA ZARATTINI
PR 43/2021,6,2255,JOÃO ANANIAS
PR 43/2021,7,2256,HÉLIO RODRIGUES
PR 44/2021,1,187,GILSON BARRETO
PR 45/2021,1,155,ARSELINO TATTO
PR 45/2021,2,224,AURÉLIO NOMURA
PR 45/2021,3,676,ATÍLIO FRANCISCO
PR 45/2021,4,1296,ADILSON AMADEU
PR 45/2021,5,2144,FABIO RIVA
PR 45/2021,6,2153,RODRIGO GOULART
PR 45/2021,7,2154,CAMILO CRISTÓFARO
PR 45/2021,8,2159,RUTE COSTA
PR 45/2021,9,2210,ELY TERUEL
PR 45/2021,10,2211,SIDNEY CRUZ
PR 45/2021,11,2213,FARIA DE SÁ
PR 45/2021,12,2216,SONAIRA FERNANDES
PR 45/2021,13,2218,THAMMY MIRANDA
PR 45/2021,14,2220,DELEGADO PALUMBO
PR 45/2021,15,2222,CRIS MONTEIRO
PR 45/2021,16,2223,FELIPE BECARI
PR 45/2021,17,2224,SANDRA SANTANA
PR 46/2021,1,696,CARLOS BEZERRA JR.
PR 46/2021,2,2147,ISAC FÉLIX
PR 46/2021,3,2222,CRIS MONTEIRO
PR 46/2021,4,2224,SANDRA SANTANA
PR 47/2021,1,2150,ANDRÉ SANTOS
PR 48/2021,1,1635,DRA. SANDRA TADEU
PR 49/2021,1,2155,JANAÍNA LIMA
PR 50/2021,1,2185,CELSO GIANNAZI
PR 51/2021,1,155,ARSELINO TATTO
PR 51/2021,2,1349,SENIVAL MOURA
PR 51/2021,3,2146,GILBERTO NASCIMENTO
PR 51/2021,4,2147,ISAC FÉLIX
PR 51/2021,5,2150,ANDRÉ SANTOS
PR 51/2021,6,2152,RINALDI DIGILIO
PR 51/2021,7,2153,RODRIGO GOULART
PR 51/2021,8,2210,ELY TERUEL
PR 51/2021,9,2218,THAMMY MIRANDA
PR 51/2021,10,2224,SANDRA SANTANA
PR 52/2021,1,1999,PROFESSOR TONINHO VESPOLI
PR 53/2021,1,155,ARSELINO TATTO
PR 53/2021,2,187,GILSON BARRETO
PR 53/2021,3,1635,DRA. SANDRA TADEU
PR 53/2021,4,2213,FARIA DE SÁ
PR 54/2021,1,2205,LUANA ALVES
PR 55/2021,1,1349,SENIVAL MOURA
PR 55/2021,2,1634,JULIANA CARDOSO
PR 55/2021,3,2205,LUANA ALVES
PR 55/2021,4,2254,LUNA ZARATTINI
PR 1/2022,1,1634,JULIANA CARDOSO
PR 1/2022,2,2206,SILVIA DA BANCADA FEMINISTA
PR 1/2022,3,2207,ERIKA HILTON
PR 1/2022,4,2208,ELAINE DO QUILOMBO PERIFÉRICO
PR 2/2022,1,2213,FARIA DE SÁ
PR 2/2022,2,2221,ELI CORRÊA
PR 3/2022,1,2207,ERIKA HILTON
PR 4/2022,1,224,AURÉLIO NOMURA
PR 4/2022,2,676,ATÍLIO FRANCISCO
PR 4/2022,3,2147,ISAC FÉLIX
PR 4/2022,4,2150,ANDRÉ SANTOS
PR 4/2022,5,2152,RINALDI DIGILIO
PR 4/2022,6,2159,RUTE COSTA
PR 4/2022,7,2215,MARLON LUZ
PR 4/2022,8,2217,SANSÃO PEREIRA
PR 4/2022,9,2218,THAMMY MIRANDA
PR 4/2022,10,2221,ELI CORRÊA
PR 4/2022,11,2244,JORGE WILSON FILHO
PR 5/2022,1,676,ATÍLIO FRANCISCO
PR 5/2022,2,2147,ISAC FÉLIX
PR 5/2022,3,2150,ANDRÉ SANTOS
PR 5/2022,4,2159,RUTE COSTA
PR 5/2022,5,2215,MARLON LUZ
PR 5/2022,6,2217,SANSÃO PEREIRA
PR 5/2022,7,2221,ELI CORRÊA
PR 5/2022,8,2244,JORGE WILSON FILHO
PR 6/2022,1,2153,RODRIGO GOULART
PR 6/2022,2,2206,SILVIA DA BANCADA FEMINISTA
PR 7/2022,1,776,ELISEU GABRIEL
PR 8/2022,1,2145,FERNANDO HOLIDAY
PR 9/2022,1,224,AURÉLIO NOMURA
PR 10/2022,1,2213,FARIA DE SÁ
PR 11/2022,1,2243,DR. ADRIANO SANTOS
PR 11/2022,2,2244,JORGE WILSON FILHO
PR 12/2022,1,2155,JANAÍNA LIMA
PR 13/2022,1,1647,EDIR SALES
PR 14/2022,1,676,ATÍLIO FRANCISCO
PR 14/2022,2,2145,FERNANDO HOLIDAY
PR 14/2022,3,2146,GILBERTO NASCIMENTO
PR 14/2022,4,2147,ISAC FÉLIX
PR 14/2022,5,2150,ANDRÉ SANTOS
PR 14/2022,6,2152,RINALDI DIGILIO
PR 14/2022,7,2159,RUTE COSTA
PR 14/2022,8,2160,JOÃO JORGE
PR 14/2022,9,2210,ELY TERUEL
PR 14/2022,10,2215,MARLON LUZ
PR 14/2022,11,2217,SANSÃO PEREIRA
PR 14/2022,12,2219,MARCELO MESSIAS
PR 14/2022,13,2244,JORGE WILSON FILHO
PR 15/2022,1,2145,FERNANDO HOLIDAY
PR 16/2022,1,2197,"COMISSÃO EXTRAORDINÁRIA DE APOIO AO DESENVOLVIMENTO DO TURISMO, DO LAZER, DA GASTRONOMIA, DA HOSPITALIDADE E DOS EVENTOS"
PR 17/2022,1,1999,PROFESSOR TONINHO VESPOLI
PR 18/2022,1,224,AURÉLIO NOMURA
PR 19/2022,1,2219,MARCELO MESSIAS
PR 20/2022,1,160,EDUARDO MATARAZZO SUPLICY
PR 20/2022,2,1349,SENIVAL MOURA
PR 20/2022,3,1999,PROFESSOR TONINHO VESPOLI
PR 20/2022,4,2001,JAIR TATTO
PR 20/2022,5,2149,DANIEL ANNENBERG
PR 20/2022,6,2205,LUANA ALVES
PR 20/2022,7,2208,ELAINE DO QUILOMBO PERIFÉRICO
PR 21/2022,1,273,MILTON LEITE
PR 22/2022,1,2240,MESA DA CAMARA MUNICIPAL DE SAO PAULO
PR 23/2022,1,224,AURÉLIO NOMURA
PR 23/2022,2,676,ATÍLIO FRANCISCO
PR 23/2022,3,1349,SENIVAL MOURA
PR 23/2022,4,1635,DRA. SANDRA TADEU
PR 23/2022,5,1999,PROFESSOR TONINHO VESPOLI
PR 23/2022,6,2000,ALESSANDRO GUEDES
PR 23/2022,7,2001,JAIR TATTO
PR 23/2022,8,2152,RINALDI DIGILIO
PR 23/2022,9,2154,CAMILO CRISTÓFARO
PR 23/2022,10,2205,LUANA ALVES
PR 23/2022,11,2217,SANSÃO PEREIRA
PR 23/2022,12,2218,THAMMY MIRANDA
PR 23/2022,13,2221,ELI CORRÊA
PR 24/2022,1,1635,DRA. SANDRA TADEU
PR 1/2023,1,160,EDUARDO MATARAZZO SUPLICY
PR 1/2023,2,1349,SENIVAL MOURA
PR 1/2023,3,1947,REIS
PR 1/2023,4,1999,PROFESSOR TONINHO VESPOLI
PR 1/2023,5,2001,JAIR TATTO
PR 1/2023,6,2149,DANIEL ANNENBERG
PR 1/2023,7,2152,RINALDI DIGILIO
PR 1/2023,8,2180,MANOEL DEL RIO
PR 1/2023,9,2205,LUANA ALVES
PR 1/2023,10,2206,SILVIA DA BANCADA FEMINISTA
PR 1/2023,11,2208,ELAINE DO QUILOMBO PERIFÉRICO
PR 1/2023,12,2219,MARCELO MESSIAS
PR 1/2023,13,2254,LUNA ZARATTINI
PR 2/2023,1,776,ELISEU GABRIEL
PR 2/2023,2,1999,PROFESSOR TONINHO VESPOLI
PR 2/2023,3,2205,LUANA ALVES
PR 2/2023,4,2206,SILVIA DA BANCADA FEMINISTA
PR 2/2023,5,2208,ELAINE DO QUILOMBO PERIFÉRICO
PR 2/2023,6,2254,LUNA ZARATTINI
PR 3/2023,1,2154,CAMILO CRISTÓFARO
PR 4/2023,1,1349,SENIVAL MOURA
PR 5/2023,1,155,ARSELINO TATTO
PR 6/2023,1,2214,RUBINHO NUNES
PR 8/2023,1,2152,RINALDI DIGILIO
PR 8/2023,2,2154,CAMILO CRISTÓFARO
PR 9/2023,1,2210,ELY TERUEL
PR 9/2023,2,2224,SANDRA SANTANA
PR 9/2023,3,2250,CORONEL SALLES
PR 10/2023,1,1647,EDIR SALES
PR 11/2023,1,1349,SENIVAL MOURA
PR 11/2023,2,2000,ALESSANDRO GUEDES
PR 11/2023,3,2001,JAIR TATTO
PR 11/2023,4,2180,MANOEL DEL RIO
PR 12/2023,1,155,ARSELINO TATTO
PR 12/2023,2,776,ELISEU GABRIEL
PR 12/2023,3,1635,DRA. SANDRA TADEU
PR 12/2023,4,1999,PROFESSOR TONINHO VESPOLI
PR 12/2023,5,2000,ALESSANDRO GUEDES
PR 12/2023,6,2155,JANAÍNA LIMA
PR 12/2023,7,2158,XEXÉU TRIPOLI
PR 13/2023,1,2244,JORGE WILSON FILHO
PR 14/2023,1,2254,LUNA ZARATTINI
PR 15/2023,1,2206,SILVIA DA BANCADA FEMINISTA
PR 16/2023,1,2154,CAMILO CRISTÓFARO
PR 17/2023,1,1647,EDIR SALES
PR 18/2023,1,776,ELISEU GABRIEL
PR 18/2023,2,2279,SILVINHO LEITE
PR 19/2023,1,2205,LUANA ALVES
PR 20/2023,1,1647,EDIR SALES
PR 21/2023,1,2144,FABIO RIVA
PR 21/2023,2,2206,SILVIA DA BANCADA FEMINISTA
PR 21/2023,3,2210,ELY TERUEL
PR 22/2023,1,224,AURÉLIO NOMURA
PR 23/2023,1,2150,ANDRÉ SANTOS
PR 24/2023,1,2251,MESA DA CAMARA MUNICIPAL DE SAO PAULO
PR 25/2023,1,2214,RUBINHO NUNES
PR 26/2023,1,2224,SANDRA SANTANA
PR 27/2023,1,2185,CELSO GIANNAZI
PR 28/2023,1,187,GILSON BARRETO
PR 28/2023,2,224,AURÉLIO NOMURA
PR 28/2023,3,267,PAULO FRANGE
PR 28/2023,4,776,ELISEU GABRIEL
PR 28/2023,5,1487,RICARDO TEIXEIRA
PR 28/2023,6,1647,EDIR SALES
PR 28/2023,7,2131,RODOLFO DESPACHANTE
PR 28/2023,8,2144,FABIO RIVA
PR 28/2023,9,2147,ISAC FÉLIX
PR 28/2023,10,2152,RINALDI DIGILIO
PR 28/2023,11,2154,CAMILO CRISTÓFARO
PR 28/2023,12,2158,XEXÉU TRIPOLI
PR 28/2023,13,2159,RUTE COSTA
PR 28/2023,14,2185,CELSO GIANNAZI
PR 28/2023,15,2214,RUBINHO NUNES
PR 28/2023,16,2215,MARLON LUZ
PR 28/2023,17,2217,SANSÃO PEREIRA
PR 28/2023,18,2219,MARCELO MESSIAS
PR 28/2023,19,2221,ELI CORRÊA
PR 28/2023,20,2224,SANDRA SANTANA
PR 28/2023,21,2250,CORONEL SALLES
PR 28/2023,22,2254,LUNA ZARATTINI
PR 29/2023,1,2153,RODRIGO GOULART
PR 29/2023,2,2218,THAMMY MIRANDA
PR 30/2023,1,2248,JUSSARA BASSO
PR 31/2023,1,2208,ELAINE DO QUILOMBO PERIFÉRICO
PR 32/2023,1,776,ELISEU GABRIEL
PR 33/2023,1,2205,LUANA ALVES
PR 33/2023,2,2243,DR. ADRIANO SANTOS
PR 34/2023,1,2248,JUSSARA BASSO
PR 35/2023,1,2144,FABIO RIVA
PR 35/2023,2,2155,JANAÍNA LIMA
PR 36/2023,1,776,ELISEU GABRIEL
PR 37/2023,1,2205,LUANA ALVES
PR 38/2023,1,1487,RICARDO TEIXEIRA
PR 39/2023,1,1635,DRA. SANDRA TADEU
PR 40/2023,1,155,ARSELINO TATTO
PR 40/2023,2,1349,SENIVAL MOURA
PR 40/2023,3,2000,ALESSANDRO GUEDES
PR 40/2023,4,2001,JAIR TATTO
PR 40/2023,5,2180,MANOEL DEL RIO
PR 40/2023,6,2254,LUNA ZARATTINI
PR 40/2023,7,2255,JOÃO ANANIAS
PR 40/2023,8,2256,HÉLIO RODRIGUES
PR 41/2023,1,1487,RICARDO TEIXEIRA
PR 41/2023,2,2131,RODOLFO DESPACHANTE
PR 41/2023,3,2205,LUANA ALVES
PR 42/2023,1,2152,RINALDI DIGILIO
PR 43/2023,1,2219,MARCELO MESSIAS
PR 44/2023,1,2152,RINALDI DIGILIO
PR 45/2023,1,155,ARSELINO TATTO
PR 45/2023,2,176,ROBERTO TRÍPOLI
PR 45/2023,3,187,GILSON BARRETO
PR 45/2023,4,224,AURÉLIO NOMURA
PR 45/2023,5,267,PAULO FRANGE
PR 45/2023,6,273,MILTON LEITE
PR 45/2023,7,676,ATÍLIO FRANCISCO
PR 45/2023,8,776,ELISEU GABRIEL
PR 45/2023,9,1296,ADILSON AMADEU
PR 45/2023,10,1349,SENIVAL MOURA
PR 45/2023,11,1487,RICARDO TEIXEIRA
PR 45/2023,12,1635,DRA. SANDRA TADEU
PR 45/2023,13,1636,DR. MILTON FERREIRA
PR 45/2023,14,1647,EDIR SALES
PR 45/2023,15,1999,PROFESSOR TONINHO VESPOLI
PR 45/2023,16,2000,ALESSANDRO GUEDES
PR 45/2023,17,2001,JAIR TATTO
PR 45/2023,18,2131,RODOLFO DESPACHANTE
PR 45/2023,19,2144,FABIO RIVA
PR 45/2023,20,2145,FERNANDO HOLIDAY
PR 45/2023,21,2147,ISAC FÉLIX
PR 45/2023,22,2150,ANDRÉ SANTOS
PR 45/2023,23,2152,RINALDI DIGILIO
PR 45/2023,24,2153,RODRIGO GOULART
PR 45/2023,25,2155,JANAÍNA LIMA
PR 45/2023,26,2158,XEXÉU TRIPOLI
PR 45/2023,27,2159,RUTE COSTA
PR 45/2023,28,2160,JOÃO JORGE
PR 45/2023,29,2180,MANOEL DEL RIO
PR 45/2023,30,2185,CELSO GIANNAZI
PR 45/2023,31,2186,BETO DO SOCIAL
PR 45/2023,32,2205,LUANA ALVES
PR 45/2023,33,2206,SILVIA DA BANCADA FEMINISTA
PR 45/2023,34,2208,ELAINE DO QUILOMBO PERIFÉRICO
PR 45/2023,35,2209,DANILO DO POSTO DE SAÚDE
PR 45/2023,36,2210,ELY TERUEL
PR 45/2023,37,2211,SIDNEY CRUZ
PR 45/2023,38,2214,RUBINHO NUNES
PR 45/2023,39,2215,MARLON LUZ
PR 45/2023,40,2217,SANSÃO PEREIRA
PR 45/2023,41,2218,THAMMY MIRANDA
PR 45/2023,42,2219,MARCELO MESSIAS
PR 45/2023,43,2221,ELI CORRÊA
PR 45/2023,44,2222,CRIS MONTEIRO
PR 45/2023,45,2224,SANDRA SANTANA
PR 45/2023,46,2243,DR. ADRIANO SANTOS
PR 45/2023,47,2244,JORGE WILSON FILHO
PR 45/2023,48,2246,MAJOR PALUMBO
PR 45/2023,49,2248,JUSSARA BASSO
PR 45/2023,50,2249,NUNES PEIXEIRO
PR 45/2023,51,2250,CORONEL SALLES
PR 45/2023,52,2254,LUNA ZARATTINI
PR 45/2023,53,2255,JOÃO ANANIAS
PR 45/2023,54,2256,HÉLIO RODRIGUES
PR 45/2023,55,2260,ARMANDINHO FERREIRO
PR 46/2023,1,776,ELISEU GABRIEL
PR 48/2023,1,2131,RODOLFO DESPACHANTE
PR 48/2023,2,2150,ANDRÉ SANTOS
PR 48/2023,3,2219,MARCELO MESSIAS
PR 49/2023,1,273,MILTON LEITE
PR 49/2023,2,2208,ELAINE DO QUILOMBO PERIFÉRICO
PR 50/2023,1,776,ELISEU GABRIEL
PR 50/2023,2,2279,SILVINHO LEITE
PR 51/2023,1,2155,JANAÍNA LIMA
PR 52/2023,1,224,AURÉLIO NOMURA
PR 52/2023,2,936,NABIL BONDUKI
PR 52/2023,3,1349,SENIVAL MOURA
PR 52/2023,4,1999,PROFESSOR TONINHO VESPOLI
PR 52/2023,5,2001,JAIR TATTO
PR 52/2023,6,2180,MANOEL DEL RIO
PR 52/2023,7,2206,SILVIA DA BANCADA FEMINISTA
PR 52/2023,8,2243,DR. ADRIANO SANTOS
PR 52/2023,9,2248,JUSSARA BASSO
PR 52/2023,10,2255,JOÃO ANANIAS
PR 53/2023,1,1635,DRA. SANDRA TADEU
PR 54/2023,1,2251,MESA DA CAMARA MUNICIPAL DE SAO PAULO
PR 55/2023,1,1635,DRA. SANDRA TADEU
PR 56/2023,1,2155,JANAÍNA LIMA
PR 56/2023,2,2224,SANDRA SANTANA
PR 57/2023,1,2155,JANAÍNA LIMA
PR 1/2024,1,2000,ALESSANDRO GUEDES
PR 2/2024,1,2214,RUBINHO NUNES
PR 3/2024,1,776,ELISEU GABRIEL
PR 4/2024,1,2217,SANSÃO PEREIRA
PR 5/2024,1,2180,MANOEL DEL RIO
PR 6/2024,1,155,ARSELINO TATTO
PR 6/2024,2,224,AURÉLIO NOMURA
PR 6/2024,3,776,ELISEU GABRIEL
PR 6/2024,4,1349,SENIVAL MOURA
PR 6/2024,5,1999,PROFESSOR TONINHO VESPOLI
PR 6/2024,6,2001,JAIR TATTO
PR 6/2024,7,2144,FABIO RIVA
PR 6/2024,8,2180,MANOEL DEL RIO
PR 6/2024,9,2185,CELSO GIANNAZI
PR 6/2024,10,2205,LUANA ALVES
PR 6/2024,11,2206,SILVIA DA BANCADA FEMINISTA
PR 6/2024,12,2208,ELAINE DO QUILOMBO PERIFÉRICO
PR 6/2024,13,2211,SIDNEY CRUZ
PR 6/2024,14,2248,JUSSARA BASSO
PR 6/2024,15,2254,LUNA ZARATTINI
PR 6/2024,16,2255,JOÃO ANANIAS
PR 6/2024,17,2256,HÉLIO RODRIGUES
PR 7/2024,1,1647,EDIR SALES
PR 8/2024,1,2256,HÉLIO RODRIGUES
PR 9/2024,1,2216,SONAIRA FERNANDES
PR 9/2024,2,2219,MARCELO MESSIAS
PR 9/2024,3,2279,SILVINHO LEITE
PR 10/2024,1,2216,SONAIRA FERNANDES
PR 11/2024,1,2216,SONAIRA FERNANDES
PR 12/2024,1,2216,SONAIRA FERNANDES
PR 13/2024,1,2150,ANDRÉ SANTOS
PR 13/2024,2,2216,SONAIRA FERNANDES
PR 13/2024,3,2246,MAJOR PALUMBO
PR 13/2024,4,2279,SILVINHO LEITE
PR 14/2024,1,2216,SONAIRA FERNANDES
PR 15/2024,1,2146,GILBERTO NASCIMENTO
PR 16/2024,1,2248,JUSSARA BASSO
PR 17/2024,1,2255,JOÃO ANANIAS
PR 18/2024,1,1999,PROFESSOR TONINHO VESPOLI
PR 19/2024,1,2248,JUSSARA BASSO
PR 20/2024,1,273,MILTON LEITE
PR 20/2024,2,2208,ELAINE DO QUILOMBO PERIFÉRICO
PR 21/2024,1,2146,GILBERTO NASCIMENTO
PR 22/2024,1,2217,SANSÃO PEREIRA
PR 23/2024,1,2208,ELAINE DO QUILOMBO PERIFÉRICO
PR 24/2024,1,2206,SILVIA DA BANCADA FEMINISTA
PR 25/2024,1,2208,ELAINE DO QUILOMBO PERIFÉRICO
PR 26/2024,1,1647,EDIR SALES
PR 27/2024,1,2215,MARLON LUZ
PR 28/2024,1,776,ELISEU GABRIEL
PR 29/2024,1,2150,ANDRÉ SANTOS
PR 30/2024,1,2218,THAMMY MIRANDA
PR 31/2024,1,2216,SONAIRA FERNANDES
PR 32/2024,1,2147,ISAC FÉLIX
PR 33/2024,1,2263,MESA DA CAMARA MUNICIPAL DE SAO PAULO
PR 34/2024,1,2206,SILVIA DA BANCADA FEMINISTA
PR 35/2024,1,776,ELISEU GABRIEL
PR 35/2024,2,2278,KEIT LIMA
PR 36/2024,1,2263,MESA DA CAMARA MUNICIPAL DE SAO PAULO
PR 37/2024,1,2222,CRIS MONTEIRO
PR 1/2025,1,2206,SILVIA DA BANCADA FEMINISTA
PR 1/2025,2,2272,DHEISON SILVA
PR 1/2025,3,2276,SILVÃO LEITE
PR 2/2025,1,2272,DHEISON SILVA
PR 2/2025,2,2276,SILVÃO LEITE
PR 2/2025,3,2279,SILVINHO LEITE
PR 4/2025,1,2214,RUBINHO NUNES
PR 4/2025,2,2216,SONAIRA FERNANDES
PR 4/2025,3,2266,ADRILLES JORGE
PR 4/2025,4,2282,LUCAS PAVANATO
PR 5/2025,1,2282,LUCAS PAVANATO
PR 6/2025,1,776,ELISEU GABRIEL
PR 6/2025,2,2206,SILVIA DA BANCADA FEMINISTA
PR 7/2025,1,936,NABIL BONDUKI
PR 7/2025,2,1999,PROFESSOR TONINHO VESPOLI
PR 7/2025,3,2001,JAIR TATTO
PR 7/2025,4,2185,CELSO GIANNAZI
PR 7/2025,5,2205,LUANA ALVES
PR 7/2025,6,2206,SILVIA DA BANCADA FEMINISTA
PR 7/2025,7,2228,RENATA FALZONI
PR 7/2025,8,2255,JOÃO ANANIAS
PR 7/2025,9,2267,AMANDA PASCHOAL
PR 7/2025,10,2272,DHEISON SILVA
PR 7/2025,11,2278,KEIT LIMA
PR 8/2025,1,2266,ADRILLES JORGE
PR 8/2025,2,2268,AMANDA VETTORAZZO
PR 9/2025,1,2266,ADRILLES JORGE
PR 10/2025,1,2219,MARCELO MESSIAS
PR 10/2025,2,2224,SANDRA SANTANA
PR 11/2025,1,2224,SANDRA SANTANA
PR 12/2025,1,2206,SILVIA DA BANCADA FEMINISTA
PR 13/2025,1,2280,KENJI ITO
PR 14/2025,1,776,ELISEU GABRIEL
PR 15/2025,1,2266,ADRILLES JORGE
PR 16/2025,1,1635,DRA. SANDRA TADEU
PR 16/2025,2,1647,EDIR SALES
PR 16/2025,3,2159,RUTE COSTA
PR 16/2025,4,2205,LUANA ALVES
PR 16/2025,5,2206,SILVIA DA BANCADA FEMINISTA
PR 16/2025,6,2210,ELY TERUEL
PR 16/2025,7,2224,SANDRA SANTANA
PR 16/2025,8,2228,RENATA FALZONI
PR 16/2025,9,2254,LUNA ZARATTINI
PR 16/2025,10,2267,AMANDA PASCHOAL
PR 16/2025,11,2268,AMANDA VETTORAZZO
PR 16/2025,12,2269,MARINA BRAGANTE
PR 16/2025,13,2270,PASTORA SANDRA ALVES
PR 16/2025,14,2271,ANA CAROLINA OLIVEIRA
PR 16/2025,15,2277,JANAINA PASCHOAL
PR 16/2025,16,2278,KEIT LIMA
PR 16/2025,17,2281,SIMONE GANEM
PR 16/2025,18,2283,ZOE MARTÍNEZ
PR 17/2025,1,2270,PASTORA SANDRA ALVES
PR 18/2025,1,2274,SARGENTO NANTES
PR 19/2025,1,2218,THAMMY MIRANDA
PR 19/2025,2,2271,ANA CAROLINA OLIVEIRA
PR 20/2025,1,2216,SONAIRA FERNANDES
PR 20/2025,2,2282,LUCAS PAVANATO
PR 21/2025,1,2277,JANAINA PASCHOAL
PR 22/2025,1,2274,SARGENTO NANTES
PR 23/2025,1,2256,HÉLIO RODRIGUES
PR 24/2025,1,2269,MARINA BRAGANTE
PR 25/2025,1,2206,SILVIA DA BANCADA FEMINISTA
PR 25/2025,2,2219,MARCELO MESSIAS
PR 25/2025,3,2279,SILVINHO LEITE
PR 26/2025,1,1647,EDIR SALES
PR 27/2025,1,696,CARLOS BEZERRA JR.
PR 28/2025,1,2219,MARCELO MESSIAS
PR 29/2025,1,936,NABIL BONDUKI
PR 29/2025,2,2228,RENATA FALZONI
PR 29/2025,3,2269,MARINA BRAGANTE
PR 30/2025,1,1999,PROFESSOR TONINHO VESPOLI
PR 31/2025,1,2267,AMANDA PASCHOAL
PR 32/2025,1,2217,SANSÃO PEREIRA
PR 33/2025,1,2217,SANSÃO PEREIRA
PR 34/2025,1,2278,KEIT LIMA
PR 35/2025,1,2267,AMANDA PASCHOAL
PR 36/2025,1,2219,MARCELO MESSIAS
PR 36/2025,2,2246,MAJOR PALUMBO
PR 36/2025,3,2268,AMANDA VETTORAZZO
PR 36/2025,4,2274,SARGENTO NANTES
PR 37/2025,1,1635,DRA. SANDRA TADEU
PR 37/2025,2,2205,LUANA ALVES
PR 37/2025,3,2206,SILVIA DA BANCADA FEMINISTA
PR 37/2025,4,2228,RENATA FALZONI
PR 37/2025,5,2254,LUNA ZARATTINI
PR 37/2025,6,2267,AMANDA PASCHOAL
PR 37/2025,7,2269,MARINA BRAGANTE
PR 37/2025,8,2278,KEIT LIMA
PR 38/2025,1,2205,LUANA ALVES
PR 39/2025,1,2280,KENJI ITO
PR 40/2025,1,2269,MARINA BRAGANTE
PR 41/2025,1,1989,GEORGE HATO
PR 41/2025,2,2280,KENJI ITO
PR 42/2025,1,2219,MARCELO MESSIAS
PR 43/2025,1,2266,ADRILLES JORGE
PR 43/2025,2,2268,AMANDA VETTORAZZO
PR 44/2025,1,2255,JOÃO ANANIAS
PR 45/2025,1,2219,MARCELO MESSIAS
PR 46/2025,1,1487,RICARDO TEIXEIRA
PR 46/2025,2,1635,DRA. SANDRA TADEU
PR 46/2025,3,2205,LUANA ALVES
PR 46/2025,4,2206,SILVIA DA BANCADA FEMINISTA
PR 46/2025,5,2210,ELY TERUEL
PR 46/2025,6,2216,SONAIRA FERNANDES
PR 46/2025,7,2222,CRIS MONTEIRO
PR 46/2025,8,2224,SANDRA SANTANA
PR 46/2025,9,2228,RENATA FALZONI
PR 46/2025,10,2267,AMANDA PASCHOAL
PR 46/2025,11,2268,AMANDA VETTORAZZO
PR 46/2025,12,2270,PASTORA SANDRA ALVES
PR 46/2025,13,2271,ANA CAROLINA OLIVEIRA
PR 46/2025,14,2277,JANAINA PASCHOAL
PR 46/2025,15,2278,KEIT LIMA
PR 46/2025,16,2281,SIMONE GANEM
PR 47/2025,1,60,"COMISSÃO DE TRÂNSITO, TRANSPORTE, MOBILIDADE URBANA E ATIVIDADE ECONÔMICA"
PR 48/2025,1,1635,DRA. SANDRA TADEU
PR 49/2025,1,2255,JOÃO ANANIAS
PR 49/2025,2,2279,SILVINHO LEITE
PR 50/2025,1,2160,JOÃO JORGE
PR 50/2025,2,2277,JANAINA PASCHOAL
PR 51/2025,1,2144,FABIO RIVA
PR 51/2025,2,2274,SARGENTO NANTES
PR 52/2025,1,2284,MESA DA CAMARA MUNICIPAL DE SAO PAULO
PR 53/2025,1,2217,SANSÃO PEREIRA
PR 54/2025,1,2217,SANSÃO PEREIRA
PR 54/2025,2,2276,SILVÃO LEITE
PR 54/2025,3,2277,JANAINA PASCHOAL
PR 55/2025,1,2206,SILVIA DA BANCADA FEMINISTA
PR 56/2025,1,936,NABIL BONDUKI
PR 56/2025,2,1349,SENIVAL MOURA
PR 56/2025,3,1999,PROFESSOR TONINHO VESPOLI
PR 56/2025,4,2000,ALESSANDRO GUEDES
PR 56/2025,5,2144,FABIO RIVA
PR 56/2025,6,2205,LUANA ALVES
PR 56/2025,7,2206,SILVIA DA BANCADA FEMINISTA
PR 56/2025,8,2217,SANSÃO PEREIRA
PR 56/2025,9,2218,THAMMY MIRANDA
PR 56/2025,10,2224,SANDRA SANTANA
PR 56/2025,11,2276,SILVÃO LEITE
PR 56/2025,12,2277,JANAINA PASCHOAL
PR 57/2025,1,1636,DR. MILTON FERREIRA
PR 57/2025,2,2210,ELY TERUEL
PR 57/2025,3,2270,PASTORA SANDRA ALVES
PR 57/2025,4,2271,ANA CAROLINA OLIVEIRA
PR 57/2025,5,2279,SILVINHO LEITE
PR 58/2025,1,2246,MAJOR PALUMBO
PR 59/2025,1,2279,SILVINHO LEITE
PR 60/2025,1,2255,JOÃO ANANIAS
PR 60/2025,2,2272,DHEISON SILVA
PR 60/2025,3,2278,KEIT LIMA
PR 61/2025,1,2255,JOÃO ANANIAS
PR 61/2025,2,2272,DHEISON SILVA
PR 61/2025,3,2278,KEIT LIMA
PR 62/2025,1,1999,PROFESSOR TONINHO VESPOLI
PR 62/2025,2,2185,CELSO GIANNAZI
PR 62/2025,3,2205,LUANA ALVES
PR 62/2025,4,2206,SILVIA DA BANCADA FEMINISTA
PR 62/2025,5,2267,AMANDA PASCHOAL
PR 62/2025,6,2278,KEIT LIMA
PR 63/2025,1,2254,LUNA ZARATTINI
PR 64/2025,1,2276,SILVÃO LEITE
PR 64/2025,2,2278,KEIT LIMA
PR 65/2025,1,2217,SANSÃO PEREIRA
PR 65/2025,2,2218,THAMMY MIRANDA
PR 65/2025,3,2276,SILVÃO LEITE
PR 65/2025,4,2279,SILVINHO LEITE
PR 66/2025,1,2185,CELSO GIANNAZI
PR 67/2025,1,2185,CELSO GIANNAZI
PR 68/2025,1,936,NABIL BONDUKI
PR 68/2025,2,1349,SENIVAL MOURA
PR 68/2025,3,2000,ALESSANDRO GUEDES
PR 68/2025,4,2001,JAIR TATTO
PR 68/2025,5,2254,LUNA ZARATTINI
PR 68/2025,6,2255,JOÃO ANANIAS
PR 68/2025,7,2256,HÉLIO RODRIGUES
PR 68/2025,8,2272,DHEISON SILVA
PR 69/2025,1,2275,GABRIEL ABREU
PR 70/2025,1,2218,THAMMY MIRANDA
PR 70/2025,2,2271,ANA CAROLINA OLIVEIRA
PR 70/2025,3,2276,SILVÃO LEITE
PR 71/2025,1,2255,JOÃO ANANIAS
PR 72/2025,1,267,PAULO FRANGE
PR 72/2025,2,696,CARLOS BEZERRA JR.
PR 72/2025,3,776,ELISEU GABRIEL
PR 72/2025,4,936,NABIL BONDUKI
PR 72/2025,5,1349,SENIVAL MOURA
PR 72/2025,6,1999,PROFESSOR TONINHO VESPOLI
PR 72/2025,7,2000,ALESSANDRO GUEDES
PR 72/2025,8,2001,JAIR TATTO
PR 72/2025,9,2185,CELSO GIANNAZI
PR 72/2025,10,2206,SILVIA DA BANCADA FEMINISTA
PR 72/2025,11,2228,RENATA FALZONI
PR 72/2025,12,2255,JOÃO ANANIAS
PR 72/2025,13,2269,MARINA BRAGANTE
PR 72/2025,14,2272,DHEISON SILVA
PR 72/2025,15,2273,DR. MURILLO LIMA
PR 72/2025,16,2277,JANAINA PASCHOAL
PR 72/2025,17,2278,KEIT LIMA
PR 73/2025,1,2267,AMANDA PASCHOAL
PR 74/2025,1,2283,ZOE MARTÍNEZ
PR 75/2025,1,2214,RUBINHO NUNES
PR 76/2025,1,2216,SONAIRA FERNANDES
PR 77/2025,1,2218,THAMMY MIRANDA
PR 78/2025,1,2267,AMANDA PASCHOAL
PR 79/2025,1,2206,SILVIA DA BANCADA FEMINISTA
PR 80/2025,1,1635,DRA. SANDRA TADEU
PR 80/2025,2,2218,THAMMY MIRANDA
PR 80/2025,3,2224,SANDRA SANTANA
PR 81/2025,1,2206,SILVIA DA BANCADA FEMINISTA
PR 82/2025,1,2206,SILVIA DA BANCADA FEMINISTA
PR 83/2025,1,2246,MAJOR PALUMBO
PR 84/2025,1,2284,MESA DA CAMARA MUNICIPAL DE SAO PAULO
PR 85/2025,1,2278,KEIT LIMA
PR 86/2025,1,2185,CELSO GIANNAZI
PR 87/2025,1,2256,HÉLIO RODRIGUES
PR 88/2025,1,2280,KENJI ITO
PR 89/2025,1,1635,DRA. SANDRA TADEU
PR 90/2025,1,2217,SANSÃO PEREIRA
PR 90/2025,2,2279,SILVINHO LEITE
PR 91/2025,1,2205,LUANA ALVES
PR 92/2025,1,1999,PROFESSOR TONINHO VESPOLI
PR 93/2025,1,1635,DRA. SANDRA TADEU
PR 94/2025,1,2284,MESA DA CAMARA MUNICIPAL DE SAO PAULO
PR 95/2025,1,2278,KEIT LIMA
PR 96/2025,1,2224,SANDRA SANTANA
PR 96/2025,2,2276,SILVÃO LEITE
PR 96/2025,3,2279,SILVINHO LEITE
PR 97/2025,1,2185,CELSO GIANNAZI
PR 98/2025,1,936,NABIL BONDUKI
PR 98/2025,2,1349,SENIVAL MOURA
PR 98/2025,3,2000,ALESSANDRO GUEDES
PR 98/2025,4,2001,JAIR TATTO
PR 98/2025,5,2254,LUNA ZARATTINI
PR 98/2025,6,2255,JOÃO ANANIAS
PR 98/2025,7,2256,HÉLIO RODRIGUES
PR 98/2025,8,2272,DHEISON SILVA
PR 99/2025,1,2277,JANAINA PASCHOAL
PR 100/2025,1,936,NABIL BONDUKI
PR 101/2025,1,1647,EDIR SALES
PR 102/2025,1,2279,SILVINHO LEITE
PR 1/2026,1,2279,SILVINHO LEITE
PR 2/2026,1,936,NABIL BONDUKI
PR 3/2026,1,2246,MAJOR PALUMBO
PR 4/2026,1,2216,SONAIRA FERNANDES
PR 5/2026,1,2254,LUNA ZARATTINI
PR 7/2026,1,2147,ISAC FÉLIX
PR 8/2026,1,2150,ANDRÉ SANTOS
PR 9/2026,1,2270,PASTORA SANDRA ALVES
PR 10/2026,1,2254,LUNA ZARATTINI
PR 11/2026,1,1349,SENIVAL MOURA
PR 12/2026,1,2210,ELY TERUEL
PR 13/2026,1,2228,RENATA FALZONI
PR 14/2026,1,2205,LUANA ALVES
PR 15/2026,1,2279,SILVINHO LEITE
PR 16/2026,1,2289,MESA DA CAMARA MUNICIPAL DE SAO PAULO
PR 17/2026,1,776,ELISEU GABRIEL
PR 18/2026,1,776,ELISEU GABRIEL
PR 19/2026,1,2282,LUCAS PAVANATO
PR 20/2026,1,1999,PROFESSOR TONINHO VESPOLI
PR 21/2026,1,2277,JANAINA PASCHOAL
PR 22/2026,1,2278,KEIT LIMA
PR 23/2026,1,776,ELISEU GABRIEL
PR 24/2026,1,776,ELISEU GABRIEL
PR 25/2026,1,2254,LUNA ZARATTINI
PR 26/2026,1,2205,LUANA ALVES
PR 27/2026,1,776,ELISEU GABRIEL
PR 28/2026,1,2246,MAJOR PALUMBO
RDP 8/2019,1,224,AURÉLIO NOMURA
RDP 9/2019,1,2000,ALESSANDRO GUEDES
RDP 10/2019,1,268,DALTON SILVANO
RDP 11/2019,1,187,GILSON BARRETO
RDP 12/2019,1,1349,SENIVAL MOURA
RDP 13/2019,1,776,ELISEU GABRIEL
RDP 14/2019,1,1647,EDIR SALES
RDP 2/2020,1,224,AURÉLIO NOMURA
RDP 3/2020,1,2000,ALESSANDRO GUEDES
RDP 4/2020,1,268,DALTON SILVANO
RDP 5/2020,1,187,GILSON BARRETO
RDP 6/2020,1,1349,SENIVAL MOURA
RDP 7/2020,1,776,ELISEU GABRIEL
RDP 8/2020,1,1647,EDIR SALES
RDP 10/2021,1,187,GILSON BARRETO
RDP 11/2021,1,2001,JAIR TATTO
RDP 17/2021,1,696,CARLOS BEZERRA JR.
RDP 18/2021,1,776,ELISEU GABRIEL
RDP 19/2021,1,2223,FELIPE BECARI
RDP 20/2021,1,1349,SENIVAL MOURA
RDP 21/2021,1,267,PAULO FRANGE
RDP 1/2022,1,776,ELISEU GABRIEL
RDP 2/2022,1,267,PAULO FRANGE
RDP 3/2022,1,2001,JAIR TATTO
RDP 4/2022,1,1349,SENIVAL MOURA
RDP 5/2022,1,187,GILSON BARRETO
REC 65/2012,1,268,DALTON SILVANO
REC 12/2015,1,187,GILSON BARRETO
REC 12/2015,2,224,AURÉLIO NOMURA
REC 12/2015,3,1300,CLAUDINHO DE SOUZA
REC 12/2015,4,1310,ADOLFO QUINTAS
REC 12/2015,5,1667,ANIBAL DE FREITAS FILHO
REC 12/2015,6,1768,SALOMÃO PEREIRA
REC 12/2015,7,1932,MARIO COVAS NETO
REC 12/2015,8,1994,ANDREA MATARAZZO
REC 12/2015,9,1996,EDUARDO TUMA
REC 71/2016,1,1635,DRA. SANDRA TADEU
REC 36/2018,1,1999,PROFESSOR TONINHO VESPOLI
REC 42/2018,1,1999,PROFESSOR TONINHO VESPOLI
REC 18/2019,1,1319,SONINHA FRANCINE
REC 26/2019,1,2145,FERNANDO HOLIDAY
REC 2/2021,1,2216,SONAIRA FERNANDES
REC 6/2021,1,2213,FARIA DE SÁ
REC 17/2021,1,1634,JULIANA CARDOSO
REC 26/2021,1,2185,CELSO GIANNAZI
RPP 7/2018,1,273,MILTON LEITE
RPP 2/2022,1,2259,CORREGEDORIA
RSC 2/2014,1,1296,ADILSON AMADEU
RSC 1/2016,1,224,AURÉLIO NOMURA
RSC 2/2016,1,1305,POLICE
RSC 1/2017,1,1305,POLICE
RSC 2/2017,1,2161,RODRIGO GOMES
RSC 3/2017,1,224,AURÉLIO NOMURA
RSC 4/2017,1,2000,ALESSANDRO GUEDES
RSC 5/2017,1,1999,PROFESSOR TONINHO VESPOLI
RSC 6/2017,1,1990,RICARDO NUNES
RSC 3/2018,1,1296,ADILSON AMADEU
RSC 5/2018,1,1932,MARIO COVAS NETO
RSC 1/2019,1,2000,ALESSANDRO GUEDES
RSC 2/2019,1,1319,SONINHA FRANCINE
RSC 2/2019,2,2000,ALESSANDRO GUEDES
RSC 5/2019,1,224,AURÉLIO NOMURA
RSC 1/2020,1,1311,ANTONIO DONATO
RSC 2/2021,1,2001,JAIR TATTO
RSC 1/2022,1,57,COMISSÃO DE FINANÇAS E ORÇAMENTO
RSC 1/2023,1,57,COMISSÃO DE FINANÇAS E ORÇAMENTO
RSC 2/2023,1,57,COMISSÃO DE FINANÇAS E ORÇAMENTO
RSC 1/2024,1,2147,ISAC FÉLIX
RSC 1/2025,1,2001,JAIR TATTO
RSC 2/2025,1,2001,JAIR TATTO
RSC 3/2025,1,1349,SENIVAL MOURA
